ABOs,Original P4 CTS URN,Perseus Abbreviation,Language,Perseus text ID,Authors,Work,"Other Abbreviations (LSJ, OCD, etc)",Notes
"Perseus:abo:tlg,0003,001",urn:cts:greekLit:tlg0001.tlg001.perseus-grc1,A. R,Greek,Perseus:text:1999.01.0227,Apollonius Rhodius,Argonautica,A.R.,
"Perseus:abo:tlg,0003,001",urn:cts:greekLit:tlg0003.tlg001.perseus-eng1,Thuc.,English,Perseus:text:1999.01.0247,Thucydides,History of the Peloponnesian War,Th.,
"Perseus:abo:tlg,0003,001",urn:cts:greekLit:tlg0003.tlg001.perseus-eng2,Thuc.,English,Perseus:text:1999.04.0105,Thucydides,History of the Peloponnesian War,Th.,
"Perseus:abo:tlg,0003,001",urn:cts:greekLit:tlg0003.tlg001.perseus-eng3,Thuc.,English,Perseus:text:1999.01.0200,Thucydides,The Peloponnesian War,Th.,
"Perseus:abo:tlg,0003,001",urn:cts:greekLit:tlg0003.tlg001.perseus-grc1,Thuc.,Greek,Perseus:text:1999.01.0199,Thucydides,De bello Peloponnesiaco ,Th.,
"Perseus:abo:tlg,0004,001",urn:cts:greekLit:tlg0004.tlg001.perseus-eng1,D. L.,English,Perseus:text:1999.01.0258,Diogenes Laertius,Lives of Eminent Philosophers,Diog. Laert.,
"Perseus:abo:tlg,0004,001",urn:cts:greekLit:tlg0004.tlg001.perseus-grc1,D. L.,Greek,Perseus:text:1999.01.0257,Diogenes Laertius,Vitae Philosophorum,Diog. Laert.,
"Perseus:abo:tlg,0005,001",urn:cts:greekLit:tlg0005.tlg001.perseus-grc1,Theoc. Id.,Greek,Perseus:text:1999.01.0228:text=Id.,Theocritus,Idyllia,Theoc.Beren.,
"Perseus:abo:tlg,0005,002",urn:cts:greekLit:tlg0005.tlg002.perseus-grc1,Theoc. Ep.,Greek,Perseus:text:1999.01.0228:text=Ep.,Theocritus,Epigrammata,Theoc.Ep.,
"Perseus:abo:tlg,0006,001",urn:cts:greekLit:tlg0006.tlg001.perseus-eng1,Eur. Cycl.,English,Perseus:text:1999.01.0094,Euripides,Cyclops,E.Cyc.,
"Perseus:abo:tlg,0006,001",urn:cts:greekLit:tlg0006.tlg001.perseus-grc1,Eur. Cycl.,Greek,Perseus:text:1999.01.0093,Euripides,Cyclops,E.Cyc.,
"Perseus:abo:tlg,0006,002",urn:cts:greekLit:tlg0006.tlg002.perseus-eng1,Eur. Alc.,English,Perseus:text:1999.01.0088,Euripides,Alcestis,E.Alc.,
"Perseus:abo:tlg,0006,002",urn:cts:greekLit:tlg0006.tlg002.perseus-grc1,Eur. Alc.,Greek,Perseus:text:1999.01.0087,Euripides,Alcestis,E.Alc.,
"Perseus:abo:tlg,0006,003",urn:cts:greekLit:tlg0006.tlg003.perseus-eng1,Eur. Med.,English,Perseus:text:1999.01.0114,Euripides,Medea,E.Med.,
"Perseus:abo:tlg,0006,003",urn:cts:greekLit:tlg0006.tlg003.perseus-grc1,Eur. Med.,Greek,Perseus:text:1999.01.0113,Euripides,Medea,E.Med.,
"Perseus:abo:tlg,0006,004",urn:cts:greekLit:tlg0006.tlg004.perseus-eng1,Eur. Heraclid.,English,Perseus:text:1999.01.0104,Euripides,Heracleidae,E.Heracl.,
"Perseus:abo:tlg,0006,004",urn:cts:greekLit:tlg0006.tlg004.perseus-grc1,Eur. Heraclid.,Greek,Perseus:text:1999.01.0103,Euripides,Heracleidae,E.Heracl.,
"Perseus:abo:tlg,0006,005",urn:cts:greekLit:tlg0006.tlg005.perseus-eng1,Eur. Hipp.,English,Perseus:text:1999.01.0106,Euripides,Hippolytus,E.Hipp.,
"Perseus:abo:tlg,0006,005",urn:cts:greekLit:tlg0006.tlg005.perseus-grc1,Eur. Hipp.,Greek,Perseus:text:1999.01.0105,Euripides,Hippolytus,E.Hipp.,
"Perseus:abo:tlg,0006,006",urn:cts:greekLit:tlg0006.tlg006.perseus-eng1,Eur. Andr.,English,Perseus:text:1999.01.0090,Euripides,Andromache,E.Andr.,
"Perseus:abo:tlg,0006,006",urn:cts:greekLit:tlg0006.tlg006.perseus-grc1,Eur. Andr.,Greek,Perseus:text:1999.01.0089,Euripides,Andromache,E.Andr.,
"Perseus:abo:tlg,0006,007",urn:cts:greekLit:tlg0006.tlg007.perseus-eng1,Eur. Hec.,English,Perseus:text:1999.01.0098,Euripides,Hecuba,E.Hec.,
"Perseus:abo:tlg,0006,007",urn:cts:greekLit:tlg0006.tlg007.perseus-grc1,Eur. Hec.,Greek,Perseus:text:1999.01.0097,Euripides,Hecuba,E.Hec.,
"Perseus:abo:tlg,0006,008",urn:cts:greekLit:tlg0006.tlg008.perseus-eng1,Eur. Supp.,English,Perseus:text:1999.01.0122,Euripides,The Suppliants,E.Supp.,
"Perseus:abo:tlg,0006,008",urn:cts:greekLit:tlg0006.tlg008.perseus-grc1,Eur. Supp.,Greek,Perseus:text:1999.01.0121,Euripides,Supplices,E.Supp.,
"Perseus:abo:tlg,0006,009",urn:cts:greekLit:tlg0006.tlg009.perseus-eng1,Eur. Her.,English,Perseus:text:1999.01.0102,Euripides,Heracles,E.HF,
"Perseus:abo:tlg,0006,009",urn:cts:greekLit:tlg0006.tlg009.perseus-grc1,Eur. Her.,Greek,Perseus:text:1999.01.0101,Euripides,Heracles,E.HF,
"Perseus:abo:tlg,0006,010",urn:cts:greekLit:tlg0006.tlg010.perseus-eng1,Eur. Ion,English,Perseus:text:1999.01.0110,Euripides,Ion,E.Ion,
"Perseus:abo:tlg,0006,010",urn:cts:greekLit:tlg0006.tlg010.perseus-grc1,Eur. Ion,Greek,Perseus:text:1999.01.0109,Euripides,Ion,E.Ion,
"Perseus:abo:tlg,0006,011",urn:cts:greekLit:tlg0006.tlg011.perseus-eng1,Eur. Tro.,English,Perseus:text:1999.01.0124,Euripides,The Trojan Women,E.Tr.,
"Perseus:abo:tlg,0006,011",urn:cts:greekLit:tlg0006.tlg011.perseus-grc1,Eur. Tro.,Greek,Perseus:text:1999.01.0123,Euripides,Troiades,E.Tr.,
"Perseus:abo:tlg,0006,012",urn:cts:greekLit:tlg0006.tlg012.perseus-eng1,Eur. El.,English,Perseus:text:1999.01.0096,#REF!,Electra,E.El.,
"Perseus:abo:tlg,0006,012",urn:cts:greekLit:tlg0006.tlg012.perseus-grc1,Eur. El.,Greek,Perseus:text:1999.01.0095,Euripides,Electra,E.El.,
"Perseus:abo:tlg,0006,013",urn:cts:greekLit:tlg0006.tlg013.perseus-eng1,Eur. IT,English,Perseus:text:1999.01.0112,Euripides,Iphigenia in Tauris,E.IT,
"Perseus:abo:tlg,0006,013",urn:cts:greekLit:tlg0006.tlg013.perseus-grc1,Eur. IT,Greek,Perseus:text:1999.01.0111,Euripides,Iphigenia Taurica,E.IT,
"Perseus:abo:tlg,0006,014",urn:cts:greekLit:tlg0006.tlg014.perseus-eng1,Eur. Hel.,English,Perseus:text:1999.01.0100,Euripides,Helen,E.Hel.,
"Perseus:abo:tlg,0006,014",urn:cts:greekLit:tlg0006.tlg014.perseus-grc1,Eur. Hel.,Greek,Perseus:text:1999.01.0099,Euripides,Helen,E.Hel.,
"Perseus:abo:tlg,0006,015",urn:cts:greekLit:tlg0006.tlg015.perseus-eng1,Eur. Phoen.,English,Perseus:text:1999.01.0118,Euripides,Phoenissae,E.Ph.,
"Perseus:abo:tlg,0006,015",urn:cts:greekLit:tlg0006.tlg015.perseus-grc1,Eur. Phoen.,Greek,Perseus:text:1999.01.0117,Euripides,Phoenissae,E.Ph.,
"Perseus:abo:tlg,0006,016",urn:cts:greekLit:tlg0006.tlg016.perseus-eng1,Eur. Orest.,English,Perseus:text:1999.01.0116,Euripides,Orestes,E.Or.,
"Perseus:abo:tlg,0006,016",urn:cts:greekLit:tlg0006.tlg016.perseus-grc1,Eur. Orest.,Greek,Perseus:text:1999.01.0115,Euripides,Orestes,E.Or.,
"Perseus:abo:tlg,0006,017",urn:cts:greekLit:tlg0006.tlg017.perseus-eng1,Eur. Ba.,English,Perseus:text:1999.01.0092,Euripides,Bacchae,E.Ba.,
"Perseus:abo:tlg,0006,017",urn:cts:greekLit:tlg0006.tlg017.perseus-grc1,Eur. Ba.,Greek,Perseus:text:1999.01.0091,Euripides,Bacchae,E.Ba.,
"Perseus:abo:tlg,0006,018",urn:cts:greekLit:tlg0006.tlg018.perseus-eng1,Eur. IA,English,Perseus:text:1999.01.0108,Euripides,Iphigenia in Aulis,E.IA,
"Perseus:abo:tlg,0006,018",urn:cts:greekLit:tlg0006.tlg018.perseus-grc1,Eur. IA,Greek,Perseus:text:1999.01.0107,Euripides,Iphigenia Aulidensis,E.IA,
"Perseus:abo:tlg,0006,019",urn:cts:greekLit:tlg0006.tlg019.perseus-eng1,Eur. Rh.,English,Perseus:text:1999.01.0120,Euripides,Rhesus,E.Rh.,
"Perseus:abo:tlg,0006,019",urn:cts:greekLit:tlg0006.tlg019.perseus-eng2,Eur. Rh.,English,Perseus:text:1999.01.0238,Euripides,Rhesus,E.Rh.,
"Perseus:abo:tlg,0006,019",urn:cts:greekLit:tlg0006.tlg019.perseus-grc1,Eur. Rh.,Greek,Perseus:text:1999.01.0119,Euripides,Rhesus,E.Rh.,
"Perseus:abo:tlg,0007,001",urn:cts:greekLit:tlg0007.tlg001.perseus-eng2,Plut. Thes.,English,Perseus:text:2008.01.0067,Plutarch,Theseus,Plu. Thes.,
"Perseus:abo:tlg,0007,001",urn:cts:greekLit:tlg0007.tlg001.perseus-grc1,Plut. Thes.,Greek,Perseus:text:2008.01.0075,Plutarch,Theseus,Plu. Thes.,
"Perseus:abo:tlg,0007,002",urn:cts:greekLit:tlg0007.tlg002.perseus-eng1,Plut. Rom.,English,Perseus:text:2008.01.0061,Plutarch,Romulus,Plu. Rom.,
"Perseus:abo:tlg,0007,002",urn:cts:greekLit:tlg0007.tlg002.perseus-grc1,Plut. Rom.,Greek,Perseus:text:2008.01.0079,Plutarch,Romulus,Plu. Rom.,
"Perseus:abo:tlg,0007,003",urn:cts:greekLit:tlg0007.tlg003.perseus-eng1,Plut. Comp. Thes. Rom.,English,Perseus:text:2008.01.0035,Plutarch,Comparison of Theseus and Romulus,Plu. Comp. Thes. Rom.,
"Perseus:abo:tlg,0007,003",urn:cts:greekLit:tlg0007.tlg003.perseus-grc1,Plut. Comp. Thes. Rom.,Greek,Perseus:text:2008.01.0107,Plutarch,Comparison of Theseus and Romulus,Plu. Comp. Thes. Rom.,
"Perseus:abo:tlg,0007,004",urn:cts:greekLit:tlg0007.tlg004.perseus-eng1,Plut. Lyc.,English,Perseus:text:2008.01.0047,Plutarch,Lycurgus,Plu. Lyc.,
"Perseus:abo:tlg,0007,004",urn:cts:greekLit:tlg0007.tlg004.perseus-grc1,Plut. Lyc.,Greek,Perseus:text:2008.01.0131,Plutarch,Lycurgus,Plu. Lyc.,
"Perseus:abo:tlg,0007,005",urn:cts:greekLit:tlg0007.tlg005.perseus-eng1,Plut. Num.,English,Perseus:text:2008.01.0052,Plutarch,Numa,Plu. Num.,
"Perseus:abo:tlg,0007,005",urn:cts:greekLit:tlg0007.tlg005.perseus-grc1,Plut. Num.,Greek,Perseus:text:2008.01.0133,Plutarch,Numa,Plu. Num.,
"Perseus:abo:tlg,0007,006",urn:cts:greekLit:tlg0007.tlg006.perseus-eng1,Plut. Comp. Lyc. Num.,English,Perseus:text:2008.01.0027,Plutarch,Comparison of Lycurgus and Numa,Plu. Comp. Lyc. Num.,
"Perseus:abo:tlg,0007,006",urn:cts:greekLit:tlg0007.tlg006.perseus-grc1,Plut. Comp. Lyc. Num.,Greek,Perseus:text:2008.01.0099,Plutarch,Comparison of Lycurgus and Numa,Plu. Comp. Lyc. Num.,
"Perseus:abo:tlg,0007,007",urn:cts:greekLit:tlg0007.tlg007.perseus-eng1,Plut. Sol.,English,Perseus:text:2008.01.0063,Plutarch,Solon,Plu. Sol.,
"Perseus:abo:tlg,0007,007",urn:cts:greekLit:tlg0007.tlg007.perseus-grc1,Plut. Sol.,Greek,Perseus:text:2008.01.0073,Plutarch,Solon,Plu. Sol.,
"Perseus:abo:tlg,0007,008",urn:cts:greekLit:tlg0007.tlg008.perseus-eng1,Plut. Publ.,English,Perseus:text:2008.01.0059,Plutarch,Publicola,Plu. Publ.,
"Perseus:abo:tlg,0007,008",urn:cts:greekLit:tlg0007.tlg008.perseus-grc1,Plut. Publ.,Greek,Perseus:text:2008.01.0124,Plutarch,Publicola,Plu. Publ.,
"Perseus:abo:tlg,0007,009",urn:cts:greekLit:tlg0007.tlg009.perseus-eng1,Plut. Comp. Sol. Publ.,English,Perseus:text:2008.01.0034,Plutarch,Comparison of Solon and Publicola,Plu. Comp. Sol. Publ.,
"Perseus:abo:tlg,0007,009",urn:cts:greekLit:tlg0007.tlg009.perseus-grc1,Plut. Comp. Sol. Publ.,Greek,Perseus:text:2008.01.0106,Plutarch,Comparison of Solon and Publicola,Plu. Comp. Sol. Publ.,
"Perseus:abo:tlg,0007,010",urn:cts:greekLit:tlg0007.tlg010.perseus-eng1,Plut. Them.,English,Perseus:text:2008.01.0066,Plutarch,Themistocles,Plu. Them.,
"Perseus:abo:tlg,0007,010",urn:cts:greekLit:tlg0007.tlg010.perseus-grc1,Plut. Them.,Greek,Perseus:text:2008.01.0074,Plutarch,Themistocles,Plu. Them.,
"Perseus:abo:tlg,0007,011",urn:cts:greekLit:tlg0007.tlg011.perseus-eng1,Plut. Cam.,English,Perseus:text:2008.01.0012,Plutarch,Camillus,Plu. Cam.,
"Perseus:abo:tlg,0007,011",urn:cts:greekLit:tlg0007.tlg011.perseus-grc1,Plut. Cam.,Greek,Perseus:text:2008.01.0086,Plutarch,Camillus,Plu. Cam.,
"Perseus:abo:tlg,0007,012",urn:cts:greekLit:tlg0007.tlg012.perseus-eng1,Plut. Per.,English,Perseus:text:2008.01.0055,Plutarch,Pericles,Plu. Per.,
"Perseus:abo:tlg,0007,012",urn:cts:greekLit:tlg0007.tlg012.perseus-grc1,Plut. Per.,Greek,Perseus:text:2008.01.0072,Plutarch,Pericles,Plu. Per.,
"Perseus:abo:tlg,0007,013",urn:cts:greekLit:tlg0007.tlg013.perseus-eng1,Plut. Fab.,English,Perseus:text:2008.01.0043,Plutarch,Fabius Maximus,Plu. Fab.,
"Perseus:abo:tlg,0007,013",urn:cts:greekLit:tlg0007.tlg013.perseus-grc1,Plut. Fab.,Greek,Perseus:text:2008.01.0114,Plutarch,Fabius Maximus,Plu. Fab.,
"Perseus:abo:tlg,0007,014",urn:cts:greekLit:tlg0007.tlg014.perseus-eng1,Plut. Comp. Per. Fab.,English,Perseus:text:2008.01.0031,Plutarch,Comparison of Pericles and Fabius Maximus,Plu. Comp. Per. Fab.,
"Perseus:abo:tlg,0007,014",urn:cts:greekLit:tlg0007.tlg014.perseus-grc1,Plut. Comp. Per. Fab.,Greek,Perseus:text:2008.01.0103,Plutarch,Comparison of Pericles and Fabius Maximus,Plu. Comp. Per. Fab.,
"Perseus:abo:tlg,0007,015",urn:cts:greekLit:tlg0007.tlg015.perseus-eng1,Plut. Alc.,English,Perseus:text:2008.01.0006,Plutarch,Alcibiades,Plu. Alc.,
"Perseus:abo:tlg,0007,015",urn:cts:greekLit:tlg0007.tlg015.perseus-grc1,Plut. Alc.,Greek,Perseus:text:1999.01.0181,Plutarch,Alcibiades,Plu. Alc.,
"Perseus:abo:tlg,0007,016",urn:cts:greekLit:tlg0007.tlg016.perseus-eng1,Plut. Cor.,English,Perseus:text:2008.01.0037,Plutarch,Caius Marcius Coriolanus,Plu. Cor.,
"Perseus:abo:tlg,0007,016",urn:cts:greekLit:tlg0007.tlg016.perseus-grc1,Plut. Cor.,Greek,Perseus:text:2008.01.0109,Plutarch,Caius Marcius Coriolanus,Plu. Cor.,
"Perseus:abo:tlg,0007,017",urn:cts:greekLit:tlg0007.tlg017.perseus-eng1,Plut. Comp. Alc. Cor.,English,Perseus:text:2008.01.0021,Plutarch,Comparison of Alcibiades and Coriolanus,Plu. Comp. Alc. Cor.,
"Perseus:abo:tlg,0007,017",urn:cts:greekLit:tlg0007.tlg017.perseus-grc1,Plut. Comp. Alc. Cor.,Greek,Perseus:text:2008.01.0094,Plutarch,Comparison of Alcibiades and Coriolanus,Plu. Comp. Alc. Cor.,
"Perseus:abo:tlg,0007,018",urn:cts:greekLit:tlg0007.tlg018.perseus-eng1,Plut. Tim.,English,Perseus:text:2008.01.0068,Plutarch,Timoleon,Plu. Tim.,
"Perseus:abo:tlg,0007,018",urn:cts:greekLit:tlg0007.tlg018.perseus-grc1,Plut. Tim.,Greek,Perseus:text:2008.01.0128,Plutarch,Timoleon,Plu. Tim.,
"Perseus:abo:tlg,0007,019",urn:cts:greekLit:tlg0007.tlg019.perseus-eng1,Plut. Aem.,English,Perseus:text:2008.01.0003,Plutarch,Aemilius Paulus,Plu. Aem.,
"Perseus:abo:tlg,0007,019",urn:cts:greekLit:tlg0007.tlg019.perseus-grc1,Plut. Aem.,Greek,Perseus:text:2008.01.0080,Plutarch,Aemilius Paulus,Plu. Aem.,
"Perseus:abo:tlg,0007,020",urn:cts:greekLit:tlg0007.tlg020.perseus-eng1,Plut. Comp. Tim. Aem.,English,Perseus:text:2008.01.0036,Plutarch,Comparison of Timoleon and Aemilius,Plu. Comp. Tim. Aem.,
"Perseus:abo:tlg,0007,020",urn:cts:greekLit:tlg0007.tlg020.perseus-grc1,Plut. Comp. Tim. Aem.,Greek,Perseus:text:2008.01.0108,Plutarch,Comparison of Timoleon and Aemilius,Plu. Comp. Tim. Aem.,
"Perseus:abo:tlg,0007,021",urn:cts:greekLit:tlg0007.tlg021.perseus-eng1,Plut. Pel.,English,Perseus:text:2008.01.0054,Plutarch,Pelopidas,Plu. Pel.,
"Perseus:abo:tlg,0007,021",urn:cts:greekLit:tlg0007.tlg021.perseus-grc1,Plut. Pel.,Greek,Perseus:text:2008.01.0120,Plutarch,Pelopidas,Plu. Pel.,
"Perseus:abo:tlg,0007,022",urn:cts:greekLit:tlg0007.tlg022.perseus-eng1,Plut. Marc.,English,Perseus:text:2008.01.0050,Plutarch,Marcellus,Plu. Marc.,
"Perseus:abo:tlg,0007,022",urn:cts:greekLit:tlg0007.tlg022.perseus-grc1,Plut. Marc.,Greek,Perseus:text:2008.01.0118,Plutarch,Marcellus,Plu. Marc.,
"Perseus:abo:tlg,0007,023",urn:cts:greekLit:tlg0007.tlg023.perseus-eng1,Plut. Comp. Pel. Marc.,English,Perseus:text:2008.01.0030,Plutarch,Comparison of Pelopidas and Marcellus,Plu. Comp. Pel. Marc.,
"Perseus:abo:tlg,0007,023",urn:cts:greekLit:tlg0007.tlg023.perseus-grc1,Plut. Comp. Pel. Marc.,Greek,Perseus:text:2008.01.0102,Plutarch,Comparison of Pelopidas and Marcellus,Plu. Comp. Pel. Marc.,
"Perseus:abo:tlg,0007,024",urn:cts:greekLit:tlg0007.tlg024.perseus-eng1,Plut. Arist.,English,Perseus:text:2008.01.0009,Plutarch,Aristides,Plu. Arist.,
"Perseus:abo:tlg,0007,024",urn:cts:greekLit:tlg0007.tlg024.perseus-grc1,Plut. Arist.,Greek,Perseus:text:1999.01.0182,Plutarch,Aristides,Plu. Arist.,
"Perseus:abo:tlg,0007,025",urn:cts:greekLit:tlg0007.tlg025.perseus-eng1,Plut. Cat. Ma.,English,Perseus:text:2008.01.0013,Plutarch,Marcus Cato,Plu. Cat. Ma.,
"Perseus:abo:tlg,0007,025",urn:cts:greekLit:tlg0007.tlg025.perseus-grc1,Plut. Cat. Ma.,Greek,Perseus:text:2008.01.0087,Plutarch,Marcus Cato,Plu. Cat. Ma.,
"Perseus:abo:tlg,0007,026",urn:cts:greekLit:tlg0007.tlg026.perseus-eng1,Plut. Comp. Aristid. Cat.,English,Perseus:text:2008.01.0022,Plutarch,Comparison of Aristides with Marcus Cato,Plu. Comp. Aristid. Cat.,
"Perseus:abo:tlg,0007,026",urn:cts:greekLit:tlg0007.tlg026.perseus-grc1,Plut. Comp. Aristid. Cat.,Greek,Perseus:text:2008.01.0095,Plutarch,Comparison of Aristides with Marcus Cato,Plu. Comp. Aristid. Cat.,
"Perseus:abo:tlg,0007,027",urn:cts:greekLit:tlg0007.tlg027.perseus-eng1,Plut. Phil.,English,Perseus:text:2008.01.0056,Plutarch,Philopoemen,Plu. Phil.,
"Perseus:abo:tlg,0007,027",urn:cts:greekLit:tlg0007.tlg027.perseus-grc1,Plut. Phil.,Greek,Perseus:text:2008.01.0121,Plutarch,Philopoemen,Plu. Phil.,
"Perseus:abo:tlg,0007,028",urn:cts:greekLit:tlg0007.tlg028.perseus-eng1,Plut. Flam.,English,Perseus:text:2008.01.0044,Plutarch,Titus Flamininus,Plu. Flam.,
"Perseus:abo:tlg,0007,028",urn:cts:greekLit:tlg0007.tlg028.perseus-grc1,Plut. Flam.,Greek,Perseus:text:2008.01.0115,Plutarch,Titus Flamininus,Plu. Flam.,
"Perseus:abo:tlg,0007,029",urn:cts:greekLit:tlg0007.tlg029.perseus-eng1,Plut. Comp. Phil. Flam.,English,Perseus:text:2008.01.0032,Plutarch,Comparison of Philopoemen and Titus,Plu. Comp. Phil. Flam.,
"Perseus:abo:tlg,0007,029",urn:cts:greekLit:tlg0007.tlg029.perseus-grc1,Plut. Comp. Phil. Flam.,Greek,Perseus:text:2008.01.0104,Plutarch,Comparison of Philopoemen and Titus,Plu. Comp. Phil. Flam.,
"Perseus:abo:tlg,0007,030",urn:cts:greekLit:tlg0007.tlg030.perseus-eng1,Plut. Pyrrh.,English,Perseus:text:2008.01.0060,Plutarch,Pyrrhus,Plu. Pyrrh.,
"Perseus:abo:tlg,0007,030",urn:cts:greekLit:tlg0007.tlg030.perseus-grc1,Plut. Pyrrh.,Greek,Perseus:text:2008.01.0134,Plutarch,Pyrrhus,Plu. Pyrrh.,
"Perseus:abo:tlg,0007,031",urn:cts:greekLit:tlg0007.tlg031.perseus-eng1,Plut. Mar.,English,Perseus:text:2008.01.0049,Plutarch,Caius Marius,Plu. Mar.,
"Perseus:abo:tlg,0007,031",urn:cts:greekLit:tlg0007.tlg031.perseus-grc1,Plut. Mar.,Greek,Perseus:text:2008.01.0132,Plutarch,Caius Marius,Plu. Mar.,
"Perseus:abo:tlg,0007,032",urn:cts:greekLit:tlg0007.tlg032.perseus-eng1,Plut. Lys.,English,Perseus:text:2008.01.0048,Plutarch,Lysander,Plu. Lys.,
"Perseus:abo:tlg,0007,032",urn:cts:greekLit:tlg0007.tlg032.perseus-grc1,Plut. Lys.,Greek,Perseus:text:2008.01.0070,Plutarch,Lysander,Plu. Lys.,
"Perseus:abo:tlg,0007,033",urn:cts:greekLit:tlg0007.tlg033.perseus-eng1,Plut. Sull.,English,Perseus:text:2008.01.0064,Plutarch,Sulla,Plu. Sull.,
"Perseus:abo:tlg,0007,033",urn:cts:greekLit:tlg0007.tlg033.perseus-grc1,Plut. Sull.,Greek,Perseus:text:2008.01.0126,Plutarch,Sulla,Plu. Sull.,
"Perseus:abo:tlg,0007,034",urn:cts:greekLit:tlg0007.tlg034.perseus-eng1,Plut. Comp. Lys. Sull.,English,Perseus:text:2008.01.0028,Plutarch,Comparison of Lysander and Sulla,Plu. Comp. Lys. Sull.,
"Perseus:abo:tlg,0007,034",urn:cts:greekLit:tlg0007.tlg034.perseus-grc1,Plut. Comp. Lys. Sull.,Greek,Perseus:text:2008.01.0100,Plutarch,Comparison of Lysander and Sulla,Plu. Comp. Lys. Sull.,
"Perseus:abo:tlg,0007,035",urn:cts:greekLit:tlg0007.tlg035.perseus-eng1,Plut. Cim.,English,Perseus:text:2008.01.0017,Plutarch,Cimon,Plu. Cim.,
"Perseus:abo:tlg,0007,035",urn:cts:greekLit:tlg0007.tlg035.perseus-grc1,Plut. Cim.,Greek,Perseus:text:2008.01.0069,Plutarch,Cimon,Plu. Cim.,
"Perseus:abo:tlg,0007,036",urn:cts:greekLit:tlg0007.tlg036.perseus-eng1,Plut. Luc.,English,Perseus:text:2008.01.0046,Plutarch,Lucullus,Plu. Luc.,
"Perseus:abo:tlg,0007,036",urn:cts:greekLit:tlg0007.tlg036.perseus-grc1,Plut. Luc.,Greek,Perseus:text:2008.01.0117,Plutarch,Lucullus,Plu. Luc.,
"Perseus:abo:tlg,0007,037",urn:cts:greekLit:tlg0007.tlg037.perseus-eng1,Plut. Comp. Cim. Luc.,English,Perseus:text:2008.01.0026,Plutarch,Comparison of Lucullus and Cimon,Plu. Comp. Cim. Luc.,
"Perseus:abo:tlg,0007,037",urn:cts:greekLit:tlg0007.tlg037.perseus-grc1,Plut. Comp. Cim. Luc.,Greek,Perseus:text:2008.01.0098,Plutarch,Comparison of Lucullus and Cimon,Plu. Comp. Cim. Luc.,
"Perseus:abo:tlg,0007,038",urn:cts:greekLit:tlg0007.tlg038.perseus-eng1,Plut. Nic.,English,Perseus:text:2008.01.0051,Plutarch,Nicias,Plu. Nic.,
"Perseus:abo:tlg,0007,038",urn:cts:greekLit:tlg0007.tlg038.perseus-grc1,Plut. Nic.,Greek,Perseus:text:2008.01.0071,Plutarch,Nicias,Plu. Nic.,
"Perseus:abo:tlg,0007,039",urn:cts:greekLit:tlg0007.tlg039.perseus-eng1,Plut. Crass.,English,Perseus:text:2008.01.0038,Plutarch,Crassus,Plu. Crass.,
"Perseus:abo:tlg,0007,039",urn:cts:greekLit:tlg0007.tlg039.perseus-grc1,Plut. Crass.,Greek,Perseus:text:2008.01.0110,Plutarch,Crassus,Plu. Crass.,
"Perseus:abo:tlg,0007,040",urn:cts:greekLit:tlg0007.tlg040.perseus-eng1,Plut. Comp. Nic. Crass.,English,Perseus:text:2008.01.0029,Plutarch,Comparison of Nicias and Crassus,Plu. Comp. Nic. Crass.,
"Perseus:abo:tlg,0007,040",urn:cts:greekLit:tlg0007.tlg040.perseus-grc1,Plut. Comp. Nic. Crass.,Greek,Perseus:text:2008.01.0101,Plutarch,Comparison of Nicias and Crassus,Plu. Comp. Nic. Crass.,
"Perseus:abo:tlg,0007,041",urn:cts:greekLit:tlg0007.tlg041.perseus-eng1,Plut. Eum.,English,Perseus:text:2008.01.0042,Plutarch,Eumenes,Plu. Eum.,
"Perseus:abo:tlg,0007,041",urn:cts:greekLit:tlg0007.tlg041.perseus-grc1,Plut. Eum.,Greek,Perseus:text:2008.01.0113,Plutarch,Eumenes,Plu. Eum.,
"Perseus:abo:tlg,0007,042",urn:cts:greekLit:tlg0007.tlg042.perseus-eng1,Plut. Sert.,English,Perseus:text:2008.01.0062,Plutarch,Sertorius,Plu. Sert.,
"Perseus:abo:tlg,0007,042",urn:cts:greekLit:tlg0007.tlg042.perseus-grc1,Plut. Sert.,Greek,Perseus:text:2008.01.0125,Plutarch,Sertorius,Plu. Sert.,
"Perseus:abo:tlg,0007,043",urn:cts:greekLit:tlg0007.tlg043.perseus-eng1,Plut. Comp. Eum. Sert.,English,Perseus:text:2008.01.0033,Plutarch,Comparison of Sertorius and Eumenes,Plu. Comp. Eum. Sert.,
"Perseus:abo:tlg,0007,043",urn:cts:greekLit:tlg0007.tlg043.perseus-grc1,Plut. Comp. Eum. Sert.,Greek,Perseus:text:2008.01.0105,Plutarch,Comparison of Sertorius and Eumenes,Plu. Comp. Eum. Sert.,
"Perseus:abo:tlg,0007,044",urn:cts:greekLit:tlg0007.tlg044.perseus-eng1,Plut. Ages.,English,Perseus:text:2008.01.0004,Plutarch,Agesilaus,Plu. Ages.,
"Perseus:abo:tlg,0007,044",urn:cts:greekLit:tlg0007.tlg044.perseus-grc1,Plut. Ages.,Greek,Perseus:text:2008.01.0081,Plutarch,Agesilaus,Plu. Ages.,
"Perseus:abo:tlg,0007,045",urn:cts:greekLit:tlg0007.tlg045.perseus-eng1,Plut. Pomp.,English,Perseus:text:2008.01.0058,Plutarch,Pompey,Plu. Pomp.,
"Perseus:abo:tlg,0007,045",urn:cts:greekLit:tlg0007.tlg045.perseus-grc1,Plut. Pomp.,Greek,Perseus:text:2008.01.0123,Plutarch,Pompey,Plu. Pomp.,
"Perseus:abo:tlg,0007,046",urn:cts:greekLit:tlg0007.tlg046.perseus-eng1,Plut. Comp. Ages. Pomp.,English,Perseus:text:2008.01.0019,Plutarch,Comparison of Agesilaus and Pompey,Plu. Comp. Ages. Pomp.,
"Perseus:abo:tlg,0007,046",urn:cts:greekLit:tlg0007.tlg046.perseus-grc1,Plut. Comp. Ages. Pomp.,Greek,Perseus:text:2008.01.0092,Plutarch,Comparison of Agesilaus and Pompey,Plu. Comp. Ages. Pomp.,
"Perseus:abo:tlg,0007,047",urn:cts:greekLit:tlg0007.tlg047.perseus-eng1,Plut. Alex.,English,Perseus:text:1999.01.0243,Plutarch,Alexander,Plu. Alex.,
"Perseus:abo:tlg,0007,047",urn:cts:greekLit:tlg0007.tlg047.perseus-grc1,Plut. Alex.,Greek,Perseus:text:2008.01.0129,Plutarch,Alexander,Plu. Alex.,
"Perseus:abo:tlg,0007,048",urn:cts:greekLit:tlg0007.tlg048.perseus-eng1,Plut. Caes.,English,Perseus:text:1999.01.0244,Plutarch,Caesar,Plu. Caes.,
"Perseus:abo:tlg,0007,048",urn:cts:greekLit:tlg0007.tlg048.perseus-grc1,Plut. Caes.,Greek,Perseus:text:2008.01.0130,Plutarch,Caesar,Plu. Caes.,
"Perseus:abo:tlg,0007,049",urn:cts:greekLit:tlg0007.tlg049.perseus-eng1,Plut. Phoc.,English,Perseus:text:2008.01.0057,Plutarch,Phocion,Plu. Phoc.,
"Perseus:abo:tlg,0007,049",urn:cts:greekLit:tlg0007.tlg049.perseus-grc1,Plut. Phoc.,Greek,Perseus:text:2008.01.0122,Plutarch,Phocion,Plu. Phoc.,
"Perseus:abo:tlg,0007,050",urn:cts:greekLit:tlg0007.tlg050.perseus-eng1,Plut. Cat. Mi.,English,Perseus:text:2008.01.0014,Plutarch,Cato the Younger,Plu. Cat. Mi.,
"Perseus:abo:tlg,0007,050",urn:cts:greekLit:tlg0007.tlg050.perseus-grc1,Plut. Cat. Mi.,Greek,Perseus:text:2008.01.0088,Plutarch,Cato the Younger,Plu. Cat. Mi.,
"Perseus:abo:tlg,0007,051a",urn:cts:greekLit:tlg0007.tlg051a.perseus-eng1,Plut. Agis,English,Perseus:text:2008.01.0005,Plutarch,Agis,Plu. Agis,
"Perseus:abo:tlg,0007,051a",urn:cts:greekLit:tlg0007.tlg051a.perseus-grc1,Plut. Agis,Greek,Perseus:text:2008.01.0082,Plutarch,Agis,Plu. Agis,
"Perseus:abo:tlg,0007,051b",urn:cts:greekLit:tlg0007.tlg051b.perseus-eng1,Plut. Cleom.,English,Perseus:text:2008.01.0018,Plutarch,Cleomenes,Plu. Cleom.,
"Perseus:abo:tlg,0007,051b",urn:cts:greekLit:tlg0007.tlg051b.perseus-grc1,Plut. Cleom.,Greek,Perseus:text:2008.01.0091,Plutarch,Cleomenes,Plu. Cleom.,
"Perseus:abo:tlg,0007,052a",urn:cts:greekLit:tlg0007.tlg052a.perseus-eng1,Plut. TG,English,Perseus:text:2008.01.0065,Plutarch,Tiberius Gracchus,Plu. TG,
"Perseus:abo:tlg,0007,052a",urn:cts:greekLit:tlg0007.tlg052a.perseus-grc1,Plut. TG,Greek,Perseus:text:2008.01.0127,Plutarch,Tiberius Gracchus,Plu. TG,
"Perseus:abo:tlg,0007,052b",urn:cts:greekLit:tlg0007.tlg052b.perseus-eng1,Plut. CG,English,Perseus:text:2008.01.0015,Plutarch,Caius Gracchus,Plu. CG,
"Perseus:abo:tlg,0007,052b",urn:cts:greekLit:tlg0007.tlg052b.perseus-grc1,Plut. CG,Greek,Perseus:text:2008.01.0089,Plutarch,Caius Gracchus,Plu. CG,
"Perseus:abo:tlg,0007,053",urn:cts:greekLit:tlg0007.tlg053.perseus-eng1,Plut. Comp. Ag. Gracch.,English,Perseus:text:2008.01.0020,Plutarch,Comparison of Agis and Cleomenes and the Gracchi,Plu. Comp. Ag. Gracch.,
"Perseus:abo:tlg,0007,053",urn:cts:greekLit:tlg0007.tlg053.perseus-grc1,Plut. Comp. Ag. Gracch.,Greek,Perseus:text:2008.01.0093,Plutarch,Comparison of Agis and Cleomenes and the Gracchi,Plu. Comp. Ag. Gracch.,
"Perseus:abo:tlg,0007,054",urn:cts:greekLit:tlg0007.tlg054.perseus-eng1,Plut. Dem.,English,Perseus:text:2008.01.0039,Plutarch,Demosthenes,Plu. Dem.,
"Perseus:abo:tlg,0007,054",urn:cts:greekLit:tlg0007.tlg054.perseus-grc1,Plut. Dem.,Greek,Perseus:text:2008.01.0111,Plutarch,Demosthenes,Plu. Dem.,
"Perseus:abo:tlg,0007,055",urn:cts:greekLit:tlg0007.tlg055.perseus-eng1,Plut. Cic.,English,Perseus:text:2008.01.0016,Plutarch,Cicero,Plu. Cic.,
"Perseus:abo:tlg,0007,055",urn:cts:greekLit:tlg0007.tlg055.perseus-grc1,Plut. Cic.,Greek,Perseus:text:2008.01.0090,Plutarch,Cicero,Plu. Cic.,
"Perseus:abo:tlg,0007,056",urn:cts:greekLit:tlg0007.tlg056.perseus-eng1,Plut. Comp. Dem. Cic.,English,Perseus:text:2008.01.0023,Plutarch,Comparison of Demosthenes with Cicero,Plu. Comp. Dem. Cic.,
"Perseus:abo:tlg,0007,056",urn:cts:greekLit:tlg0007.tlg056.perseus-grc1,Plut. Comp. Dem. Cic.,Greek,Perseus:text:2008.01.0096,Plutarch,Comparison of Demosthenes with Cicero,Plu. Comp. Dem. Cic.,
"Perseus:abo:tlg,0007,057",urn:cts:greekLit:tlg0007.tlg057.perseus-eng1,Plut. Demetr.,English,Perseus:text:2008.01.0040,Plutarch,Demetrius,Plu. Demetr.,
"Perseus:abo:tlg,0007,057",urn:cts:greekLit:tlg0007.tlg057.perseus-grc1,Plut. Demetr.,Greek,Perseus:text:2008.01.0076,Plutarch,Demetrius,Plu. Demetr.,
"Perseus:abo:tlg,0007,058",urn:cts:greekLit:tlg0007.tlg058.perseus-eng1,Plut. Ant.,English,Perseus:text:2008.01.0007,Plutarch,Antony,Plu. Ant.,
"Perseus:abo:tlg,0007,058",urn:cts:greekLit:tlg0007.tlg058.perseus-grc1,Plut. Ant.,Greek,Perseus:text:2008.01.0077,Plutarch,Antony,Plu. Ant.,
"Perseus:abo:tlg,0007,059",urn:cts:greekLit:tlg0007.tlg059.perseus-eng1,Plut. Comp. Demetr. Ant.,English,Perseus:text:2008.01.0024,Plutarch,Comparison of Demetrius and Antony,Plu. Comp. Demetr. Ant.,
"Perseus:abo:tlg,0007,059",urn:cts:greekLit:tlg0007.tlg059.perseus-grc1,Plut. Comp. Demetr. Ant.,Greek,Perseus:text:2008.01.0078,Plutarch,Comparison of Demetrius and Antony,Plu. Comp. Demetr. Ant.,
"Perseus:abo:tlg,0007,060",urn:cts:greekLit:tlg0007.tlg060.perseus-eng1,Plut. Dio,English,Perseus:text:2008.01.0041,Plutarch,Dion,Plu. Dio,
"Perseus:abo:tlg,0007,060",urn:cts:greekLit:tlg0007.tlg060.perseus-grc1,Plut. Dio,Greek,Perseus:text:2008.01.0112,Plutarch,Dion,Plu. Dio,
"Perseus:abo:tlg,0007,061",urn:cts:greekLit:tlg0007.tlg061.perseus-eng1,Plut. Brut.,English,Perseus:text:2008.01.0011,Plutarch,Brutus,Plu. Brut.,
"Perseus:abo:tlg,0007,061",urn:cts:greekLit:tlg0007.tlg061.perseus-grc1,Plut. Brut.,Greek,Perseus:text:2008.01.0085,Plutarch,Brutus,Plu. Brut.,
"Perseus:abo:tlg,0007,062",urn:cts:greekLit:tlg0007.tlg062.perseus-eng1,Plut. Comp. Dion. Brut.,English,Perseus:text:2008.01.0025,Plutarch,Comparison of Dion and Brutus,Plu. Comp. Dion. Brut.,
"Perseus:abo:tlg,0007,062",urn:cts:greekLit:tlg0007.tlg062.perseus-grc1,Plut. Comp. Dion. Brut.,Greek,Perseus:text:2008.01.0097,Plutarch,Comparison of Dion and Brutus,Plu. Comp. Dion. Brut.,
"Perseus:abo:tlg,0007,063",urn:cts:greekLit:tlg0007.tlg063.perseus-eng1,Plut. Arat.,English,Perseus:text:2008.01.0008,Plutarch,Aratus,Plu. Arat.,
"Perseus:abo:tlg,0007,063",urn:cts:greekLit:tlg0007.tlg063.perseus-grc1,Plut. Arat.,Greek,Perseus:text:2008.01.0083,Plutarch,Aratus,Plu. Arat.,
"Perseus:abo:tlg,0007,064",urn:cts:greekLit:tlg0007.tlg064.perseus-eng1,Plut. Art.,English,Perseus:text:2008.01.0010,Plutarch,Artaxerxes,Plu. Art.,
"Perseus:abo:tlg,0007,064",urn:cts:greekLit:tlg0007.tlg064.perseus-grc1,Plut. Art.,Greek,Perseus:text:2008.01.0084,Plutarch,Artaxerxes,Plu. Art.,
"Perseus:abo:tlg,0007,065",urn:cts:greekLit:tlg0007.tlg065.perseus-eng1,Plut. Galb.,English,Perseus:text:2008.01.0045,Plutarch,Galba,Plu. Galb.,
"Perseus:abo:tlg,0007,065",urn:cts:greekLit:tlg0007.tlg065.perseus-grc1,Plut. Galb.,Greek,Perseus:text:2008.01.0116,Plutarch,Galba,Plu. Galb.,
"Perseus:abo:tlg,0007,066",urn:cts:greekLit:tlg0007.tlg066.perseus-eng1,Plut. Oth.,English,Perseus:text:2008.01.0053,Plutarch,Otho,Plu. Oth.,
"Perseus:abo:tlg,0007,066",urn:cts:greekLit:tlg0007.tlg066.perseus-grc1,Plut. Oth.,Greek,Perseus:text:2008.01.0119,Plutarch,Otho,Plu. Oth.,
"Perseus:abo:tlg,0007,067",urn:cts:greekLit:tlg0007.tlg067.perseus-eng1,Plut. De Lib.,English,Perseus:text:2008.01.0137,Plutarch,De liberis educandis,Plu. De Lib.,
"Perseus:abo:tlg,0007,067",urn:cts:greekLit:tlg0007.tlg067.perseus-eng2,Plut. De Lib.,English,Perseus:text:2008.01.0138,Plutarch,De liberis educandis,Plu. De Lib.,
"Perseus:abo:tlg,0007,067",urn:cts:greekLit:tlg0007.tlg067.perseus-grc1,Plut. De Lib.,Greek,Perseus:text:2008.01.0136,Plutarch,De liberis educandis,Plu. De Lib.,
"Perseus:abo:tlg,0007,068",urn:cts:greekLit:tlg0007.tlg068.perseus-eng1,Plut. Adolescens,English,Perseus:text:2008.01.0141,Plutarch,Quomodo adolescens poetas audire debeat,Plu. Adolescens; Plu. Quomodo adul.,
"Perseus:abo:tlg,0007,068",urn:cts:greekLit:tlg0007.tlg068.perseus-eng2,Plut. Adolescens,English,Perseus:text:2008.01.0142,Plutarch,Quomodo adolescens poetas audire debeat,Plu. Adolescens; Plu. Quomodo adul.,
"Perseus:abo:tlg,0007,068",urn:cts:greekLit:tlg0007.tlg068.perseus-grc1,Plut. Adolescens,Greek,Perseus:text:2008.01.0140,Plutarch,Quomodo adolescens poetas audire debeat,Plu. Adolescens; Plu. Quomodo adul.,
"Perseus:abo:tlg,0007,069",urn:cts:greekLit:tlg0007.tlg069.perseus-eng1,Plut. De Recta,English,Perseus:text:2008.01.0145,Plutarch,De recta ratione audiendi,Plu. De Recta,
"Perseus:abo:tlg,0007,069",urn:cts:greekLit:tlg0007.tlg069.perseus-eng2,Plut. De Recta,English,Perseus:text:2008.01.0146,Plutarch,De recta ratione audiendi,Plu. De Recta,
"Perseus:abo:tlg,0007,069",urn:cts:greekLit:tlg0007.tlg069.perseus-grc1,Plut. De Recta,Greek,Perseus:text:2008.01.0144,Plutarch,De Recta Ratione Audiendi,Plu. De Recta,
"Perseus:abo:tlg,0007,070",urn:cts:greekLit:tlg0007.tlg070.perseus-eng1,Plut. Adulator,English,Perseus:text:2008.01.0149,Plutarch,Quomodo adulator ab amico internoscatur,Plu. Adulator,
"Perseus:abo:tlg,0007,070",urn:cts:greekLit:tlg0007.tlg070.perseus-eng2,Plut. Adulator,English,Perseus:text:2008.01.0150,Plutarch,Quomodo adulator ab amico internoscatur,Plu. Adulator,
"Perseus:abo:tlg,0007,070",urn:cts:greekLit:tlg0007.tlg070.perseus-grc1,Plut. Adulator,Greek,Perseus:text:2008.01.0148,Plutarch,Quomodo adulator ab amico internoscatur,Plu. Adulator,
"Perseus:abo:tlg,0007,071",urn:cts:greekLit:tlg0007.tlg071.perseus-eng1,Plut. Quis Suos,English,Perseus:text:2008.01.0153,Plutarch,Quomodo quis suos in virtute sentiat profectus,Plu. Quis Suos; Plu. De prof. virt.,
"Perseus:abo:tlg,0007,071",urn:cts:greekLit:tlg0007.tlg071.perseus-eng2,Plut. Quis Suos,English,Perseus:text:2008.01.0154,Plutarch,Quomodo quis suos in virtute sentiat profectus,Plu. Quis Suos; Plu. De prof. virt.,
"Perseus:abo:tlg,0007,071",urn:cts:greekLit:tlg0007.tlg071.perseus-grc1,Plut. Quis Suos,Greek,Perseus:text:2008.01.0152,Plutarch,Quomodo quis suos in virtute sentiat profectus,Plu. Quis Suos; Plu. De prof. virt.,
"Perseus:abo:tlg,0007,072",urn:cts:greekLit:tlg0007.tlg072.perseus-eng1,Plut. De Capienda,English,Perseus:text:2008.01.0157,Plutarch,De capienda ex inimicis utilitate,Plu. De Capienda,
"Perseus:abo:tlg,0007,072",urn:cts:greekLit:tlg0007.tlg072.perseus-eng2,Plut. De Capienda,English,Perseus:text:2008.01.0158,Plutarch,De capienda ex inimicis utilitate,Plu. De Capienda,
"Perseus:abo:tlg,0007,072",urn:cts:greekLit:tlg0007.tlg072.perseus-grc1,Plut. De Capienda,Greek,Perseus:text:2008.01.0156,Plutarch,De capienda ex inimicis utilitate,Plu. De Capienda,
"Perseus:abo:tlg,0007,073",urn:cts:greekLit:tlg0007.tlg073.perseus-eng1,Plut. De Amic.,English,Perseus:text:2008.01.0161,Plutarch,De amicorum multitudine,Plu. De Amic.,
"Perseus:abo:tlg,0007,073",urn:cts:greekLit:tlg0007.tlg073.perseus-eng2,Plut. De Amic.,English,Perseus:text:2008.01.0162,Plutarch,De amicorum multitudine,Plu. De Amic.,
"Perseus:abo:tlg,0007,073",urn:cts:greekLit:tlg0007.tlg073.perseus-grc1,Plut. De Amic.,Greek,Perseus:text:2008.01.0160,Plutarch,De amicorum multitudine,Plu. De Amic.,
"Perseus:abo:tlg,0007,074",urn:cts:greekLit:tlg0007.tlg074.perseus-eng1,Plut. De Fortuna,English,Perseus:text:2008.01.0165,Plutarch,De fortuna,Plu. De Fortuna,
"Perseus:abo:tlg,0007,074",urn:cts:greekLit:tlg0007.tlg074.perseus-eng2,Plut. De Fortuna,English,Perseus:text:2008.01.0166,Plutarch,De fortuna,Plu. De Fortuna,
"Perseus:abo:tlg,0007,074",urn:cts:greekLit:tlg0007.tlg074.perseus-grc1,Plut. De Fortuna,Greek,Perseus:text:2008.01.0164,Plutarch,De fortuna,Plu. De Fortuna,
"Perseus:abo:tlg,0007,075",urn:cts:greekLit:tlg0007.tlg075.perseus-eng1,Plut. VV,English,Perseus:text:2008.01.0169,Plutarch,De virtute et vitio,Plu. VV,
"Perseus:abo:tlg,0007,075",urn:cts:greekLit:tlg0007.tlg075.perseus-eng2,Plut. VV,English,Perseus:text:2008.01.0170,Plutarch,De virtute et vitio,Plu. VV,
"Perseus:abo:tlg,0007,075",urn:cts:greekLit:tlg0007.tlg075.perseus-grc1,Plut. VV,Greek,Perseus:text:2008.01.0168,Plutarch,De virtute et vitio,Plu. VV,
"Perseus:abo:tlg,0007,076",urn:cts:greekLit:tlg0007.tlg076.perseus-eng1,Plut. Cons. Ap.,English,Perseus:text:2008.01.0173,Plutarch,Consolatio ad Apollonium,Plu. Cons. Ap.,
"Perseus:abo:tlg,0007,076",urn:cts:greekLit:tlg0007.tlg076.perseus-eng2,Plut. Cons. Ap.,English,Perseus:text:2008.01.0174,Plutarch,Consolatio ad Apollonium,Plu. Cons. Ap.,
"Perseus:abo:tlg,0007,076",urn:cts:greekLit:tlg0007.tlg076.perseus-grc1,Plut. Cons. Ap.,Greek,Perseus:text:2008.01.0172,Plutarch,Consolatio ad Apollonium,Plu. Cons. Ap.,
"Perseus:abo:tlg,0007,077",urn:cts:greekLit:tlg0007.tlg077.perseus-eng1,Plut. De Tuenda,English,Perseus:text:2008.01.0177,Plutarch,De tuenda sanitate praecepta,Plu. De Tuenda,
"Perseus:abo:tlg,0007,077",urn:cts:greekLit:tlg0007.tlg077.perseus-eng2,Plut. De Tuenda,English,Perseus:text:2008.01.0178,Plutarch,De tuenda sanitate praecepta,Plu. De Tuenda,
"Perseus:abo:tlg,0007,077",urn:cts:greekLit:tlg0007.tlg077.perseus-grc1,Plut. De Tuenda,Greek,Perseus:text:2008.01.0176,Plutarch,De tuenda sanitate praecepta,Plu. De Tuenda,
"Perseus:abo:tlg,0007,078",urn:cts:greekLit:tlg0007.tlg078.perseus-eng1,Plut. Conjug.,English,Perseus:text:2008.01.0181,Plutarch,Conjugalia Praecepta,Plu. Conjug.,
"Perseus:abo:tlg,0007,078",urn:cts:greekLit:tlg0007.tlg078.perseus-eng2,Plut. Conjug.,English,Perseus:text:2008.01.0182,Plutarch,Conjugalia Praecepta,Plu. Conjug.,
"Perseus:abo:tlg,0007,078",urn:cts:greekLit:tlg0007.tlg078.perseus-grc1,Plut. Conjug.,Greek,Perseus:text:2008.01.0180,Plutarch,Conjugalia Praecepta,Plu. Conjug.,
"Perseus:abo:tlg,0007,079",urn:cts:greekLit:tlg0007.tlg079.perseus-eng1,Plut. Septem.,English,Perseus:text:2008.01.0185,Plutarch,Septem sapientium convivium,Plu. Conv. sept. sap.,
"Perseus:abo:tlg,0007,079",urn:cts:greekLit:tlg0007.tlg079.perseus-eng2,Plut. Septem.,English,Perseus:text:2008.01.0186,Plutarch,Septem sapientium convivium,Plu. Conv. sept. sap.,
"Perseus:abo:tlg,0007,079",urn:cts:greekLit:tlg0007.tlg079.perseus-grc1,Plut. Septem.,Greek,Perseus:text:2008.01.0184,Plutarch,Septem sapientium convivium,Plu. Conv. sept. sap.,
"Perseus:abo:tlg,0007,080",urn:cts:greekLit:tlg0007.tlg080.perseus-eng1,Plut. De Super.,English,Perseus:text:2008.01.0189,Plutarch,De superstitione,Plu. De Super.; Plu. De superst.,
"Perseus:abo:tlg,0007,080",urn:cts:greekLit:tlg0007.tlg080.perseus-eng2,Plut. De Super.,English,Perseus:text:2008.01.0190,Plutarch,De superstitione,Plu. De Super.; Plu. De superst.,
"Perseus:abo:tlg,0007,080",urn:cts:greekLit:tlg0007.tlg080.perseus-grc1,Plut. De Super.,Greek,Perseus:text:2008.01.0188,Plutarch,De superstitione,Plu. De Super.; Plu. De superst.,
"Perseus:abo:tlg,0007,081",urn:cts:greekLit:tlg0007.tlg081.perseus-eng1,Plut. Regum,English,Perseus:text:2008.01.0193,Plutarch,Regum et imperatorum apophthegmata,Plu. Regum,
"Perseus:abo:tlg,0007,081",urn:cts:greekLit:tlg0007.tlg081.perseus-eng2,Plut. Regum,English,Perseus:text:2008.01.0194,Plutarch,Regum et imperatorum apophthegmata,Plu. Regum,
"Perseus:abo:tlg,0007,081",urn:cts:greekLit:tlg0007.tlg081.perseus-grc1,Plut. Regum,Greek,Perseus:text:2008.01.0191,Plutarch,Regum et imperatorum apophthegmata,Plu. Regum,
"Perseus:abo:tlg,0007,081",urn:cts:greekLit:tlg0007.tlg081.perseus-grc2,Plut. Regum,Greek,Perseus:text:2008.01.0192,Plutarch,Regum et imperatorum apophthegmata,Plu. Regum,
"Perseus:abo:tlg,0007,082",urn:cts:greekLit:tlg0007.tlg082.perseus-eng1,Plut. Apoph.,English,Perseus:text:2008.01.0197,Plutarch,Apophthegmata Laconica,Plu. Apoph.,
"Perseus:abo:tlg,0007,082",urn:cts:greekLit:tlg0007.tlg082.perseus-eng2,Plut. Apoph.,English,Perseus:text:2008.01.0198,Plutarch,Apophthegmata Laconica,Plu. Apoph.,
"Perseus:abo:tlg,0007,082",urn:cts:greekLit:tlg0007.tlg082.perseus-grc1,Plut. Apoph.,Greek,Perseus:text:2008.01.0195,Plutarch,Apophthegmata Laconica,Plu. Apoph.,
"Perseus:abo:tlg,0007,082",urn:cts:greekLit:tlg0007.tlg082.perseus-grc2,Plut. Apoph.,Greek,Perseus:text:2008.01.0196,Plutarch,Apophthegmata Laconica,Plu. Apoph.,
"Perseus:abo:tlg,0007,082a",urn:cts:greekLit:tlg0007.tlg082a.perseus-eng1,Plut. Inst.,English,Perseus:text:2008.01.0201,Plutarch,Instituta Laconica,Plu. Inst.,
"Perseus:abo:tlg,0007,082a",urn:cts:greekLit:tlg0007.tlg082a.perseus-grc1,Plut. Inst.,Greek,Perseus:text:2008.01.0199,Plutarch,Instituta Laconica,Plu. Inst.,
"Perseus:abo:tlg,0007,082a",urn:cts:greekLit:tlg0007.tlg082a.perseus-grc2,Plut. Inst.,Greek,Perseus:text:2008.01.0200,Plutarch,Instituta Laconica,Plu. Inst.,
"Perseus:abo:tlg,0007,082b",urn:cts:greekLit:tlg0007.tlg082b.perseus-eng1,Plut. Lacae.,English,Perseus:text:2008.01.0204,Plutarch,Lacaenarum Apophthegmata,Plu. Lacae.,
"Perseus:abo:tlg,0007,082b",urn:cts:greekLit:tlg0007.tlg082b.perseus-grc1,Plut. Lacae.,Greek,Perseus:text:2008.01.0202,Plutarch,Lacaenarum Apophthegmata,Plu. Lacae.,
"Perseus:abo:tlg,0007,082b",urn:cts:greekLit:tlg0007.tlg082b.perseus-grc2,Plut. Lacae.,Greek,Perseus:text:2008.01.0203,Plutarch,Lacaenarum Apophthegmata,Plu. Lacae.,
"Perseus:abo:tlg,0007,083",urn:cts:greekLit:tlg0007.tlg083.perseus-eng1,Plut. Mulier.,English,Perseus:text:2008.01.0207,Plutarch,Mulierum virtutes,Plu. Mulier.; Plut. De mul. vir.,
"Perseus:abo:tlg,0007,083",urn:cts:greekLit:tlg0007.tlg083.perseus-eng2,Plut. Mulier.,English,Perseus:text:2008.01.0208,Plutarch,Mulierum virtutes,Plu. Mulier.; Plut. De mul. vir.,
"Perseus:abo:tlg,0007,083",urn:cts:greekLit:tlg0007.tlg083.perseus-grc1,Plut. Mulier.,Greek,Perseus:text:2008.01.0205,Plutarch,Mulierum virtutes,Plu. Mulier.; Plut. De mul. vir.,
"Perseus:abo:tlg,0007,083",urn:cts:greekLit:tlg0007.tlg083.perseus-grc2,Plut. Mulier.,Greek,Perseus:text:2008.01.0206,Plutarch,Mulierum virtutes,Plu. Mulier.; Plut. De mul. vir.,
"Perseus:abo:tlg,0007,084a",urn:cts:greekLit:tlg0007.tlg084a.perseus-eng1,Plut. Quaes. Rom.,English,Perseus:text:2008.01.0211,Plutarch,Quaestiones Romanae,Plu. Quaes. Rom.; Plu. Quaest. Rom.,
"Perseus:abo:tlg,0007,084a",urn:cts:greekLit:tlg0007.tlg084a.perseus-eng2,Plut. Quaes. Rom.,English,Perseus:text:2008.01.0212,Plutarch,Quaestiones Romanae,Plu. Quaes. Rom.; Plu. Quaest. Rom.,
"Perseus:abo:tlg,0007,084a",urn:cts:greekLit:tlg0007.tlg084a.perseus-grc1,Plut. Quaes. Rom.,Greek,Perseus:text:2008.01.0209,Plutarch,Quaestiones Romanae,Plu. Quaes. Rom.; Plu. Quaest. Rom.,
"Perseus:abo:tlg,0007,084a",urn:cts:greekLit:tlg0007.tlg084a.perseus-grc2,Plut. Quaes. Rom.,Greek,Perseus:text:2008.01.0210,Plutarch,Quaestiones Romanae,Plu. Quaes. Rom.; Plu. Quaest. Rom.,
"Perseus:abo:tlg,0007,084b",urn:cts:greekLit:tlg0007.tlg084b.perseus-eng1,Plut. Quaes. Gr.,English,Perseus:text:2008.01.0215,Plutarch,Quaestiones Graecae,Plu. Quaes. Gr.; Plu. Quaest. Graec.,
"Perseus:abo:tlg,0007,084b",urn:cts:greekLit:tlg0007.tlg084b.perseus-eng2,Plut. Quaes. Gr.,English,Perseus:text:2008.01.0216,Plutarch,Quaestiones Graecae,Plu. Quaes. Gr.; Plu. Quaest. Graec.,
"Perseus:abo:tlg,0007,084b",urn:cts:greekLit:tlg0007.tlg084b.perseus-grc1,Plut. Quaes. Gr.,Greek,Perseus:text:2008.01.0213,Plutarch,Quaestiones Graecae,Plu. Quaes. Gr.; Plu. Quaest. Graec.,
"Perseus:abo:tlg,0007,084b",urn:cts:greekLit:tlg0007.tlg084b.perseus-grc2,Plut. Quaes. Gr.,Greek,Perseus:text:2008.01.0214,Plutarch,Quaestiones Graecae,Plu. Quaes. Gr.; Plu. Quaest. Graec.,
"Perseus:abo:tlg,0007,085",urn:cts:greekLit:tlg0007.tlg085.perseus-eng1,Plut. Para.,English,Perseus:text:2008.01.0219,Plutarch,Parallela minora,Plu. Para.,
"Perseus:abo:tlg,0007,085",urn:cts:greekLit:tlg0007.tlg085.perseus-eng2,Plut. Para.,English,Perseus:text:2008.01.0220,Plutarch,Parallela minora,Plu. Para.,
"Perseus:abo:tlg,0007,085",urn:cts:greekLit:tlg0007.tlg085.perseus-grc1,Plut. Para.,Greek,Perseus:text:2008.01.0217,Plutarch,Parallela minora,Plu. Para.,
"Perseus:abo:tlg,0007,085",urn:cts:greekLit:tlg0007.tlg085.perseus-grc2,Plut. Para.,Greek,Perseus:text:2008.01.0218,Plutarch,Parallela minora,Plu. Para.,
"Perseus:abo:tlg,0007,086",urn:cts:greekLit:tlg0007.tlg086.perseus-eng1,Plut. De Fort. Rom.,English,Perseus:text:2008.01.0223,Plutarch,De fortuna Romanorum,Plu. De Fort. Rom.; Plu. De fort. Rom.,
"Perseus:abo:tlg,0007,086",urn:cts:greekLit:tlg0007.tlg086.perseus-eng2,Plut. De Fort. Rom.,English,Perseus:text:2008.01.0224,Plutarch,De fortuna Romanorum,Plu. De Fort. Rom.; Plu. De fort. Rom.,
"Perseus:abo:tlg,0007,086",urn:cts:greekLit:tlg0007.tlg086.perseus-grc1,Plut. De Fort. Rom.,Greek,Perseus:text:2008.01.0221,Plutarch,De fortuna Romanorum,Plu. De Fort. Rom.; Plu. De fort. Rom.,
"Perseus:abo:tlg,0007,086",urn:cts:greekLit:tlg0007.tlg086.perseus-grc2,Plut. De Fort. Rom.,Greek,Perseus:text:2008.01.0222,Plutarch,De fortuna Romanorum,Plu. De Fort. Rom.; Plu. De fort. Rom.,
"Perseus:abo:tlg,0007,087",urn:cts:greekLit:tlg0007.tlg087.perseus-eng1,Plut. De Alex.,English,Perseus:text:2008.01.0231,Plutarch,De Alexandri magni fortuna aut virtute,Plu. De Alex.; Plu. De Alex. fort.,
"Perseus:abo:tlg,0007,087",urn:cts:greekLit:tlg0007.tlg087.perseus-eng2,Plut. De Alex.,English,Perseus:text:2008.01.0232,Plutarch,De Alexandri magni fortuna aut virtute,Plu. De Alex.,
"Perseus:abo:tlg,0007,087",urn:cts:greekLit:tlg0007.tlg087.perseus-grc1,Plut. De Alex.,Greek,Perseus:text:2008.01.0229,Plutarch,De Alexandri magni fortuna aut virtute,Plu. De Alex.,
"Perseus:abo:tlg,0007,087",urn:cts:greekLit:tlg0007.tlg087.perseus-grc2,Plut. De Alex.,Greek,Perseus:text:2008.01.0230,Plutarch,De Alexandri magni fortuna aut virtute,Plu. De Alex.,
"Perseus:abo:tlg,0007,088",urn:cts:greekLit:tlg0007.tlg088.perseus-eng1,Plut. De Gloria,English,Perseus:text:2008.01.0235,Plutarch,De gloria Atheniensium,Plu. De Gloria; Plu. De glor. Ath.,
"Perseus:abo:tlg,0007,088",urn:cts:greekLit:tlg0007.tlg088.perseus-eng2,Plut. De Gloria,English,Perseus:text:2008.01.0236,Plutarch,De gloria Atheniensium,Plu. De Gloria; Plu. De glor. Ath.,
"Perseus:abo:tlg,0007,088",urn:cts:greekLit:tlg0007.tlg088.perseus-grc1,Plut. De Gloria,Greek,Perseus:text:2008.01.0233,Plutarch,De gloria Atheniensium,Plu. De Gloria; Plu. De glor. Ath.,
"Perseus:abo:tlg,0007,088",urn:cts:greekLit:tlg0007.tlg088.perseus-grc2,Plut. De Gloria,Greek,Perseus:text:2008.01.0234,Plutarch,De gloria Atheniensium,Plu. De Gloria; Plu. De glor. Ath.,
"Perseus:abo:tlg,0007,089",urn:cts:greekLit:tlg0007.tlg089.perseus-eng1,Plut. De Iside,English,Perseus:text:2008.01.0239,Plutarch,De Iside et Osiride,Plu. De Iside; Plu. De Is. et Os.,
"Perseus:abo:tlg,0007,089",urn:cts:greekLit:tlg0007.tlg089.perseus-eng2,Plut. De Iside,English,Perseus:text:2008.01.0240,Plutarch,De Iside et Osiride,Plu. De Iside; Plu. De Is. et Os.,
"Perseus:abo:tlg,0007,089",urn:cts:greekLit:tlg0007.tlg089.perseus-grc1,Plut. De Iside,Greek,Perseus:text:2008.01.0238,Plutarch,De Iside et Osiride,Plu. De Iside; Plu. De Is. et Os.,
"Perseus:abo:tlg,0007,090",urn:cts:greekLit:tlg0007.tlg090.perseus-eng1,Plut. De E,English,Perseus:text:2008.01.0243,Plutarch,De E apud Delphos,Plu. De E,
"Perseus:abo:tlg,0007,090",urn:cts:greekLit:tlg0007.tlg090.perseus-eng2,Plut. De E,English,Perseus:text:2008.01.0244,Plutarch,De E apud Delphos,Plu. De E,
"Perseus:abo:tlg,0007,090",urn:cts:greekLit:tlg0007.tlg090.perseus-grc1,Plut. De E,Greek,Perseus:text:2008.01.0242,Plutarch,De E apud Delphos,Plu. De E,
"Perseus:abo:tlg,0007,091",urn:cts:greekLit:tlg0007.tlg091.perseus-eng1,Plut. De Pyth.,English,Perseus:text:2008.01.0247,Plutarch,De Pythiae oraculis,Plu. De Pyth.; Plu. De Pyth. or.,
"Perseus:abo:tlg,0007,091",urn:cts:greekLit:tlg0007.tlg091.perseus-eng2,Plut. De Pyth.,English,Perseus:text:2008.01.0248,Plutarch,De Pythiae oraculis,Plu. De Pyth.; Plu. De Pyth. or.,
"Perseus:abo:tlg,0007,091",urn:cts:greekLit:tlg0007.tlg091.perseus-grc1,Plut. De Pyth.,Greek,Perseus:text:2008.01.0246,Plutarch,De Pythiae oraculis,Plu. De Pyth.; Plu. De Pyth. or.,
"Perseus:abo:tlg,0007,092",urn:cts:greekLit:tlg0007.tlg092.perseus-eng1,Plut. De Defect.,English,Perseus:text:2008.01.0251,Plutarch,De defectu oraculorum,Plu. De Defect.; Plu. De def. or.,
"Perseus:abo:tlg,0007,092",urn:cts:greekLit:tlg0007.tlg092.perseus-eng2,Plut. De Defect.,English,Perseus:text:2008.01.0252,Plutarch,De defectu oraculorum,Plu. De Defect.; Plu. De def. or.,
"Perseus:abo:tlg,0007,092",urn:cts:greekLit:tlg0007.tlg092.perseus-grc1,Plut. De Defect.,Greek,Perseus:text:2008.01.0250,Plutarch,De defectu oraculorum,Plu. De Defect.; Plu. De def. or.,
"Perseus:abo:tlg,0007,093",urn:cts:greekLit:tlg0007.tlg093.perseus-eng1,Plut. An Virtus,English,Perseus:text:2008.01.0255,Plutarch,An virtus doceri possit,Plu. An Virtus,
"Perseus:abo:tlg,0007,093",urn:cts:greekLit:tlg0007.tlg093.perseus-eng2,Plut. An Virtus,English,Perseus:text:2008.01.0256,Plutarch,An virtus doceri possit,Plu. An Virtus,
"Perseus:abo:tlg,0007,093",urn:cts:greekLit:tlg0007.tlg093.perseus-grc1,Plut. An Virtus,Greek,Perseus:text:2008.01.0254,Plutarch,An virtus doceri possit,Plu. An Virtus,
"Perseus:abo:tlg,0007,094",urn:cts:greekLit:tlg0007.tlg094.perseus-eng1,Plut. De Virt. Mor.,English,Perseus:text:2008.01.0259,Plutarch,De virtute morali,Plu. De Virt. Mor.,
"Perseus:abo:tlg,0007,094",urn:cts:greekLit:tlg0007.tlg094.perseus-eng2,Plut. De Virt. Mor.,English,Perseus:text:2008.01.0260,Plutarch,De virtute morali,Plu. De Virt. Mor.,
"Perseus:abo:tlg,0007,094",urn:cts:greekLit:tlg0007.tlg094.perseus-grc1,Plut. De Virt. Mor.,Greek,Perseus:text:2008.01.0258,Plutarch,De virtute morali,Plu. De Virt. Mor.,
"Perseus:abo:tlg,0007,095",urn:cts:greekLit:tlg0007.tlg095.perseus-eng1,Plut. De Cohib.,English,Perseus:text:2008.01.0263,Plutarch,De cohibenda ira,Plu. De Cohib.,
"Perseus:abo:tlg,0007,095",urn:cts:greekLit:tlg0007.tlg095.perseus-eng2,Plut. De Cohib.,English,Perseus:text:2008.01.0264,Plutarch,De cohibenda ira,Plu. De Cohib.,
"Perseus:abo:tlg,0007,095",urn:cts:greekLit:tlg0007.tlg095.perseus-grc1,Plut. De Cohib.,Greek,Perseus:text:2008.01.0262,Plutarch,De cohibenda ira,Plu. De Cohib.,
"Perseus:abo:tlg,0007,096",urn:cts:greekLit:tlg0007.tlg096.perseus-eng1,Plut. De Tranq.,English,Perseus:text:2008.01.0267,Plutarch,De tranquilitate animi,Plu. De Tranq.; Plu. De tranq. anim.,
"Perseus:abo:tlg,0007,096",urn:cts:greekLit:tlg0007.tlg096.perseus-eng2,Plut. De Tranq.,English,Perseus:text:2008.01.0268,Plutarch,De tranquilitate animi,Plu. De Tranq.; Plu. De tranq. anim.,
"Perseus:abo:tlg,0007,096",urn:cts:greekLit:tlg0007.tlg096.perseus-grc1,Plut. De Tranq.,Greek,Perseus:text:2008.01.0266,Plutarch,De tranquilitate animi,Plu. De Tranq.; Plu. De tranq. anim.,
"Perseus:abo:tlg,0007,097",urn:cts:greekLit:tlg0007.tlg097.perseus-eng1,Plut. De Frat.,English,Perseus:text:2008.01.0271,Plutarch,De fraterno amore,Plu. De Frat.; Plu. De frat. amor.,
"Perseus:abo:tlg,0007,097",urn:cts:greekLit:tlg0007.tlg097.perseus-eng2,Plut. De Frat.,English,Perseus:text:2008.01.0272,Plutarch,De fraterno amore,Plu. De Frat.; Plu. De frat. amor.,
"Perseus:abo:tlg,0007,097",urn:cts:greekLit:tlg0007.tlg097.perseus-grc1,Plut. De Frat.,Greek,Perseus:text:2008.01.0270,Plutarch,De fraterno amore,Plu. De Frat.; Plu. De frat. amor.,
"Perseus:abo:tlg,0007,098",urn:cts:greekLit:tlg0007.tlg098.perseus-eng1,Plut. De Amore,English,Perseus:text:2008.01.0275,Plutarch,De amore prolis,Plu. De Amore,
"Perseus:abo:tlg,0007,098",urn:cts:greekLit:tlg0007.tlg098.perseus-eng2,Plut. De Amore,English,Perseus:text:2008.01.0276,Plutarch,De amore prolis,Plu. De Amore,
"Perseus:abo:tlg,0007,098",urn:cts:greekLit:tlg0007.tlg098.perseus-grc1,Plut. De Amore,Greek,Perseus:text:2008.01.0274,Plutarch,De amore prolis,Plu. De Amore,
"Perseus:abo:tlg,0007,099",urn:cts:greekLit:tlg0007.tlg099.perseus-eng1,Plut. An Viti.,English,Perseus:text:2008.01.0279,Plutarch,An vitiositas ad infelicitatem sufficia,Plu. An Viti.,
"Perseus:abo:tlg,0007,099",urn:cts:greekLit:tlg0007.tlg099.perseus-eng2,Plut. An Viti.,English,Perseus:text:2008.01.0280,Polybius,An vitiositas ad infelicitatem sufficia,Plu. An Viti.,
"Perseus:abo:tlg,0007,099",urn:cts:greekLit:tlg0007.tlg099.perseus-grc1,Plut. An Viti.,Greek,Perseus:text:2008.01.0278,Plutarch,An vitiositas ad infelicitatem sufficia,Plu. An Viti.,
"Perseus:abo:tlg,0007,100",urn:cts:greekLit:tlg0007.tlg100.perseus-eng1,Plut. Animine,English,Perseus:text:2008.01.0283,Plutarch,Animine an corporis affectiones sint peiores,Plu. Animine,
"Perseus:abo:tlg,0007,100",urn:cts:greekLit:tlg0007.tlg100.perseus-eng2,Plut. Animine,English,Perseus:text:2008.01.0284,Plutarch,Animine an corporis affectiones sint peiores,Plu. Animine,
"Perseus:abo:tlg,0007,100",urn:cts:greekLit:tlg0007.tlg100.perseus-grc1,Plut. Animine,Greek,Perseus:text:2008.01.0282,Plutarch,Animine an corporis affectiones sint peiores,Plu. Animine,
"Perseus:abo:tlg,0007,101",urn:cts:greekLit:tlg0007.tlg101.perseus-eng1,Plut. De Garr.,English,Perseus:text:2008.01.0287,Plutarch,De garrulitate,Plu. De Garr.,
"Perseus:abo:tlg,0007,101",urn:cts:greekLit:tlg0007.tlg101.perseus-eng2,Plut. De Garr.,English,Perseus:text:2008.01.0288,Plutarch,De garrulitate,Plu. De Garr.,
"Perseus:abo:tlg,0007,101",urn:cts:greekLit:tlg0007.tlg101.perseus-grc1,Plut. De Garr.,Greek,Perseus:text:2008.01.0286,Plutarch,De garrulitate,Plu. De Garr.,
"Perseus:abo:tlg,0007,102",urn:cts:greekLit:tlg0007.tlg102.perseus-eng1,Plut. De Cur.,English,Perseus:text:2008.01.0291,Plutarch,De curiositate,Plu. De Cur.,
"Perseus:abo:tlg,0007,102",urn:cts:greekLit:tlg0007.tlg102.perseus-eng2,Plut. De Cur.,English,Perseus:text:2008.01.0292,Plutarch,De curiositate,Plu. De Cur.,
"Perseus:abo:tlg,0007,102",urn:cts:greekLit:tlg0007.tlg102.perseus-grc1,Plut. De Cur.,Greek,Perseus:text:2008.01.0290,Plutarch,De curiositate,Plu. De Cur.,
"Perseus:abo:tlg,0007,103",urn:cts:greekLit:tlg0007.tlg103.perseus-eng1,Plut. De Cup.,English,Perseus:text:2008.01.0294,Plutarch,De cupiditate divitiarum,Plu. De Cup.,
"Perseus:abo:tlg,0007,103",urn:cts:greekLit:tlg0007.tlg103.perseus-grc1,Plut. De Cup.,Greek,Perseus:text:2008.01.0293,Plutarch,De cupiditate divitiarum,Plu. De Cup.,
"Perseus:abo:tlg,0007,104",urn:cts:greekLit:tlg0007.tlg104.perseus-eng1,Plut. De Vitioso,English,Perseus:text:2008.01.0296,Plutarch,De vitioso pudore,Plu. De Vitioso,
"Perseus:abo:tlg,0007,104",urn:cts:greekLit:tlg0007.tlg104.perseus-grc1,Plut. De Vitioso,Greek,Perseus:text:2008.01.0295,Plutarch,De vitioso pudore,Plu. De Vitioso,
"Perseus:abo:tlg,0007,105",urn:cts:greekLit:tlg0007.tlg105.perseus-eng1,Plut. De Invidia,English,Perseus:text:2008.01.0298,Plutarch,De invidia et odio,Plu. De Invidia,
"Perseus:abo:tlg,0007,105",urn:cts:greekLit:tlg0007.tlg105.perseus-grc1,Plut. De Invidia,Greek,Perseus:text:2008.01.0297,Plutarch,De invidia et odio,Plu. De Invidia,
"Perseus:abo:tlg,0007,106",urn:cts:greekLit:tlg0007.tlg106.perseus-eng1,Plut. De Se Ipsum,English,Perseus:text:2008.01.0300,Plutarch,De Se Ipsum Citra Invidiam Laudando,Plu. De Se Ipsum,
"Perseus:abo:tlg,0007,106",urn:cts:greekLit:tlg0007.tlg106.perseus-grc1,Plut. De Se Ipsum,Greek,Perseus:text:2008.01.0299,Plutarch,De Se Ipsum Citra Invidiam Laudando,Plu. De Se Ipsum,
"Perseus:abo:tlg,0007,107",urn:cts:greekLit:tlg0007.tlg107.perseus-eng1,Plut. De Sera,English,Perseus:text:2008.01.0302,Plutarch,De sera numinis vindicta,Plu. De Sera,
"Perseus:abo:tlg,0007,107",urn:cts:greekLit:tlg0007.tlg107.perseus-grc1,Plut. De Sera,Greek,Perseus:text:2008.01.0301,Plutarch,De sera numinis vindicta,Plu. De Sera,
"Perseus:abo:tlg,0007,108",urn:cts:greekLit:tlg0007.tlg108.perseus-eng1,Plut. De Fato,English,Perseus:text:2008.01.0304,Plutarch,De fato,Plu. De Fato,
"Perseus:abo:tlg,0007,108",urn:cts:greekLit:tlg0007.tlg108.perseus-grc1,Plut. De Fato,Greek,Perseus:text:2008.01.0303,Plutarch,De fato,Plu. De Fato,
"Perseus:abo:tlg,0007,109",urn:cts:greekLit:tlg0007.tlg109.perseus-eng1,Plut. De Genio,English,Perseus:text:2008.01.0306,Plutarch,De genio Socratis,Plu. De Genio; Plu. De gen.,
"Perseus:abo:tlg,0007,109",urn:cts:greekLit:tlg0007.tlg109.perseus-grc1,Plut. De Genio,Greek,Perseus:text:2008.01.0305,Plutarch,De genio Socratis,Plu. De Genio; Plu. De gen.,
"Perseus:abo:tlg,0007,110",urn:cts:greekLit:tlg0007.tlg110.perseus-eng1,Plut. De Exilio,English,Perseus:text:2008.01.0308,Plutarch,De exilio,Plu. De Exilio; Plu. De exil.,
"Perseus:abo:tlg,0007,110",urn:cts:greekLit:tlg0007.tlg110.perseus-grc1,Plut. De Exilio,Greek,Perseus:text:2008.01.0307,Plutarch,De exilio,Plu. De Exilio; Plu. De exil.,
"Perseus:abo:tlg,0007,111",urn:cts:greekLit:tlg0007.tlg111.perseus-eng1,Plut. Cons. Uxor.,English,Perseus:text:2008.01.0310,Plutarch,Consolatio ad uxorem,Plu. Cons. Uxor.,
"Perseus:abo:tlg,0007,111",urn:cts:greekLit:tlg0007.tlg111.perseus-grc1,Plut. Cons. Uxor.,Greek,Perseus:text:2008.01.0309,Plutarch,Consolatio ad uxorem,Plu. Cons. Uxor.,
"Perseus:abo:tlg,0007,112",urn:cts:greekLit:tlg0007.tlg112.perseus-eng1,Plut. Quaes. Conv.,English,Perseus:text:2008.01.0312,Plutarch,Quaestiones Convivales,Plu. Quaes. Conv.; Plu. Quaest. conv.,
"Perseus:abo:tlg,0007,112",urn:cts:greekLit:tlg0007.tlg112.perseus-grc1,Plut. Quaes. Conv.,Greek,Perseus:text:2008.01.0311,Plutarch,Quaestiones Convivales,Plu. Quaes. Conv.; Plu. Quaest. conv.,
"Perseus:abo:tlg,0007,113",urn:cts:greekLit:tlg0007.tlg113.perseus-eng1,Plut. Amatorius,English,Perseus:text:2008.01.0314,Plutarch,Amatorius,Plu. Amat.,
"Perseus:abo:tlg,0007,113",urn:cts:greekLit:tlg0007.tlg113.perseus-grc1,Plut. Amatorius,Greek,Perseus:text:2008.01.0313,Plutarch,Amatorius,Plu. Amat.,
"Perseus:abo:tlg,0007,114",urn:cts:greekLit:tlg0007.tlg114.perseus-eng1,Plut. Amatoriae,English,Perseus:text:2008.01.0317,Plutarch,Amatoriae narrationes,Plu. Am.Narr.,
"Perseus:abo:tlg,0007,114",urn:cts:greekLit:tlg0007.tlg114.perseus-eng2,Plut. Amatoriae,English,Perseus:text:2008.01.0318,Plutarch,Amatoriae narrationes,Plu. Am.Narr.,
"Perseus:abo:tlg,0007,114",urn:cts:greekLit:tlg0007.tlg114.perseus-grc1,Plut. Amatoriae,Greek,Perseus:text:2008.01.0316,Plutarch,Amatoriae narrationes,Plu. Am.Narr.,
"Perseus:abo:tlg,0007,115",urn:cts:greekLit:tlg0007.tlg115.perseus-eng1,Plut. Maxime,English,Perseus:text:2008.01.0321,Plutarch,Maxime cum principbus philosopho esse diserendum,Plu. Maxime,
"Perseus:abo:tlg,0007,115",urn:cts:greekLit:tlg0007.tlg115.perseus-eng2,Plut. Maxime,English,Perseus:text:2008.01.0322,Plutarch,Maxime cum principbus philosopho esse diserendum,Plu. Maxime,
"Perseus:abo:tlg,0007,115",urn:cts:greekLit:tlg0007.tlg115.perseus-grc1,Plut. Maxime,Greek,Perseus:text:2008.01.0320,Plutarch,Maxime cum principbus philosopho esse diserendum,Plu. Maxime,
"Perseus:abo:tlg,0007,116",urn:cts:greekLit:tlg0007.tlg116.perseus-eng1,Plut. Ad Princ.,English,Perseus:text:2008.01.0325,Plutarch,Ad principem ineruditum,Plu. Ad Princ.,
"Perseus:abo:tlg,0007,116",urn:cts:greekLit:tlg0007.tlg116.perseus-eng2,Plut. Ad Princ.,English,Perseus:text:2008.01.0326,Plutarch,Ad principem ineruditum,Plu. Ad Princ.,
"Perseus:abo:tlg,0007,116",urn:cts:greekLit:tlg0007.tlg116.perseus-grc1,Plut. Ad Princ.,Greek,Perseus:text:2008.01.0324,Plutarch,Ad principem ineruditum,Plu. Ad Princ.,
"Perseus:abo:tlg,0007,117",urn:cts:greekLit:tlg0007.tlg117.perseus-eng1,Plut. An Seni,English,Perseus:text:2008.01.0329,Plutarch,An seni respublica gerenda sit,Plu. An Seni,
"Perseus:abo:tlg,0007,117",urn:cts:greekLit:tlg0007.tlg117.perseus-eng2,Plut. An Seni,English,Perseus:text:2008.01.0330,Plutarch,An seni respublica gerenda sit,Plu. An Seni,
"Perseus:abo:tlg,0007,117",urn:cts:greekLit:tlg0007.tlg117.perseus-grc1,Plut. An Seni,Greek,Perseus:text:2008.01.0328,Plutarch,An seni respublica gerenda sit,Plu. An Seni,
"Perseus:abo:tlg,0007,118",urn:cts:greekLit:tlg0007.tlg118.perseus-eng1,Plut. Praecepta,English,Perseus:text:2008.01.0333,Plutarch,Praecepta gerendae reipublicae,Plu. Praecepta; Plu. Prae. ger. reip.,
"Perseus:abo:tlg,0007,118",urn:cts:greekLit:tlg0007.tlg118.perseus-eng2,Plut. Praecepta,English,Perseus:text:2008.01.0334,Plutarch,Praecepta gerendae reipublicae,Plu. Praecepta; Plu. Prae. ger. reip.,
"Perseus:abo:tlg,0007,118",urn:cts:greekLit:tlg0007.tlg118.perseus-grc1,Plut. Praecepta,Greek,Perseus:text:2008.01.0332,Plutarch,Praecepta gerendae reipublicae,Plu. Praecepta; Plu. Prae. ger. reip.,
"Perseus:abo:tlg,0007,119",urn:cts:greekLit:tlg0007.tlg119.perseus-eng1,Plut. De Unius,English,Perseus:text:2008.01.0337,Plutarch,De unius in republica dominatione,Plu. De Unius,
"Perseus:abo:tlg,0007,119",urn:cts:greekLit:tlg0007.tlg119.perseus-eng2,Plut. De Unius,English,Perseus:text:2008.01.0338,Plutarch,De unius in republica dominatione,Plu. De Unius,
"Perseus:abo:tlg,0007,119",urn:cts:greekLit:tlg0007.tlg119.perseus-grc1,Plut. De Unius,Greek,Perseus:text:2008.01.0336,Plutarch,De unius in republica dominatione,Plu. De Unius,
"Perseus:abo:tlg,0007,120",urn:cts:greekLit:tlg0007.tlg120.perseus-eng1,Plut. De Vitando,English,Perseus:text:2008.01.0341,Plutarch,De vitando aere alieno,Plu. De Vitando,
"Perseus:abo:tlg,0007,120",urn:cts:greekLit:tlg0007.tlg120.perseus-eng2,Plut. De Vitando,English,Perseus:text:2008.01.0342,Plutarch,De vitando aere alieno,Plu. De Vitando,
"Perseus:abo:tlg,0007,120",urn:cts:greekLit:tlg0007.tlg120.perseus-grc1,Plut. De Vitando,Greek,Perseus:text:2008.01.0340,Plutarch,De vitando aere alieno,Plu. De Vitando,
"Perseus:abo:tlg,0007,121",urn:cts:greekLit:tlg0007.tlg121.perseus-eng1,Plut. Vit. Dec.,English,Perseus:text:2008.01.0345,Plutarch,Vitae decem oratorum,Plu. Vit. Dec.,
"Perseus:abo:tlg,0007,121",urn:cts:greekLit:tlg0007.tlg121.perseus-eng2,Plut. Vit. Dec.,English,Perseus:text:2008.01.0346,Plutarch,Vitae decem oratorum,Plu. Vit. Dec.,
"Perseus:abo:tlg,0007,121",urn:cts:greekLit:tlg0007.tlg121.perseus-grc1,Plut. Vit. Dec.,Greek,Perseus:text:2008.01.0344,Plutarch,Vitae decem oratorum,Plu. Vit. Dec.,
"Perseus:abo:tlg,0007,122",urn:cts:greekLit:tlg0007.tlg122.perseus-eng1,Plut. Compar.,English,Perseus:text:2008.01.0349,Plutarch,Comparationis Aristophanis et Menandri compendium,Plu. Comp. Ar. et Men.,
"Perseus:abo:tlg,0007,122",urn:cts:greekLit:tlg0007.tlg122.perseus-eng2,Plut. Compar.,English,Perseus:text:2008.01.0350,Plutarch,Comparationis Aristophanis et Menandri compendium,Plu. Comp. Ar. et Men.,
"Perseus:abo:tlg,0007,122",urn:cts:greekLit:tlg0007.tlg122.perseus-grc1,Plut. Compar.,Greek,Perseus:text:2008.01.0348,Plutarch,Comparationis Aristophanis et Menandri compendium,Plu. Comp. Ar. et Men.,
"Perseus:abo:tlg,0007,123",urn:cts:greekLit:tlg0007.tlg123.perseus-eng1,Plut. De Herod.,English,Perseus:text:2008.01.0352,Plutarch,De Herodoti malignitate,Plu. De Herod.,
"Perseus:abo:tlg,0007,123",urn:cts:greekLit:tlg0007.tlg123.perseus-grc1,Plut. De Herod.,Greek,Perseus:text:2008.01.0351,Plutarch,De Herodoti malignitate,Plu. De Herod.,
"Perseus:abo:tlg,0007,125",urn:cts:greekLit:tlg0007.tlg125.perseus-eng1,Plut. Quaes. Nat.,English,Perseus:text:2008.01.0354,Plutarch,Quaestiones Naturales,Plu. Quaes. Nat.,
"Perseus:abo:tlg,0007,125",urn:cts:greekLit:tlg0007.tlg125.perseus-grc1,Plut. Quaes. Nat.,Greek,Perseus:text:2008.01.0353,Plutarch,Quaestiones Naturales,Plu. Quaes. Nat.,
"Perseus:abo:tlg,0007,126",urn:cts:greekLit:tlg0007.tlg126.perseus-eng1,Plut. De Faciae,English,Perseus:text:2008.01.0358,Plutarch,De faciae quae in orbe lunae apparet,Plu. De Faciae; Plu. De fac.,
"Perseus:abo:tlg,0007,126",urn:cts:greekLit:tlg0007.tlg126.perseus-eng2,Plut. De Faciae,English,Perseus:text:2008.01.0357,Plutarch,De facie quae in orbe lunae apparet,Plu. De Faciae; Plu. De fac.,
"Perseus:abo:tlg,0007,126",urn:cts:greekLit:tlg0007.tlg126.perseus-grc1,Plut. De Faciae,Greek,Perseus:text:2008.01.0356,Plutarch,De faciae quae in orbe lunae apparet,Plu. De Faciae; Plu. De fac.,
"Perseus:abo:tlg,0007,127",urn:cts:greekLit:tlg0007.tlg127.perseus-eng1,Plut. De Primo,English,Perseus:text:2008.01.0362,Plutarch,De primo frigido,Plu. De Primo,
"Perseus:abo:tlg,0007,127",urn:cts:greekLit:tlg0007.tlg127.perseus-grc1,Plut. De Primo,Greek,Perseus:text:2008.01.0360,Plutarch,De primo frigido,Plu. De Primo,
"Perseus:abo:tlg,0007,127",urn:cts:greekLit:tlg0007.tlg127.perseus-grc2,Plut. De Primo,Greek,Perseus:text:2008.01.0361,Plutarch,De primo frigido,Plu. De Primo,
"Perseus:abo:tlg,0007,128",urn:cts:greekLit:tlg0007.tlg128.perseus-eng1,Plut. Aquane,English,Perseus:text:2008.01.0365,Plutarch,Aquane an ignis sit utilior,Plu. Aquane,
"Perseus:abo:tlg,0007,128",urn:cts:greekLit:tlg0007.tlg128.perseus-eng2,Plut. Aquane,English,Perseus:text:2008.01.0366,Plutarch,Aquane an ignis sit utilior,Plu. Aquane,
"Perseus:abo:tlg,0007,128",urn:cts:greekLit:tlg0007.tlg128.perseus-grc1,Plut. Aquane,Greek,Perseus:text:2008.01.0364,Plutarch,Aquane an ignis sit utilior,Plu. Aquane,
"Perseus:abo:tlg,0007,129",urn:cts:greekLit:tlg0007.tlg129.perseus-eng1,Plut. De Soll.,English,Perseus:text:2008.01.0369,Plutarch,De sollertia animalium,Plu. De Soll.; Plut. De soll. an.,
"Perseus:abo:tlg,0007,129",urn:cts:greekLit:tlg0007.tlg129.perseus-eng2,Plut. De Soll.,English,Perseus:text:2008.01.0370,Plutarch,De sollertia animalium,Plu. De Soll.; Plut. De soll. an.,
"Perseus:abo:tlg,0007,129",urn:cts:greekLit:tlg0007.tlg129.perseus-grc1,Plut. De Soll.,Greek,Perseus:text:2008.01.0368,Plutarch,De sollertia animalium,Plu. De Soll.; Plut. De soll. an.,
"Perseus:abo:tlg,0007,130",urn:cts:greekLit:tlg0007.tlg130.perseus-eng1,Plut. Bruta,English,Perseus:text:2008.01.0373,Plutarch,Bruta animalia ratione uti,Plu. Bruta,
"Perseus:abo:tlg,0007,130",urn:cts:greekLit:tlg0007.tlg130.perseus-eng2,Plut. Bruta,English,Perseus:text:2008.01.0374,Plutarch,Bruta animalia ratione uti,Plu. Bruta,
"Perseus:abo:tlg,0007,130",urn:cts:greekLit:tlg0007.tlg130.perseus-grc1,Plut. Bruta,Greek,Perseus:text:2008.01.0372,Plutarch,Bruta animalia ratione uti,Plu. Bruta,
"Perseus:abo:tlg,0007,131",urn:cts:greekLit:tlg0007.tlg131.perseus-eng1,Plut. De Esu 1,English,Perseus:text:2008.01.0377,Plutarch,De esu carnium I,Plu. De Esu 1,
"Perseus:abo:tlg,0007,131",urn:cts:greekLit:tlg0007.tlg131.perseus-eng2,Plut. De Esu 1,English,Perseus:text:2008.01.0378,Plutarch,De esu carnium I,Plu. De Esu 1,
"Perseus:abo:tlg,0007,131",urn:cts:greekLit:tlg0007.tlg131.perseus-grc1,Plut. De Esu 1,Greek,Perseus:text:2008.01.0376,Plutarch,De esu carnium I,Plu. De Esu 1,
"Perseus:abo:tlg,0007,132",urn:cts:greekLit:tlg0007.tlg132.perseus-eng1,Plut. De Esu 2,English,Perseus:text:2008.01.0381,Plutarch,De esu carnium II,Plu. De Esu 2,
"Perseus:abo:tlg,0007,132",urn:cts:greekLit:tlg0007.tlg132.perseus-eng2,Plut. De Esu 2,English,Perseus:text:2008.01.0382,Plutarch,De esu carnium II,Plu. De Esu 2,
"Perseus:abo:tlg,0007,132",urn:cts:greekLit:tlg0007.tlg132.perseus-grc1,Plut. De Esu 2,Greek,Perseus:text:2008.01.0380,Plutarch,De esu carnium II,Plu. De Esu 2,
"Perseus:abo:tlg,0007,133",urn:cts:greekLit:tlg0007.tlg133.perseus-eng1,Plut. Plat.,English,Perseus:text:2008.01.0384,Plutarch,Platonicae quaestiones,Plu. Plat.; Plu. Quaest. Plat.,
"Perseus:abo:tlg,0007,133",urn:cts:greekLit:tlg0007.tlg133.perseus-grc1,Plut. Plat.,Greek,Perseus:text:2008.01.0383,Plutarch,Platonicae quaestiones,Plu. Plat.; Plu. Quaest. Plat.,
"Perseus:abo:tlg,0007,134",urn:cts:greekLit:tlg0007.tlg134.perseus-eng1,Plut. De Animae,English,Perseus:text:2008.01.0386,Plutarch,De animae procreatione in Timaeo,Plu. De Animae,
"Perseus:abo:tlg,0007,134",urn:cts:greekLit:tlg0007.tlg134.perseus-grc1,Plut. De Animae,Greek,Perseus:text:2008.01.0385,Plutarch,De animae procreatione in Timaeo,Plu. De Animae,
"Perseus:abo:tlg,0007,135",urn:cts:greekLit:tlg0007.tlg135.perseus-grc1,Plut. Epit.,Greek,Perseus:text:2008.01.0387,Plutarch,Compendium libri de animae procreatione in Timaeo,Plu. Epit.,
"Perseus:abo:tlg,0007,136",urn:cts:greekLit:tlg0007.tlg136.perseus-eng1,Plut. De Stoic.,English,Perseus:text:2008.01.0389,Plutarch,De Stoicorum repugnantiis,Plu. De Stoic.,
"Perseus:abo:tlg,0007,136",urn:cts:greekLit:tlg0007.tlg136.perseus-grc1,Plut. De Stoic.,Greek,Perseus:text:2008.01.0388,Plutarch,De Stoicorum repugnantiis,Plu. De Stoic.,
"Perseus:abo:tlg,0007,137",urn:cts:greekLit:tlg0007.tlg137.perseus-eng1,Plut. Stoicos,English,Perseus:text:2008.01.0391,Plutarch,Compendium Argumenti Stoicos absurdiora poetis dicere,Plu. Stoicos,
"Perseus:abo:tlg,0007,137",urn:cts:greekLit:tlg0007.tlg137.perseus-grc1,Plut. Stoicos,Greek,Perseus:text:2008.01.0390,Plutarch,Compendium Argumenti Stoicos absurdiora poetis dicere,Plu. Stoicos,
"Perseus:abo:tlg,0007,138",urn:cts:greekLit:tlg0007.tlg138.perseus-eng1,Plut. De Comm.,English,Perseus:text:2008.01.0393,Plutarch,De communibus notitiis adversus Stoicos,Plu. De Comm.; Plu. Comm.Not.,
"Perseus:abo:tlg,0007,138",urn:cts:greekLit:tlg0007.tlg138.perseus-grc1,Plut. De Comm.,Greek,Perseus:text:2008.01.0392,Plutarch,De communibus notitiis adversus Stoicos,Plu. De Comm.; Plu. Comm.Not.,
"Perseus:abo:tlg,0007,139",urn:cts:greekLit:tlg0007.tlg139.perseus-eng1,Plut. Non Posse,English,Perseus:text:2008.01.0395,Plutarch,Non posse suaviter vivi secundum Epicurum,Plu. Non Posse,
"Perseus:abo:tlg,0007,139",urn:cts:greekLit:tlg0007.tlg139.perseus-grc1,Plut. Non Posse,Greek,Perseus:text:2008.01.0394,Plutarch,Non posse suaviter vivi secundum Epicurum,Plu. Non Posse,
"Perseus:abo:tlg,0007,140",urn:cts:greekLit:tlg0007.tlg140.perseus-eng1,Plut. Adv. Col.,English,Perseus:text:2008.01.0397,Plutarch,Adversus Colotem,Plu. Adv. Col.,
"Perseus:abo:tlg,0007,140",urn:cts:greekLit:tlg0007.tlg140.perseus-grc1,Plut. Adv. Col.,Greek,Perseus:text:2008.01.0396,Plutarch,Adversus Colotem,Plu. Adv. Col.,
"Perseus:abo:tlg,0007,141",urn:cts:greekLit:tlg0007.tlg141.perseus-eng1,Plut. De Latenter,English,Perseus:text:2008.01.0399,Plutarch,An Recte Dictum Sit Latenter Esse Vivendum,Plu. De Latenter; Plut. De lat. viv.,
"Perseus:abo:tlg,0007,141",urn:cts:greekLit:tlg0007.tlg141.perseus-grc1,Plut. De Latenter,Greek,Perseus:text:2008.01.0398,Plutarch,An Recte Dictum Sit Latenter Esse Vivendum,Plu. De Latenter; Plut. De lat. viv.,
"Perseus:abo:tlg,0008,001",urn:cts:greekLit:tlg0008.tlg001.perseus-eng1,Ath.,English,Perseus:text:2013.01.0003,Athenaeus,The Deipnosophists,,
"Perseus:abo:tlg,0008,001",urn:cts:greekLit:tlg0008.tlg001.perseus-grc1,Ath.,Greek,Perseus:text:2008.01.0405,Athenaeus,The Deipnosophists,,
"Perseus:abo:tlg,0008,001",urn:cts:greekLit:tlg0008.tlg001.perseus-grc2,Ath.,Greek,Perseus:text:2013.01.0001,Athenaeus,Deipnosophistae,,
"Perseus:abo:tlg,0010,001",urn:cts:greekLit:tlg0010.tlg001.perseus-eng1,Isoc. 21,English,Perseus:text:1999.01.0144:speech=21,Isocrates,Against Euthynus,Isoc. Orat.21,
"Perseus:abo:tlg,0010,001",urn:cts:greekLit:tlg0010.tlg001.perseus-grc1,Isoc. 21,Greek,Perseus:text:1999.01.0143:speech=21,Isocrates,In Euthynum,Isoc. Orat.21,
"Perseus:abo:tlg,0010,002",urn:cts:greekLit:tlg0010.tlg002.perseus-eng1,Isoc. 18,English,Perseus:text:1999.01.0144:speech=18,Isocrates,Against Callimachus  ,Isoc. Orat.18,
"Perseus:abo:tlg,0010,002",urn:cts:greekLit:tlg0010.tlg002.perseus-grc1,Isoc. 18,Greek,Perseus:text:1999.01.0143:speech=18,Isocrates,In Callimachum,Isoc. Orat.18,
"Perseus:abo:tlg,0010,003",urn:cts:greekLit:tlg0010.tlg003.perseus-eng1,Isoc. 20,English,Perseus:text:1999.01.0144:speech=20,Isocrates,Against Lochites ,Isoc. Orat.20,
"Perseus:abo:tlg,0010,003",urn:cts:greekLit:tlg0010.tlg003.perseus-grc1,Isoc. 20,Greek,Perseus:text:1999.01.0143:speech=20,Isocrates,In Lochitem ,Isoc. Orat.20,
"Perseus:abo:tlg,0010,004",urn:cts:greekLit:tlg0010.tlg004.perseus-eng1,Isoc. 16,English,Perseus:text:1999.01.0144:speech=16,Isocrates,On the team of horses,Isoc. Orat.16,
"Perseus:abo:tlg,0010,004",urn:cts:greekLit:tlg0010.tlg004.perseus-grc1,Isoc. 16,Greek,Perseus:text:1999.01.0143:speech=16,Isocrates,De bigis,Isoc. Orat.16,
"Perseus:abo:tlg,0010,005",urn:cts:greekLit:tlg0010.tlg005.perseus-eng1,Isoc. 17,English,Perseus:text:1999.01.0144:speech=17,Isocrates,Trapeziticus ,Isoc. Orat.17,
"Perseus:abo:tlg,0010,005",urn:cts:greekLit:tlg0010.tlg005.perseus-grc1,Isoc. 17,Greek,Perseus:text:1999.01.0143:speech=17,Isocrates,Trapeziticus ,Isoc. Orat.17,
"Perseus:abo:tlg,0010,006",urn:cts:greekLit:tlg0010.tlg006.perseus-eng1,Isoc. 19,English,Perseus:text:1999.01.0144:speech=19,Isocrates,Aegineticus,Isoc. Orat.19; Isoc. Aeg.,
"Perseus:abo:tlg,0010,006",urn:cts:greekLit:tlg0010.tlg006.perseus-grc1,Isoc. 19,Greek,Perseus:text:1999.01.0143:speech=19,Isocrates,Aegineticus,Isoc. Orat.19; Isoc. Aeg.,
"Perseus:abo:tlg,0010,007",urn:cts:greekLit:tlg0010.tlg007.perseus-eng1,Isoc. 1,English,Perseus:text:1999.01.0144:speech=1,Isocrates,To Demonicus,Isoc. Orat.1,
"Perseus:abo:tlg,0010,007",urn:cts:greekLit:tlg0010.tlg007.perseus-grc1,Isoc. 1,Greek,Perseus:text:1999.01.0143:speech=1,Isocrates,Ad Demonicum,Isoc. Orat.1,
"Perseus:abo:tlg,0010,008",urn:cts:greekLit:tlg0010.tlg008.perseus-eng1,Isoc. 13,English,Perseus:text:1999.01.0144:speech=13,Isocrates,Against the Sophists,Isoc. Orat.13; Isoc. C. soph.,
"Perseus:abo:tlg,0010,008",urn:cts:greekLit:tlg0010.tlg008.perseus-grc1,Isoc. 13,Greek,Perseus:text:1999.01.0143:speech=13,Isocrates,Contra sophistas,Isoc. Orat.13; Isoc. C. soph.,
"Perseus:abo:tlg,0010,009",urn:cts:greekLit:tlg0010.tlg009.perseus-eng1,Isoc. 10,English,Perseus:text:1999.01.0144:speech=10,Isocrates,Helen,Isoc. Orat.10; Isoc. Hel,
"Perseus:abo:tlg,0010,009",urn:cts:greekLit:tlg0010.tlg009.perseus-grc1,Isoc. 10,Greek,Perseus:text:1999.01.0143:speech=10,Isocrates,Helenae encomium,Isoc. Orat.10; Isoc. Hel,
"Perseus:abo:tlg,0010,010",urn:cts:greekLit:tlg0010.tlg010.perseus-eng1,Isoc. 11,English,Perseus:text:1999.01.0144:speech=11,Isocrates,Busiris,Isoc. Orat.11; Isoc. Bus.,
"Perseus:abo:tlg,0010,010",urn:cts:greekLit:tlg0010.tlg010.perseus-grc1,Isoc. 11,Greek,Perseus:text:1999.01.0143:speech=11,Isocrates,Busiris,Isoc. Orat.11; Isoc. Bus.,
"Perseus:abo:tlg,0010,011",urn:cts:greekLit:tlg0010.tlg011.perseus-eng1,Isoc. 4,English,Perseus:text:1999.01.0144:speech=4,Isocrates,Panegyricus,Isoc. Orat.4; Isoc. Paneg.,
"Perseus:abo:tlg,0010,011",urn:cts:greekLit:tlg0010.tlg011.perseus-grc1,Isoc. 4,Greek,Perseus:text:1999.01.0143:speech=4,Isocrates,Panegyricus,Isoc. Orat.4; Isoc. Paneg.,
"Perseus:abo:tlg,0010,012",urn:cts:greekLit:tlg0010.tlg012.perseus-eng1,Isoc. 14,English,Perseus:text:1999.01.0144:speech=14,Isocrates,Plataicus,Isoc. Orat.14,
"Perseus:abo:tlg,0010,012",urn:cts:greekLit:tlg0010.tlg012.perseus-grc1,Isoc. 14,Greek,Perseus:text:1999.01.0143:speech=14,Isocrates,Plataicus,Isoc. Orat.14,
"Perseus:abo:tlg,0010,013",urn:cts:greekLit:tlg0010.tlg013.perseus-eng1,Isoc. 2,English,Perseus:text:1999.01.0144:speech=2,Isocrates,To Nicocles,Isoc. Orat.2; Isoc. Nic.,
"Perseus:abo:tlg,0010,013",urn:cts:greekLit:tlg0010.tlg013.perseus-grc1,Isoc. 2,Greek,Perseus:text:1999.01.0143:speech=2,Isocrates,Ad Nicoclem,Isoc. Orat.2; Isoc. Nic.,
"Perseus:abo:tlg,0010,014",urn:cts:greekLit:tlg0010.tlg014.perseus-eng1,Isoc. 3,English,Perseus:text:1999.01.0144:speech=3,Isocrates,Nicocles or the Cyprians,Isoc. Orat.3,
"Perseus:abo:tlg,0010,014",urn:cts:greekLit:tlg0010.tlg014.perseus-grc1,Isoc. 3,Greek,Perseus:text:1999.01.0143:speech=3,Isocrates,Nicocles or the Cyprians,Isoc. Orat.3,
"Perseus:abo:tlg,0010,015",urn:cts:greekLit:tlg0010.tlg015.perseus-eng1,Isoc. 9,English,Perseus:text:1999.01.0144:speech=9,Isocrates,Evagoras,Isoc. Orat.9; Isoc. Evag.,
"Perseus:abo:tlg,0010,015",urn:cts:greekLit:tlg0010.tlg015.perseus-grc1,Isoc. 9,Greek,Perseus:text:1999.01.0143:speech=9,Isocrates,Evagoras,Isoc. Orat.9; Isoc. Evag.,
"Perseus:abo:tlg,0010,016",urn:cts:greekLit:tlg0010.tlg016.perseus-eng1,Isoc. 6,English,Perseus:text:1999.01.0144:speech=6,Isocrates,Archidamus,Isoc. Orat.6; Isoc. Archid.,
"Perseus:abo:tlg,0010,016",urn:cts:greekLit:tlg0010.tlg016.perseus-grc1,Isoc. 6,Greek,Perseus:text:1999.01.0143:speech=6,Isocrates,Archidamus,Isoc. Orat.6; Isoc. Archid.,
"Perseus:abo:tlg,0010,017",urn:cts:greekLit:tlg0010.tlg017.perseus-eng1,Isoc. 8,English,Perseus:text:1999.01.0144:speech=8,Isocrates,On the Peace,Isoc. Orat.8,
"Perseus:abo:tlg,0010,017",urn:cts:greekLit:tlg0010.tlg017.perseus-grc1,Isoc. 8,Greek,Perseus:text:1999.01.0143:speech=8,Isocrates,De Pace,Isoc. Orat.8,
"Perseus:abo:tlg,0010,018",urn:cts:greekLit:tlg0010.tlg018.perseus-eng1,Isoc. 7,English,Perseus:text:1999.01.0144:speech=7,Isocrates,Areopagiticus,Isoc. Orat.7; Isoc. Areop.,
"Perseus:abo:tlg,0010,018",urn:cts:greekLit:tlg0010.tlg018.perseus-grc1,Isoc. 7,Greek,Perseus:text:1999.01.0143:speech=7,Isocrates,Areopagiticus,Isoc. Orat.7; Isoc. Areop.,
"Perseus:abo:tlg,0010,019",urn:cts:greekLit:tlg0010.tlg019.perseus-eng1,Isoc. 15,English,Perseus:text:1999.01.0144:speech=15,Isocrates,Antidosis,Isoc. Orat.15; Isoc. Antid.,
"Perseus:abo:tlg,0010,019",urn:cts:greekLit:tlg0010.tlg019.perseus-grc1,Isoc. 15,Greek,Perseus:text:1999.01.0143:speech=15,Isocrates,Antidosis,Isoc. Orat.15; Isoc. Antid.,
"Perseus:abo:tlg,0010,020",urn:cts:greekLit:tlg0010.tlg020.perseus-eng1,Isoc. 5,English,Perseus:text:1999.01.0144:speech=5,Isocrates,To Philip,Isoc. Orat.5; Isoc. Phil.,
"Perseus:abo:tlg,0010,020",urn:cts:greekLit:tlg0010.tlg020.perseus-grc1,Isoc. 5,Greek,Perseus:text:1999.01.0143:speech=5,Isocrates,Philippus,Isoc. Orat.5; Isoc. Phil.,
"Perseus:abo:tlg,0010,021",urn:cts:greekLit:tlg0010.tlg021.perseus-eng1,Isoc. 12,English,Perseus:text:1999.01.0144:speech=12,Isocrates,Panathenaicus,Isoc. Orat.12; Isoc. Panath.,
"Perseus:abo:tlg,0010,021",urn:cts:greekLit:tlg0010.tlg021.perseus-grc1,Isoc. 12,Greek,Perseus:text:1999.01.0143:speech=12,Isocrates,Panathenaicus,Isoc. Orat.12; Isoc. Panath.,
"Perseus:abo:tlg,0010,022",urn:cts:greekLit:tlg0010.tlg022.perseus-eng1,Isoc. L. 1,English,Perseus:text:1999.01.0246:collection=l.:letter=1,Isocrates,Ad Dionysium,Isoc. Ep. 1,
"Perseus:abo:tlg,0010,022",urn:cts:greekLit:tlg0010.tlg022.perseus-grc1,Isoc. L. 1,Greek,Perseus:text:1999.01.0245:collection=l.:letter=1,Isocrates,Ad Dionysium,Isoc. Ep. 1,
"Perseus:abo:tlg,0010,023",urn:cts:greekLit:tlg0010.tlg023.perseus-eng1,Isoc. L. 6,English,Perseus:text:1999.01.0246:collection=l.:letter=6,Isocrates,Ad filios Jasonis,Isoc. Ep. 6,
"Perseus:abo:tlg,0010,023",urn:cts:greekLit:tlg0010.tlg023.perseus-grc1,Isoc. L. 6,Greek,Perseus:text:1999.01.0245:collection=l.:letter=6,Isocrates,Ad filios Jasonis,Isoc. Ep. 6,
"Perseus:abo:tlg,0010,024",urn:cts:greekLit:tlg0010.tlg024.perseus-eng1,Isoc. L. 9,English,Perseus:text:1999.01.0246:collection=l.:letter=9,Isocrates,Ad Archidamum,Isoc. Ep. 9,
"Perseus:abo:tlg,0010,024",urn:cts:greekLit:tlg0010.tlg024.perseus-grc1,Isoc. L. 9,Greek,Perseus:text:1999.01.0245:collection=l.:letter=9,Isocrates,Ad Archidamum,Isoc. Ep. 9,
"Perseus:abo:tlg,0010,025",urn:cts:greekLit:tlg0010.tlg025.perseus-eng1,Isoc. L. 8,English,Perseus:text:1999.01.0246:collection=l.:letter=8,Isocrates,Ad reges Mytilenaeos,Isoc. Ep. 8,
"Perseus:abo:tlg,0010,025",urn:cts:greekLit:tlg0010.tlg025.perseus-grc1,Isoc. L. 8,Greek,Perseus:text:1999.01.0245:collection=l.:letter=8,Isocrates,Ad reges Mytilenaeos,Isoc. Ep. 8,
"Perseus:abo:tlg,0010,026",urn:cts:greekLit:tlg0010.tlg026.perseus-eng1,Isoc. L. 7,English,Perseus:text:1999.01.0246:collection=l.:letter=7,Isocrates,Ad Timotheum,Isoc. Ep. 7,
"Perseus:abo:tlg,0010,026",urn:cts:greekLit:tlg0010.tlg026.perseus-grc1,Isoc. L. 7,Greek,Perseus:text:1999.01.0245:collection=l.:letter=7,Isocrates,Ad Timotheum,Isoc. Ep. 7,
"Perseus:abo:tlg,0010,027",urn:cts:greekLit:tlg0010.tlg027.perseus-eng1,Isoc. L. 2,English,Perseus:text:1999.01.0246:collection=l.:letter=2,Isocrates,Ad Philippum,Isoc. Ep. 2,
"Perseus:abo:tlg,0010,027",urn:cts:greekLit:tlg0010.tlg027.perseus-grc1,Isoc. L. 2,Greek,Perseus:text:1999.01.0245:collection=l.:letter=2,Isocrates,Ad Philippum,Isoc. Ep. 2,
"Perseus:abo:tlg,0010,028",urn:cts:greekLit:tlg0010.tlg028.perseus-eng1,Isoc. L. 5,English,Perseus:text:1999.01.0246:collection=l.:letter=5,Isocrates,Ad Alexandrum,Isoc. Ep. 5,
"Perseus:abo:tlg,0010,028",urn:cts:greekLit:tlg0010.tlg028.perseus-grc1,Isoc. L. 5,Greek,Perseus:text:1999.01.0245:collection=l.:letter=5,Isocrates,Ad Alexandrum,Isoc. Ep. 5,
"Perseus:abo:tlg,0010,029",urn:cts:greekLit:tlg0010.tlg029.perseus-eng1,Isoc. L. 4,English,Perseus:text:1999.01.0246:collection=l.:letter=4,Isocrates,Ad Antipatrum,Isoc. Ep. 4,
"Perseus:abo:tlg,0010,029",urn:cts:greekLit:tlg0010.tlg029.perseus-grc1,Isoc. L. 4,Greek,Perseus:text:1999.01.0245:collection=l.:letter=4,Isocrates,Ad Antipatrum,Isoc. Ep. 4,
"Perseus:abo:tlg,0010,030",urn:cts:greekLit:tlg0010.tlg030.perseus-eng1,Isoc. L. 3,English,Perseus:text:1999.01.0246:collection=l.:letter=3,Isocrates,Ad Philippum,Isoc. Ep. 3,
"Perseus:abo:tlg,0010,030",urn:cts:greekLit:tlg0010.tlg030.perseus-grc1,Isoc. L. 3,Greek,Perseus:text:1999.01.0245:collection=l.:letter=3,Isocrates,Ad Philippum,Isoc. Ep. 3,
"Perseus:abo:tlg,0011,001",urn:cts:greekLit:tlg0011.tlg001.perseus-eng1,Soph. Trach.,English,Perseus:text:1999.01.0196,Sophocles,Trachiniae,S.Trach.,
"Perseus:abo:tlg,0011,001",urn:cts:greekLit:tlg0011.tlg001.perseus-eng2,Soph. Trach.,English,Perseus:text:1999.01.0222,Sophocles,Trachiniae,S.Trach.,
"Perseus:abo:tlg,0011,001",urn:cts:greekLit:tlg0011.tlg001.perseus-grc1,Soph. Trach.,Greek,Perseus:text:1999.01.0195,Sophocles,Trachiniae,S.Trach.,
"Perseus:abo:tlg,0011,002",urn:cts:greekLit:tlg0011.tlg002.perseus-eng1,Soph. Ant.,English,Perseus:text:1999.01.0186,Sophocles,Antigone,S.Ant.,
"Perseus:abo:tlg,0011,002",urn:cts:greekLit:tlg0011.tlg002.perseus-grc1,Soph. Ant.,Greek,Perseus:text:1999.01.0185,Sophocles,Antigone,S.Ant.,
"Perseus:abo:tlg,0011,003",urn:cts:greekLit:tlg0011.tlg003.perseus-eng1,Soph. Aj.,English,Perseus:text:1999.01.0184,Sophocles,Ajax,S.Aj.,
"Perseus:abo:tlg,0011,003",urn:cts:greekLit:tlg0011.tlg003.perseus-grc1,Soph. Aj.,Greek,Perseus:text:1999.01.0183,Sophocles,Ajax,S.Aj.,
"Perseus:abo:tlg,0011,004",urn:cts:greekLit:tlg0011.tlg004.perseus-eng1,Soph. OT,English,Perseus:text:1999.01.0192,Sophocles,Oedipus Tyrannus,S.OT,
"Perseus:abo:tlg,0011,004",urn:cts:greekLit:tlg0011.tlg004.perseus-grc1,Soph. OT,Greek,Perseus:text:1999.01.0191,Sophocles,Oedipus Tyrannus,S.OT,
"Perseus:abo:tlg,0011,005",urn:cts:greekLit:tlg0011.tlg005.perseus-eng1,Soph. El.,English,Perseus:text:1999.01.0188,Sophocles,Electra,S.El.,
"Perseus:abo:tlg,0011,005",urn:cts:greekLit:tlg0011.tlg005.perseus-grc1,Soph. El.,Greek,Perseus:text:1999.01.0187,Sophocles,Electra,S.El.,
"Perseus:abo:tlg,0011,006",urn:cts:greekLit:tlg0011.tlg006.perseus-eng1,Soph. Phil.,English,Perseus:text:1999.01.0194,Sophocles,Philoctetes,S.Ph.,
"Perseus:abo:tlg,0011,006",urn:cts:greekLit:tlg0011.tlg006.perseus-eng2,Soph. Phil.,English,Perseus:text:1999.01.0219,Sophocles,Philoctetes,S.Ph.,
"Perseus:abo:tlg,0011,006",urn:cts:greekLit:tlg0011.tlg006.perseus-grc1,Soph. Phil.,Greek,Perseus:text:1999.01.0193,Sophocles,Philoctetes,S.Ph.,
"Perseus:abo:tlg,0011,007",urn:cts:greekLit:tlg0011.tlg007.perseus-eng1,Soph. OC,English,Perseus:text:1999.01.0190,Sophocles,Oedipus at Colonus,S.OC,
"Perseus:abo:tlg,0011,007",urn:cts:greekLit:tlg0011.tlg007.perseus-grc1,Soph. OC,Greek,Perseus:text:1999.01.0189,Sophocles,Oedipus at Colonus,S.OC,
"Perseus:abo:tlg,0011,008",urn:cts:greekLit:tlg0011.tlg008.perseus-eng1,Soph. Ich.,English,Perseus:text:1999.01.0221,Statius,Tracking Satyrs,,
"Perseus:abo:tlg,0011,008",urn:cts:greekLit:tlg0011.tlg008.perseus-grc1,Soph. Ich.,Greek,Perseus:text:1999.01.0220,Sophocles,Ichneutae,,
"Perseus:abo:tlg,0012,001",urn:cts:greekLit:tlg0012.tlg001.perseus-eng1,Hom. Il.,English,Perseus:text:1999.01.0134,Homer,Iliad,Il.,
"Perseus:abo:tlg,0012,001",urn:cts:greekLit:tlg0012.tlg001.perseus-eng2,Hom. Il.,English,Perseus:text:1999.01.0217,Homer,The Iliad,Il.,
"Perseus:abo:tlg,0012,001",urn:cts:greekLit:tlg0012.tlg001.perseus-grc1,Hom. Il.,Greek,Perseus:text:1999.01.0133,Homer,Iliad,Il.,
"Perseus:abo:tlg,0012,002",urn:cts:greekLit:tlg0012.tlg002.perseus-eng1,Hom. Od.,English,Perseus:text:1999.01.0136,Homer,Odyssey,Od.,
"Perseus:abo:tlg,0012,002",urn:cts:greekLit:tlg0012.tlg002.perseus-eng2,Hom. Od.,English,Perseus:text:1999.01.0218,Homer,The Odyssey,Od.,
"Perseus:abo:tlg,0012,002",urn:cts:greekLit:tlg0012.tlg002.perseus-grc1,Hom. Od.,Greek,Perseus:text:1999.01.0135,Homer,Odyssey,Od.,
"Perseus:abo:tlg,0013,001",urn:cts:greekLit:tlg0013.tlg001.perseus-eng1,HH 1,English,Perseus:text:1999.01.0138:hymn=1,Homeric Hymns,Hymn 1 to Dionysus,h.Hom.h.Bacch.,
"Perseus:abo:tlg,0013,002",urn:cts:greekLit:tlg0013.tlg002.perseus-eng1,HH 2,English,Perseus:text:1999.01.0138:hymn=2,Homeric Hymns,Hymn 2 to Demeter,h.Hom. h.Cer.,
"Perseus:abo:tlg,0013,003",urn:cts:greekLit:tlg0013.tlg003.perseus-eng1,HH 3,English,Perseus:text:1999.01.0138:hymn=3,Homeric Hymns,Hymn 3 to Apollo,h.Hom.h.Ap.,
"Perseus:abo:tlg,0013,004",urn:cts:greekLit:tlg0013.tlg004.perseus-eng1,HH 4,English,Perseus:text:1999.01.0138:hymn=4,Homeric Hymns,Hymn 4 to Hermes,h.Hom. h.Merc.,
"Perseus:abo:tlg,0013,005",urn:cts:greekLit:tlg0013.tlg005.perseus-eng1,HH 5,English,Perseus:text:1999.01.0138:hymn=5,Homeric Hymns,Hymn 5 to Aphrodite,h.Hom. h.Ven.,
"Perseus:abo:tlg,0013,006",urn:cts:greekLit:tlg0013.tlg006.perseus-eng1,HH 6,English,Perseus:text:1999.01.0138:hymn=6,Homeric Hymns,Hymn 6 to Aphrodite,h.Hom.h.Ven.2,
"Perseus:abo:tlg,0013,007",urn:cts:greekLit:tlg0013.tlg007.perseus-eng1,HH 7,English,Perseus:text:1999.01.0138:hymn=7,Homeric Hymns,Hymn 7 to Dionysus,h.Hom. h.Bacch. 2,
"Perseus:abo:tlg,0013,008",urn:cts:greekLit:tlg0013.tlg008.perseus-eng1,HH 8,English,Perseus:text:1999.01.0138:hymn=8,Homeric Hymns,Hymn 8 to Ares,h.Hom. h.Mart.,
"Perseus:abo:tlg,0013,009",urn:cts:greekLit:tlg0013.tlg009.perseus-eng1,HH 9,English,Perseus:text:1999.01.0138:hymn=9,Homeric Hymns,Hymn 9 to Artemis,h.Hom.h.Dianam,
"Perseus:abo:tlg,0013,010",urn:cts:greekLit:tlg0013.tlg010.perseus-eng1,HH 10,English,Perseus:text:1999.01.0138:hymn=10,Homeric Hymns,Hymn 10 to Aphrodite,h.Hom.h.Ven.3,
"Perseus:abo:tlg,0013,011",urn:cts:greekLit:tlg0013.tlg011.perseus-eng1,HH 11,English,Perseus:text:1999.01.0138:hymn=11,Homeric Hymns,Hymn 11 to Athena,h.Hom.h.Ath.,
"Perseus:abo:tlg,0013,012",urn:cts:greekLit:tlg0013.tlg012.perseus-eng1,HH 12,English,Perseus:text:1999.01.0138:hymn=12,Homeric Hymns,Hymn 12 to Hera,h.Hom. 12,
"Perseus:abo:tlg,0013,013",urn:cts:greekLit:tlg0013.tlg013.perseus-eng1,HH 13,English,Perseus:text:1999.01.0138:hymn=13,Homeric Hymns,Hymn 13 to Demeter,h.Hom. h.Cer.; Hom. Hymn Dem.,
"Perseus:abo:tlg,0013,014",urn:cts:greekLit:tlg0013.tlg014.perseus-eng1,HH 14,English,Perseus:text:1999.01.0138:hymn=14,Homeric Hymns,Hymn 14 to the Mother of the Gods,h.Hom. 14,
"Perseus:abo:tlg,0013,015",urn:cts:greekLit:tlg0013.tlg015.perseus-eng1,HH 15,English,Perseus:text:1999.01.0138:hymn=15,Homeric Hymns,Hymn 15 to Heracles,h.Hom. 15,
"Perseus:abo:tlg,0013,016",urn:cts:greekLit:tlg0013.tlg016.perseus-eng1,HH 16,English,Perseus:text:1999.01.0138:hymn=16,Homeric Hymns,Hymn 16 to Asclepius,h.Hom. 16,
"Perseus:abo:tlg,0013,017",urn:cts:greekLit:tlg0013.tlg017.perseus-eng1,HH 17,English,Perseus:text:1999.01.0138:hymn=17,Homeric Hymns,Hymn 17 to the Dioscuri,h.Hom.h.Cast.,
"Perseus:abo:tlg,0013,018",urn:cts:greekLit:tlg0013.tlg018.perseus-eng1,HH 18,English,Perseus:text:1999.01.0138:hymn=18,Homeric Hymns,Hymn 18 to Hermes,h.Hom. h.Merc.,
"Perseus:abo:tlg,0013,019",urn:cts:greekLit:tlg0013.tlg019.perseus-eng1,HH 19,English,Perseus:text:1999.01.0138:hymn=19,Homeric Hymns,Hymn 19 to Pan,h.Hom. h.Pan.; Hymn. Hom. Pan.,
"Perseus:abo:tlg,0013,020",urn:cts:greekLit:tlg0013.tlg020.perseus-eng1,HH 20,English,Perseus:text:1999.01.0138:hymn=20,Homeric Hymns,Hymn 20 to Hephaestus,h.Hom. 20,
"Perseus:abo:tlg,0013,021",urn:cts:greekLit:tlg0013.tlg021.perseus-eng1,HH 21,English,Perseus:text:1999.01.0138:hymn=21,Homeric Hymns,Hymn 21 to Apollo,h.Hom.h.Ap. 2,
"Perseus:abo:tlg,0013,022",urn:cts:greekLit:tlg0013.tlg022.perseus-eng1,HH 22,English,Perseus:text:1999.01.0138:hymn=22,Homeric Hymns,Hymn 22 to Poseidon,h.Hom. 22,
"Perseus:abo:tlg,0013,023",urn:cts:greekLit:tlg0013.tlg023.perseus-eng1,HH 23,English,Perseus:text:1999.01.0138:hymn=23,Homeric Hymns,Hymn 23 to Zeus,h.Hom. 23,
"Perseus:abo:tlg,0013,024",urn:cts:greekLit:tlg0013.tlg024.perseus-eng1,HH 24,English,Perseus:text:1999.01.0138:hymn=24,Homeric Hymns,Hymn 24 to Hestia,h.Hom.h.Hest.,
"Perseus:abo:tlg,0013,025",urn:cts:greekLit:tlg0013.tlg025.perseus-eng1,HH 25,English,Perseus:text:1999.01.0138:hymn=25,Homeric Hymns,Hymn 25 to the Muses and Apollo,h.Hom. 25,
"Perseus:abo:tlg,0013,026",urn:cts:greekLit:tlg0013.tlg026.perseus-eng1,HH 26,English,Perseus:text:1999.01.0138:hymn=26,Homeric Hymns,Hymn 26 to Dionysus,h.Hom.h.Bacch. 3,
"Perseus:abo:tlg,0013,027",urn:cts:greekLit:tlg0013.tlg027.perseus-eng1,HH 27,English,Perseus:text:1999.01.0138:hymn=27,Homeric Hymns,Hymn 27 to Artemis,h.Hom.h.Dian.2,
"Perseus:abo:tlg,0013,028",urn:cts:greekLit:tlg0013.tlg028.perseus-eng1,HH 28,English,Perseus:text:1999.01.0138:hymn=28,Homeric Hymns,Hymn 28 to Athena,h.Hom.h.Ath.,
"Perseus:abo:tlg,0013,029",urn:cts:greekLit:tlg0013.tlg029.perseus-eng1,HH 29,English,Perseus:text:1999.01.0138:hymn=29,Homeric Hymns,Hymn 29 to Hestia,h.Hom.h.Hest.2,
"Perseus:abo:tlg,0013,030",urn:cts:greekLit:tlg0013.tlg030.perseus-eng1,HH 30,English,Perseus:text:1999.01.0138:hymn=30,Homeric Hymns,Hymn 30 to Earth,h.Hom.h.Tell.,
"Perseus:abo:tlg,0013,031",urn:cts:greekLit:tlg0013.tlg031.perseus-eng1,HH 31,English,Perseus:text:1999.01.0138:hymn=31,Homeric Hymns,Hymn 31 to Helios,h.Hom.h.Sol.,
"Perseus:abo:tlg,0013,032",urn:cts:greekLit:tlg0013.tlg032.perseus-eng1,HH 32,English,Perseus:text:1999.01.0138:hymn=32,Homeric Hymns,Hymn 32 to Selene,h.Hom.h.Lun.,
"Perseus:abo:tlg,0013,033",urn:cts:greekLit:tlg0013.tlg033.perseus-eng1,HH 33,English,Perseus:text:1999.01.0138:hymn=33,Homeric Hymns,Hymn 33 to the Dioscuri,h.Hom.h.Cast.2,
"Perseus:abo:tlg,0013,001",urn:cts:greekLit:tlg0013.tlg001.perseus-grc1,HH 1,Greek,Perseus:text:1999.01.0137:hymn=1,Homeric Hymns,Hymn 1 to Dionysus,h.Hom.h.Bacch.,
"Perseus:abo:tlg,0013,002",urn:cts:greekLit:tlg0013.tlg002.perseus-grc1,HH 2,Greek,Perseus:text:1999.01.0137:hymn=2,Homeric Hymns,Hymn 2 to Demeter,h.Hom. h.Cer.,
"Perseus:abo:tlg,0013,003",urn:cts:greekLit:tlg0013.tlg003.perseus-grc1,HH 3,Greek,Perseus:text:1999.01.0137:hymn=3,Homeric Hymns,Hymn 3 to Apollo,h.Hom.h.Ap.,
"Perseus:abo:tlg,0013,004",urn:cts:greekLit:tlg0013.tlg004.perseus-grc1,HH 4,Greek,Perseus:text:1999.01.0137:hymn=4,Homeric Hymns,Hymn 4 to Hermes,h.Hom. h.Merc.,
"Perseus:abo:tlg,0013,005",urn:cts:greekLit:tlg0013.tlg005.perseus-grc1,HH 5,Greek,Perseus:text:1999.01.0137:hymn=5,Homeric Hymns,Hymn 5 to Aphrodite,h.Hom. h.Ven.,
"Perseus:abo:tlg,0013,006",urn:cts:greekLit:tlg0013.tlg006.perseus-grc1,HH 6,Greek,Perseus:text:1999.01.0137:hymn=6,Homeric Hymns,Hymn 6 to Aphrodite,h.Hom.h.Ven.2,
"Perseus:abo:tlg,0013,007",urn:cts:greekLit:tlg0013.tlg007.perseus-grc1,HH 7,Greek,Perseus:text:1999.01.0137:hymn=7,Homeric Hymns,Hymn 7 to Dionysus,h.Hom. h.Bacch. 2,
"Perseus:abo:tlg,0013,008",urn:cts:greekLit:tlg0013.tlg008.perseus-grc1,HH 8,Greek,Perseus:text:1999.01.0137:hymn=8,Homeric Hymns,Hymn 8 to Ares,h.Hom. h.Mart.,
"Perseus:abo:tlg,0013,009",urn:cts:greekLit:tlg0013.tlg009.perseus-grc1,HH 9,Greek,Perseus:text:1999.01.0137:hymn=9,Homeric Hymns,Hymn 9 to Artemis,h.Hom.h.Dianam,
"Perseus:abo:tlg,0013,010",urn:cts:greekLit:tlg0013.tlg010.perseus-grc1,HH 10,Greek,Perseus:text:1999.01.0137:hymn=10,Homeric Hymns,Hymn 10 to Aphrodite,h.Hom.h.Ven.3,
"Perseus:abo:tlg,0013,011",urn:cts:greekLit:tlg0013.tlg011.perseus-grc1,HH 11,Greek,Perseus:text:1999.01.0137:hymn=11,Homeric Hymns,Hymn 11 to Athena,h.Hom.h.Ath.,
"Perseus:abo:tlg,0013,012",urn:cts:greekLit:tlg0013.tlg012.perseus-grc1,HH 12,Greek,Perseus:text:1999.01.0137:hymn=12,Homeric Hymns,Hymn 12 to Hera,h.Hom. 12,
"Perseus:abo:tlg,0013,013",urn:cts:greekLit:tlg0013.tlg013.perseus-grc1,HH 13,Greek,Perseus:text:1999.01.0137:hymn=13,Homeric Hymns,Hymn 13 to Demeter,h.Hom. h.Cer.; Hom. Hymn Dem.,
"Perseus:abo:tlg,0013,014",urn:cts:greekLit:tlg0013.tlg014.perseus-grc1,HH 14,Greek,Perseus:text:1999.01.0137:hymn=14,Homeric Hymns,Hymn 14 to the Mother of the Gods,h.Hom. 14,
"Perseus:abo:tlg,0013,015",urn:cts:greekLit:tlg0013.tlg015.perseus-grc1,HH 15,Greek,Perseus:text:1999.01.0137:hymn=15,Homeric Hymns,Hymn 15 to Heracles,h.Hom. 15,
"Perseus:abo:tlg,0013,016",urn:cts:greekLit:tlg0013.tlg016.perseus-grc1,HH 16,Greek,Perseus:text:1999.01.0137:hymn=16,Homeric Hymns,Hymn 16 to Asclepius,h.Hom. 16,
"Perseus:abo:tlg,0013,017",urn:cts:greekLit:tlg0013.tlg017.perseus-grc1,HH 17,Greek,Perseus:text:1999.01.0137:hymn=17,Homeric Hymns,Hymn 17 to the Dioscuri,h.Hom.h.Cast.,
"Perseus:abo:tlg,0013,018",urn:cts:greekLit:tlg0013.tlg018.perseus-grc1,HH 18,Greek,Perseus:text:1999.01.0137:hymn=18,Homeric Hymns,Hymn 18 to Hermes,h.Hom. h.Merc.,
"Perseus:abo:tlg,0013,019",urn:cts:greekLit:tlg0013.tlg019.perseus-grc1,HH 19,Greek,Perseus:text:1999.01.0137:hymn=19,Homeric Hymns,Hymn 19 to Pan,h.Hom. h.Pan.; Hymn. Hom. Pan.,
"Perseus:abo:tlg,0013,020",urn:cts:greekLit:tlg0013.tlg020.perseus-grc1,HH 20,Greek,Perseus:text:1999.01.0137:hymn=20,Homeric Hymns,Hymn 20 to Hephaestus,h.Hom. 20,
"Perseus:abo:tlg,0013,021",urn:cts:greekLit:tlg0013.tlg021.perseus-grc1,HH 21,Greek,Perseus:text:1999.01.0137:hymn=21,Homeric Hymns,Hymn 21 to Apollo,h.Hom.h.Ap. 2,
"Perseus:abo:tlg,0013,022",urn:cts:greekLit:tlg0013.tlg022.perseus-grc1,HH 22,Greek,Perseus:text:1999.01.0137:hymn=22,Homeric Hymns,Hymn 22 to Poseidon,h.Hom. 22,
"Perseus:abo:tlg,0013,023",urn:cts:greekLit:tlg0013.tlg023.perseus-grc1,HH 23,Greek,Perseus:text:1999.01.0137:hymn=23,Homeric Hymns,Hymn 23 to Zeus,h.Hom. 23,
"Perseus:abo:tlg,0013,024",urn:cts:greekLit:tlg0013.tlg024.perseus-grc1,HH 24,Greek,Perseus:text:1999.01.0137:hymn=24,Homeric Hymns,Hymn 24 to Hestia,h.Hom.h.Hest.,
"Perseus:abo:tlg,0013,025",urn:cts:greekLit:tlg0013.tlg025.perseus-grc1,HH 25,Greek,Perseus:text:1999.01.0137:hymn=25,Homeric Hymns,Hymn 25 to the Muses and Apollo,h.Hom. 25,
"Perseus:abo:tlg,0013,026",urn:cts:greekLit:tlg0013.tlg026.perseus-grc1,HH 26,Greek,Perseus:text:1999.01.0137:hymn=26,Homeric Hymns,Hymn 26 to Dionysus,h.Hom.h.Bacch. 3,
"Perseus:abo:tlg,0013,027",urn:cts:greekLit:tlg0013.tlg027.perseus-grc1,HH 27,Greek,Perseus:text:1999.01.0137:hymn=27,Homeric Hymns,Hymn 27 to Artemis,h.Hom.h.Dian.2,
"Perseus:abo:tlg,0013,028",urn:cts:greekLit:tlg0013.tlg028.perseus-grc1,HH 28,Greek,Perseus:text:1999.01.0137:hymn=28,Homeric Hymns,Hymn 28 to Athena,h.Hom.h.Ath.,
"Perseus:abo:tlg,0013,029",urn:cts:greekLit:tlg0013.tlg029.perseus-grc1,HH 29,Greek,Perseus:text:1999.01.0137:hymn=29,Homeric Hymns,Hymn 29 to Hestia,h.Hom.h.Hest.2,
"Perseus:abo:tlg,0013,030",urn:cts:greekLit:tlg0013.tlg030.perseus-grc1,HH 30,Greek,Perseus:text:1999.01.0137:hymn=30,Homeric Hymns,Hymn 30 to Earth,h.Hom.h.Tell.,
"Perseus:abo:tlg,0013,031",urn:cts:greekLit:tlg0013.tlg031.perseus-grc1,HH 31,Greek,Perseus:text:1999.01.0137:hymn=31,Homeric Hymns,Hymn 31 to Helios,h.Hom.h.Sol.,
"Perseus:abo:tlg,0013,032",urn:cts:greekLit:tlg0013.tlg032.perseus-grc1,HH 32,Greek,Perseus:text:1999.01.0137:hymn=32,Homeric Hymns,Hymn 32 to Selene,h.Hom.h.Lun.,
"Perseus:abo:tlg,0013,033",urn:cts:greekLit:tlg0013.tlg033.perseus-grc1,HH 33,Greek,Perseus:text:1999.01.0137:hymn=33,Homeric Hymns,Hymn 33 to the Dioscuri,h.Hom.h.Cast.2,
"Perseus:abo:tlg,0014,001",urn:cts:greekLit:tlg0014.tlg001.perseus-eng1,Dem. 1,English,Perseus:text:1999.01.0070:speech=1,Demosthenes,Olynthiac 1,D.1,
"Perseus:abo:tlg,0014,002",urn:cts:greekLit:tlg0014.tlg002.perseus-eng1,Dem. 2,English,Perseus:text:1999.01.0070:speech=2,Demosthenes,Olynthiac 2,D.2,
"Perseus:abo:tlg,0014,003",urn:cts:greekLit:tlg0014.tlg003.perseus-eng1,Dem. 3,English,Perseus:text:1999.01.0070:speech=3,Demosthenes,Olynthiac 3,D.3,
"Perseus:abo:tlg,0014,004",urn:cts:greekLit:tlg0014.tlg004.perseus-eng1,Dem. 4,English,Perseus:text:1999.01.0070:speech=4,Demosthenes,Philippic 1,D.4,
"Perseus:abo:tlg,0014,005",urn:cts:greekLit:tlg0014.tlg005.perseus-eng1,Dem. 5,English,Perseus:text:1999.01.0070:speech=5,Demosthenes,On the Peace,D.5,
"Perseus:abo:tlg,0014,006",urn:cts:greekLit:tlg0014.tlg006.perseus-eng1,Dem. 6,English,Perseus:text:1999.01.0070:speech=6,Demosthenes,Philippic 2,D.6,
"Perseus:abo:tlg,0014,007",urn:cts:greekLit:tlg0014.tlg007.perseus-eng1,Dem. 7,English,Perseus:text:1999.01.0070:speech=7,Demosthenes,On the Halonnesus,D.7,
"Perseus:abo:tlg,0014,008",urn:cts:greekLit:tlg0014.tlg008.perseus-eng1,Dem. 8,English,Perseus:text:1999.01.0070:speech=8,Demosthenes,On the Chersonese,D.8,
"Perseus:abo:tlg,0014,009",urn:cts:greekLit:tlg0014.tlg009.perseus-eng1,Dem. 9,English,Perseus:text:1999.01.0070:speech=9,Demosthenes,Philippic 3,D.9,
"Perseus:abo:tlg,0014,010",urn:cts:greekLit:tlg0014.tlg010.perseus-eng1,Dem. 10,English,Perseus:text:1999.01.0070:speech=10,Demosthenes,Philippic 4,D.10,
"Perseus:abo:tlg,0014,011",urn:cts:greekLit:tlg0014.tlg011.perseus-eng1,Dem. 11,English,Perseus:text:1999.01.0072:speech=11,Demosthenes,Reply to Philip,D.11,
"Perseus:abo:tlg,0014,012",urn:cts:greekLit:tlg0014.tlg012.perseus-eng1,Dem. 12,English,Perseus:text:1999.01.0072:speech=12,Demosthenes,Philip,D.12,
"Perseus:abo:tlg,0014,013",urn:cts:greekLit:tlg0014.tlg013.perseus-eng1,Dem. 13,English,Perseus:text:1999.01.0072:speech=13,Demosthenes,On Organization,D.13,
"Perseus:abo:tlg,0014,014",urn:cts:greekLit:tlg0014.tlg014.perseus-eng1,Dem. 14,English,Perseus:text:1999.01.0072:speech=14,Demosthenes,On the Navy,D.14,
"Perseus:abo:tlg,0014,015",urn:cts:greekLit:tlg0014.tlg015.perseus-eng1,Dem. 15,English,Perseus:text:1999.01.0072:speech=15,Demosthenes,On the Liberty of the Rhodians,D.15,
"Perseus:abo:tlg,0014,016",urn:cts:greekLit:tlg0014.tlg016.perseus-eng1,Dem. 16,English,Perseus:text:1999.01.0072:speech=16,Demosthenes,For the Megalopolitans,D.16,
"Perseus:abo:tlg,0014,017",urn:cts:greekLit:tlg0014.tlg017.perseus-eng1,Dem. 17,English,Perseus:text:1999.01.0072:speech=17,Demosthenes,On the Accession of Alexander,D.17,
"Perseus:abo:tlg,0014,018",urn:cts:greekLit:tlg0014.tlg018.perseus-eng1,Dem. 18,English,Perseus:text:1999.01.0072:speech=18,Demosthenes,On the crown,D.18; Dem. De. Cor,
"Perseus:abo:tlg,0014,019",urn:cts:greekLit:tlg0014.tlg019.perseus-eng1,Dem. 19,English,Perseus:text:1999.01.0072:speech=19,Demosthenes,On the False Embassy,D.19,
"Perseus:abo:tlg,0014,020",urn:cts:greekLit:tlg0014.tlg020.perseus-eng1,Dem. 20,English,Perseus:text:1999.01.0072:speech=20,Demosthenes,Against Leptines,D.20; Dem. Lept.,
"Perseus:abo:tlg,0014,021",urn:cts:greekLit:tlg0014.tlg021.perseus-eng1,Dem. 21,English,Perseus:text:1999.01.0074:speech=21,Demosthenes,Against Midias,D.21; Dem. Meid.,
"Perseus:abo:tlg,0014,022",urn:cts:greekLit:tlg0014.tlg022.perseus-eng1,Dem. 22,English,Perseus:text:1999.01.0074:speech=22,Demosthenes,Against Androtion,D.22,
"Perseus:abo:tlg,0014,023",urn:cts:greekLit:tlg0014.tlg023.perseus-eng1,Dem. 23,English,Perseus:text:1999.01.0074:speech=23,Demosthenes,Against Aristocrates,D.23,
"Perseus:abo:tlg,0014,024",urn:cts:greekLit:tlg0014.tlg024.perseus-eng1,Dem. 24,English,Perseus:text:1999.01.0074:speech=24,Demosthenes,Against Timocrates,D.24,
"Perseus:abo:tlg,0014,025",urn:cts:greekLit:tlg0014.tlg025.perseus-eng1,Dem. 25,English,Perseus:text:1999.01.0074:speech=25,Demosthenes,Against Aristogiton 1,D.25,
"Perseus:abo:tlg,0014,026",urn:cts:greekLit:tlg0014.tlg026.perseus-eng1,Dem. 26,English,Perseus:text:1999.01.0074:speech=26,Demosthenes,Against Aristogiton 2,D.26,
"Perseus:abo:tlg,0014,027",urn:cts:greekLit:tlg0014.tlg027.perseus-eng1,Dem. 27,English,Perseus:text:1999.01.0074:speech=27,Demosthenes,Against Aphobus 1,D.27,
"Perseus:abo:tlg,0014,028",urn:cts:greekLit:tlg0014.tlg028.perseus-eng1,Dem. 28,English,Perseus:text:1999.01.0074:speech=28,Demosthenes,Against Aphobus 2,D.28,
"Perseus:abo:tlg,0014,029",urn:cts:greekLit:tlg0014.tlg029.perseus-eng1,Dem. 29,English,Perseus:text:1999.01.0074:speech=29,Demosthenes,Against Aphobus,D.29,
"Perseus:abo:tlg,0014,030",urn:cts:greekLit:tlg0014.tlg030.perseus-eng1,Dem. 30,English,Perseus:text:1999.01.0074:speech=30,Demosthenes,Against Onetor,D.30,
"Perseus:abo:tlg,0014,031",urn:cts:greekLit:tlg0014.tlg031.perseus-eng1,Dem. 31,English,Perseus:text:1999.01.0076:speech=31,Demosthenes,Against Onetor 2,D.31,
"Perseus:abo:tlg,0014,032",urn:cts:greekLit:tlg0014.tlg032.perseus-eng1,Dem. 32,English,Perseus:text:1999.01.0076:speech=32,Demosthenes,Against Zenothemis,D.32,
"Perseus:abo:tlg,0014,033",urn:cts:greekLit:tlg0014.tlg033.perseus-eng1,Dem. 33,English,Perseus:text:1999.01.0076:speech=33,Demosthenes,Against Apatourius,D.33,
"Perseus:abo:tlg,0014,034",urn:cts:greekLit:tlg0014.tlg034.perseus-eng1,Dem. 34,English,Perseus:text:1999.01.0076:speech=34,Demosthenes,Against Phormio,D.34,
"Perseus:abo:tlg,0014,035",urn:cts:greekLit:tlg0014.tlg035.perseus-eng1,Dem. 35,English,Perseus:text:1999.01.0076:speech=35,Demosthenes,Against Lacritus,D.35,
"Perseus:abo:tlg,0014,036",urn:cts:greekLit:tlg0014.tlg036.perseus-eng1,Dem. 36,English,Perseus:text:1999.01.0076:speech=36,Demosthenes,For Phormio,D.36,
"Perseus:abo:tlg,0014,037",urn:cts:greekLit:tlg0014.tlg037.perseus-eng1,Dem. 37,English,Perseus:text:1999.01.0076:speech=37,Demosthenes,Against Pantaenetus,D.37,
"Perseus:abo:tlg,0014,038",urn:cts:greekLit:tlg0014.tlg038.perseus-eng1,Dem. 38,English,Perseus:text:1999.01.0076:speech=38,Demosthenes,Against Nausimachus and Xenopeithes,D.38,
"Perseus:abo:tlg,0014,039",urn:cts:greekLit:tlg0014.tlg039.perseus-eng1,Dem. 39,English,Perseus:text:1999.01.0076:speech=39,Demosthenes,Against Boeotus 1,D.39,
"Perseus:abo:tlg,0014,040",urn:cts:greekLit:tlg0014.tlg040.perseus-eng1,Dem. 40,English,Perseus:text:1999.01.0076:speech=40,Demosthenes,Against Boeotus 2,D.40,
"Perseus:abo:tlg,0014,041",urn:cts:greekLit:tlg0014.tlg041.perseus-eng1,Dem. 41,English,Perseus:text:1999.01.0078:speech=41,Demosthenes,Against Spudias,D.41,
"Perseus:abo:tlg,0014,042",urn:cts:greekLit:tlg0014.tlg042.perseus-eng1,Dem. 42,English,Perseus:text:1999.01.0078:speech=42,Demosthenes,Against Phaenippus,D.42,
"Perseus:abo:tlg,0014,043",urn:cts:greekLit:tlg0014.tlg043.perseus-eng1,Dem. 43,English,Perseus:text:1999.01.0078:speech=43,Demosthenes,Against Macartatus,D.43,
"Perseus:abo:tlg,0014,044",urn:cts:greekLit:tlg0014.tlg044.perseus-eng1,Dem. 44,English,Perseus:text:1999.01.0078:speech=44,Demosthenes,Against Leochares,D.44,
"Perseus:abo:tlg,0014,045",urn:cts:greekLit:tlg0014.tlg045.perseus-eng1,Dem. 45,English,Perseus:text:1999.01.0078:speech=45,Demosthenes,Against Stephanus 1,D.45,
"Perseus:abo:tlg,0014,046",urn:cts:greekLit:tlg0014.tlg046.perseus-eng1,Dem. 46,English,Perseus:text:1999.01.0078:speech=46,Demosthenes,Against Stephanus 2,D.46,
"Perseus:abo:tlg,0014,047",urn:cts:greekLit:tlg0014.tlg047.perseus-eng1,Dem. 47,English,Perseus:text:1999.01.0078:speech=47,Demosthenes,Against Evergus and Mnesibulus,D.47,
"Perseus:abo:tlg,0014,048",urn:cts:greekLit:tlg0014.tlg048.perseus-eng1,Dem. 48,English,Perseus:text:1999.01.0078:speech=48,Demosthenes,Against Olympiodorus,D.48,
"Perseus:abo:tlg,0014,049",urn:cts:greekLit:tlg0014.tlg049.perseus-eng1,Dem. 49,English,Perseus:text:1999.01.0078:speech=49,Demosthenes,Against Timotheus,D.49,
"Perseus:abo:tlg,0014,050",urn:cts:greekLit:tlg0014.tlg050.perseus-eng1,Dem. 50,English,Perseus:text:1999.01.0078:speech=50,Demosthenes,Against Polycles,D.50,
"Perseus:abo:tlg,0014,051",urn:cts:greekLit:tlg0014.tlg051.perseus-eng1,Dem. 51,English,Perseus:text:1999.01.0080:speech=51,Demosthenes,On the Trierarchic Crown,D.51,
"Perseus:abo:tlg,0014,052",urn:cts:greekLit:tlg0014.tlg052.perseus-eng1,Dem. 52,English,Perseus:text:1999.01.0080:speech=52,Demosthenes,Against Callippus,D.52,
"Perseus:abo:tlg,0014,053",urn:cts:greekLit:tlg0014.tlg053.perseus-eng1,Dem. 53,English,Perseus:text:1999.01.0080:speech=53,Demosthenes,Against Nicostratus,D.53,
"Perseus:abo:tlg,0014,054",urn:cts:greekLit:tlg0014.tlg054.perseus-eng1,Dem. 54,English,Perseus:text:1999.01.0080:speech=54,Demosthenes,Against Conon,D.54,
"Perseus:abo:tlg,0014,055",urn:cts:greekLit:tlg0014.tlg055.perseus-eng1,Dem. 55,English,Perseus:text:1999.01.0080:speech=55,Demosthenes,Against Callicles,D.55,
"Perseus:abo:tlg,0014,056",urn:cts:greekLit:tlg0014.tlg056.perseus-eng1,Dem. 56,English,Perseus:text:1999.01.0080:speech=56,Demosthenes,Against Dionysodorus,D.56,
"Perseus:abo:tlg,0014,057",urn:cts:greekLit:tlg0014.tlg057.perseus-eng1,Dem. 57,English,Perseus:text:1999.01.0080:speech=57,Demosthenes,Against Eubulides,D.57,
"Perseus:abo:tlg,0014,058",urn:cts:greekLit:tlg0014.tlg058.perseus-eng1,Dem. 58,English,Perseus:text:1999.01.0080:speech=58,Demosthenes,Against Theocrines,D.58,
"Perseus:abo:tlg,0014,059",urn:cts:greekLit:tlg0014.tlg059.perseus-eng1,Dem. 59,English,Perseus:text:1999.01.0080:speech=59,Demosthenes,Against Neaera,D.59,
"Perseus:abo:tlg,0014,060",urn:cts:greekLit:tlg0014.tlg060.perseus-eng1,Dem. 60,English,Perseus:text:1999.01.0080:speech=60,Demosthenes,Funeral Speech,D.60; Dem. Epit.,
"Perseus:abo:tlg,0014,061",urn:cts:greekLit:tlg0014.tlg061.perseus-eng1,Dem. 61,English,Perseus:text:1999.01.0080:speech=61,Demosthenes,Erotic Essay,,
"Perseus:abo:tlg,0014,062",urn:cts:greekLit:tlg0014.tlg062.perseus-eng1,Dem. Ex.,English,Perseus:text:1999.01.0068,Demosthenes,Exordia,,
"Perseus:abo:tlg,0014,063",urn:cts:greekLit:tlg0014.tlg063.perseus-eng1,Dem. L.,English,Perseus:text:1999.01.0214,Demosthenes,Letters,D. Ep.,
"Perseus:abo:tlg,0014,001",urn:cts:greekLit:tlg0014.tlg001.perseus-grc1,Dem. 1,Greek,Perseus:text:1999.01.0069:speech=1,Demosthenes,Olynthiac 1,D.1,
"Perseus:abo:tlg,0014,002",urn:cts:greekLit:tlg0014.tlg002.perseus-grc1,Dem. 2,Greek,Perseus:text:1999.01.0069:speech=2,Demosthenes,Olynthiac 2,D.2,
"Perseus:abo:tlg,0014,003",urn:cts:greekLit:tlg0014.tlg003.perseus-grc1,Dem. 3,Greek,Perseus:text:1999.01.0069:speech=3,Demosthenes,Olynthiac 3,D.3,
"Perseus:abo:tlg,0014,004",urn:cts:greekLit:tlg0014.tlg004.perseus-grc1,Dem. 4,Greek,Perseus:text:1999.01.0069:speech=4,Demosthenes,Philippic 1,D.4,
"Perseus:abo:tlg,0014,005",urn:cts:greekLit:tlg0014.tlg005.perseus-grc1,Dem. 5,Greek,Perseus:text:1999.01.0069:speech=5,Demosthenes,On the Peace,D.5,
"Perseus:abo:tlg,0014,006",urn:cts:greekLit:tlg0014.tlg006.perseus-grc1,Dem. 6,Greek,Perseus:text:1999.01.0069:speech=6,Demosthenes,Philippic 2,D.6,
"Perseus:abo:tlg,0014,007",urn:cts:greekLit:tlg0014.tlg007.perseus-grc1,Dem. 7,Greek,Perseus:text:1999.01.0069:speech=7,Demosthenes,On the Halonnesus,D.7,
"Perseus:abo:tlg,0014,008",urn:cts:greekLit:tlg0014.tlg008.perseus-grc1,Dem. 8,Greek,Perseus:text:1999.01.0069:speech=8,Demosthenes,On the Chersonese,D.8,
"Perseus:abo:tlg,0014,009",urn:cts:greekLit:tlg0014.tlg009.perseus-grc1,Dem. 9,Greek,Perseus:text:1999.01.0069:speech=9,Demosthenes,Philippic 3,D.9,
"Perseus:abo:tlg,0014,010",urn:cts:greekLit:tlg0014.tlg010.perseus-grc1,Dem. 10,Greek,Perseus:text:1999.01.0069:speech=10,Demosthenes,Philippic 4,D.10,
"Perseus:abo:tlg,0014,011",urn:cts:greekLit:tlg0014.tlg011.perseus-grc1,Dem. 11,Greek,Perseus:text:1999.01.0071:speech=11,Demosthenes,Reply to Philip,D.11,
"Perseus:abo:tlg,0014,012",urn:cts:greekLit:tlg0014.tlg012.perseus-grc1,Dem. 12,Greek,Perseus:text:1999.01.0071:speech=12,Demosthenes,Philip,D.12,
"Perseus:abo:tlg,0014,013",urn:cts:greekLit:tlg0014.tlg013.perseus-grc1,Dem. 13,Greek,Perseus:text:1999.01.0071:speech=13,Demosthenes,On Organization,D.13,
"Perseus:abo:tlg,0014,014",urn:cts:greekLit:tlg0014.tlg014.perseus-grc1,Dem. 14,Greek,Perseus:text:1999.01.0071:speech=14,Demosthenes,On the Navy,D.14,
"Perseus:abo:tlg,0014,015",urn:cts:greekLit:tlg0014.tlg015.perseus-grc1,Dem. 15,Greek,Perseus:text:1999.01.0071:speech=15,Demosthenes,On the Liberty of the Rhodians,D.15,
"Perseus:abo:tlg,0014,016",urn:cts:greekLit:tlg0014.tlg016.perseus-grc1,Dem. 16,Greek,Perseus:text:1999.01.0071:speech=16,Demosthenes,For the Megalopolitans,D.16,
"Perseus:abo:tlg,0014,017",urn:cts:greekLit:tlg0014.tlg017.perseus-grc1,Dem. 17,Greek,Perseus:text:1999.01.0071:speech=17,Demosthenes,On the Accession of Alexander,D.17,
"Perseus:abo:tlg,0014,018",urn:cts:greekLit:tlg0014.tlg018.perseus-grc1,Dem. 18,Greek,Perseus:text:1999.01.0071:speech=18,Demosthenes,On the crown,D.18; Dem. De. Cor,
"Perseus:abo:tlg,0014,019",urn:cts:greekLit:tlg0014.tlg019.perseus-grc1,Dem. 19,Greek,Perseus:text:1999.01.0071:speech=19,Demosthenes,On the False Embassy,D.19,
"Perseus:abo:tlg,0014,020",urn:cts:greekLit:tlg0014.tlg020.perseus-grc1,Dem. 20,Greek,Perseus:text:1999.01.0071:speech=20,Demosthenes,Against Leptines,D.20; Dem. Lept.,
"Perseus:abo:tlg,0014,021",urn:cts:greekLit:tlg0014.tlg021.perseus-grc1,Dem. 21,Greek,Perseus:text:1999.01.0073:speech=21,Demosthenes,Against Midias,D.21; Dem. Meid.,
"Perseus:abo:tlg,0014,022",urn:cts:greekLit:tlg0014.tlg022.perseus-grc1,Dem. 22,Greek,Perseus:text:1999.01.0073:speech=22,Demosthenes,Against Androtion,D.22,
"Perseus:abo:tlg,0014,023",urn:cts:greekLit:tlg0014.tlg023.perseus-grc1,Dem. 23,Greek,Perseus:text:1999.01.0073:speech=23,Demosthenes,Against Aristocrates,D.23,
"Perseus:abo:tlg,0014,024",urn:cts:greekLit:tlg0014.tlg024.perseus-grc1,Dem. 24,Greek,Perseus:text:1999.01.0073:speech=24,Demosthenes,Against Timocrates,D.24,
"Perseus:abo:tlg,0014,025",urn:cts:greekLit:tlg0014.tlg025.perseus-grc1,Dem. 25,Greek,Perseus:text:1999.01.0073:speech=25,Demosthenes,Against Aristogiton 1,D.25,
"Perseus:abo:tlg,0014,026",urn:cts:greekLit:tlg0014.tlg026.perseus-grc1,Dem. 26,Greek,Perseus:text:1999.01.0073:speech=26,Demosthenes,Against Aristogiton 2,D.26,
"Perseus:abo:tlg,0014,027",urn:cts:greekLit:tlg0014.tlg027.perseus-grc1,Dem. 27,Greek,Perseus:text:1999.01.0073:speech=27,Demosthenes,Against Aphobus 1,D.27,
"Perseus:abo:tlg,0014,028",urn:cts:greekLit:tlg0014.tlg028.perseus-grc1,Dem. 28,Greek,Perseus:text:1999.01.0073:speech=28,Demosthenes,Against Aphobus 2,D.28,
"Perseus:abo:tlg,0014,029",urn:cts:greekLit:tlg0014.tlg029.perseus-grc1,Dem. 29,Greek,Perseus:text:1999.01.0073:speech=29,Demosthenes,Against Aphobus,D.29,
"Perseus:abo:tlg,0014,030",urn:cts:greekLit:tlg0014.tlg030.perseus-grc1,Dem. 30,Greek,Perseus:text:1999.01.0073:speech=30,Demosthenes,Against Onetor,D.30,
"Perseus:abo:tlg,0014,031",urn:cts:greekLit:tlg0014.tlg031.perseus-grc1,Dem. 31,Greek,Perseus:text:1999.01.0075:speech=31,Demosthenes,Against Onetor 2,D.31,
"Perseus:abo:tlg,0014,032",urn:cts:greekLit:tlg0014.tlg032.perseus-grc1,Dem. 32,Greek,Perseus:text:1999.01.0075:speech=32,Demosthenes,Against Zenothemis,D.32,
"Perseus:abo:tlg,0014,033",urn:cts:greekLit:tlg0014.tlg033.perseus-grc1,Dem. 33,Greek,Perseus:text:1999.01.0075:speech=33,Demosthenes,Against Apatourius,D.33,
"Perseus:abo:tlg,0014,034",urn:cts:greekLit:tlg0014.tlg034.perseus-grc1,Dem. 34,Greek,Perseus:text:1999.01.0075:speech=34,Demosthenes,Against Phormio,D.34,
"Perseus:abo:tlg,0014,035",urn:cts:greekLit:tlg0014.tlg035.perseus-grc1,Dem. 35,Greek,Perseus:text:1999.01.0075:speech=35,Demosthenes,Against Lacritus,D.35,
"Perseus:abo:tlg,0014,036",urn:cts:greekLit:tlg0014.tlg036.perseus-grc1,Dem. 36,Greek,Perseus:text:1999.01.0075:speech=36,Demosthenes,For Phormio,D.36,
"Perseus:abo:tlg,0014,037",urn:cts:greekLit:tlg0014.tlg037.perseus-grc1,Dem. 37,Greek,Perseus:text:1999.01.0075:speech=37,Demosthenes,Against Pantaenetus,D.37,
"Perseus:abo:tlg,0014,038",urn:cts:greekLit:tlg0014.tlg038.perseus-grc1,Dem. 38,Greek,Perseus:text:1999.01.0075:speech=38,Demosthenes,Against Nausimachus and Xenopeithes,D.38,
"Perseus:abo:tlg,0014,039",urn:cts:greekLit:tlg0014.tlg039.perseus-grc1,Dem. 39,Greek,Perseus:text:1999.01.0075:speech=39,Demosthenes,Against Boeotus 1,D.39,
"Perseus:abo:tlg,0014,040",urn:cts:greekLit:tlg0014.tlg040.perseus-grc1,Dem. 40,Greek,Perseus:text:1999.01.0075:speech=40,Demosthenes,Against Boeotus 2,D.40,
"Perseus:abo:tlg,0014,041",urn:cts:greekLit:tlg0014.tlg041.perseus-grc1,Dem. 41,Greek,Perseus:text:1999.01.0077:speech=41,Demosthenes,Against Spudias,D.41,
"Perseus:abo:tlg,0014,042",urn:cts:greekLit:tlg0014.tlg042.perseus-grc1,Dem. 42,Greek,Perseus:text:1999.01.0077:speech=42,Demosthenes,Against Phaenippus,D.42,
"Perseus:abo:tlg,0014,043",urn:cts:greekLit:tlg0014.tlg043.perseus-grc1,Dem. 43,Greek,Perseus:text:1999.01.0077:speech=43,Demosthenes,Against Macartatus,D.43,
"Perseus:abo:tlg,0014,044",urn:cts:greekLit:tlg0014.tlg044.perseus-grc1,Dem. 44,Greek,Perseus:text:1999.01.0077:speech=44,Demosthenes,Against Leochares,D.44,
"Perseus:abo:tlg,0014,045",urn:cts:greekLit:tlg0014.tlg045.perseus-grc1,Dem. 45,Greek,Perseus:text:1999.01.0077:speech=45,Demosthenes,Against Stephanus 1,D.45,
"Perseus:abo:tlg,0014,046",urn:cts:greekLit:tlg0014.tlg046.perseus-grc1,Dem. 46,Greek,Perseus:text:1999.01.0077:speech=46,Demosthenes,Against Stephanus 2,D.46,
"Perseus:abo:tlg,0014,047",urn:cts:greekLit:tlg0014.tlg047.perseus-grc1,Dem. 47,Greek,Perseus:text:1999.01.0077:speech=47,Demosthenes,Against Evergus and Mnesibulus,D.47,
"Perseus:abo:tlg,0014,048",urn:cts:greekLit:tlg0014.tlg048.perseus-grc1,Dem. 48,Greek,Perseus:text:1999.01.0077:speech=48,Demosthenes,Against Olympiodorus,D.48,
"Perseus:abo:tlg,0014,049",urn:cts:greekLit:tlg0014.tlg049.perseus-grc1,Dem. 49,Greek,Perseus:text:1999.01.0077:speech=49,Demosthenes,Against Timotheus,D.49,
"Perseus:abo:tlg,0014,050",urn:cts:greekLit:tlg0014.tlg050.perseus-grc1,Dem. 50,Greek,Perseus:text:1999.01.0077:speech=50,Demosthenes,Against Polycles,D.50,
"Perseus:abo:tlg,0014,051",urn:cts:greekLit:tlg0014.tlg051.perseus-grc1,Dem. 51,Greek,Perseus:text:1999.01.0079:speech=51,Demosthenes,On the Trierarchic Crown,D.51,
"Perseus:abo:tlg,0014,052",urn:cts:greekLit:tlg0014.tlg052.perseus-grc1,Dem. 52,Greek,Perseus:text:1999.01.0079:speech=52,Demosthenes,Against Callippus,D.52,
"Perseus:abo:tlg,0014,053",urn:cts:greekLit:tlg0014.tlg053.perseus-grc1,Dem. 53,Greek,Perseus:text:1999.01.0079:speech=53,Demosthenes,Against Nicostratus,D.53,
"Perseus:abo:tlg,0014,054",urn:cts:greekLit:tlg0014.tlg054.perseus-grc1,Dem. 54,Greek,Perseus:text:1999.01.0079:speech=54,Demosthenes,Against Conon,D.54,
"Perseus:abo:tlg,0014,055",urn:cts:greekLit:tlg0014.tlg055.perseus-grc1,Dem. 55,Greek,Perseus:text:1999.01.0079:speech=55,Demosthenes,Against Callicles,D.55,
"Perseus:abo:tlg,0014,056",urn:cts:greekLit:tlg0014.tlg056.perseus-grc1,Dem. 56,Greek,Perseus:text:1999.01.0079:speech=56,Demosthenes,Against Dionysodorus,D.56,
"Perseus:abo:tlg,0014,057",urn:cts:greekLit:tlg0014.tlg057.perseus-grc1,Dem. 57,Greek,Perseus:text:1999.01.0079:speech=57,Demosthenes,Against Eubulides,D.57,
"Perseus:abo:tlg,0014,058",urn:cts:greekLit:tlg0014.tlg058.perseus-grc1,Dem. 58,Greek,Perseus:text:1999.01.0079:speech=58,Demosthenes,Against Theocrines,D.58,
"Perseus:abo:tlg,0014,059",urn:cts:greekLit:tlg0014.tlg059.perseus-grc1,Dem. 59,Greek,Perseus:text:1999.01.0079:speech=59,Demosthenes,Against Neaera,D.59,
"Perseus:abo:tlg,0014,060",urn:cts:greekLit:tlg0014.tlg060.perseus-grc1,Dem. 60,Greek,Perseus:text:1999.01.0079:speech=60,Demosthenes,Epitaphius,D.60; Dem. Epit.,
"Perseus:abo:tlg,0014,061",urn:cts:greekLit:tlg0014.tlg061.perseus-grc1,Dem. 61,Greek,Perseus:text:1999.01.0079:speech=61,Demosthenes,Erotic Essay,,
"Perseus:abo:tlg,0014,062",urn:cts:greekLit:tlg0014.tlg062.perseus-grc1,Dem. Ex.,Greek,Perseus:text:1999.01.0067,Demosthenes,Exordia,,
"Perseus:abo:tlg,0014,063",urn:cts:greekLit:tlg0014.tlg063.perseus-grc1,Dem. L.,Greek,Perseus:text:1999.01.0213,Demosthenes,Letters,D. Ep.,
"Perseus:abo:tlg,0016,001",urn:cts:greekLit:tlg0016.tlg001.perseus-eng1,Hdt.,English,Perseus:text:1999.01.0126,Herodotus,The Histories,Her.,
"Perseus:abo:tlg,0016,001",urn:cts:greekLit:tlg0016.tlg001.perseus-grc1,Hdt.,Greek,Perseus:text:1999.01.0125,Herodotus,Historiae,Her.,
"Perseus:abo:tlg,0017,001",urn:cts:greekLit:tlg0017.tlg001.perseus-eng1,Isaeus 1,English,Perseus:text:1999.01.0142:speech=1,Isaeus,Cleonymus,Is.1; Isae. 1,
"Perseus:abo:tlg,0017,002",urn:cts:greekLit:tlg0017.tlg002.perseus-eng1,Isaeus 2,English,Perseus:text:1999.01.0142:speech=2,Isaeus,Menecles,Is.2; Isae. 2,
"Perseus:abo:tlg,0017,003",urn:cts:greekLit:tlg0017.tlg003.perseus-eng1,Isaeus 3,English,Perseus:text:1999.01.0142:speech=3,Isaeus,Pyrrhus,Is.3; Isae. 3,
"Perseus:abo:tlg,0017,004",urn:cts:greekLit:tlg0017.tlg004.perseus-eng1,Isaeus 4,English,Perseus:text:1999.01.0142:speech=4,Isaeus,Nicostratus,Is.4; Isae. 4,
"Perseus:abo:tlg,0017,005",urn:cts:greekLit:tlg0017.tlg005.perseus-eng1,Isaeus 5,English,Perseus:text:1999.01.0142:speech=5,Isaeus,Dicaeogenes,Is.5; Isae. 5,
"Perseus:abo:tlg,0017,006",urn:cts:greekLit:tlg0017.tlg006.perseus-eng1,Isaeus 6,English,Perseus:text:1999.01.0142:speech=6,Isaeus,Philoctemon,Is.6; Isae. 6,
"Perseus:abo:tlg,0017,007",urn:cts:greekLit:tlg0017.tlg007.perseus-eng1,Isaeus 7,English,Perseus:text:1999.01.0142:speech=7,Isaeus,Apollodorus,Is.7; Isae. 7,
"Perseus:abo:tlg,0017,008",urn:cts:greekLit:tlg0017.tlg008.perseus-eng1,Isaeus 8,English,Perseus:text:1999.01.0142:speech=8,Isaeus,Ciron,Is.8; Isae. 8,
"Perseus:abo:tlg,0017,009",urn:cts:greekLit:tlg0017.tlg009.perseus-eng1,Isaeus 9,English,Perseus:text:1999.01.0142:speech=9,Isaeus,Astyphilus,Is.9; Isae. 9,
"Perseus:abo:tlg,0017,010",urn:cts:greekLit:tlg0017.tlg010.perseus-eng1,Isaeus 10,English,Perseus:text:1999.01.0142:speech=10,Isaeus,Aristarchus,Is.10; Isae.10,
"Perseus:abo:tlg,0017,011",urn:cts:greekLit:tlg0017.tlg011.perseus-eng1,Isaeus 11,English,Perseus:text:1999.01.0142:speech=11,Isaeus,Hagnias,Is.11; Isae. 11,
"Perseus:abo:tlg,0017,012",urn:cts:greekLit:tlg0017.tlg012.perseus-eng1,Isaeus 12,English,Perseus:text:1999.01.0142:speech=12,Isaeus,Euphiletus,Is.12; Isae. 12,
"Perseus:abo:tlg,0017,001",urn:cts:greekLit:tlg0017.tlg001.perseus-grc1,Isaeus 1,Greek,Perseus:text:1999.01.0141:speech=1,Isaeus,Cleonymus,Is.1; Isae. 1,
"Perseus:abo:tlg,0017,002",urn:cts:greekLit:tlg0017.tlg002.perseus-grc1,Isaeus 2,Greek,Perseus:text:1999.01.0141:speech=2,Isaeus,Menecles,Is.2; Isae. 2,
"Perseus:abo:tlg,0017,003",urn:cts:greekLit:tlg0017.tlg003.perseus-grc1,Isaeus 3,Greek,Perseus:text:1999.01.0141:speech=3,Isaeus,Pyrrhus,Is.3; Isae. 3,
"Perseus:abo:tlg,0017,004",urn:cts:greekLit:tlg0017.tlg004.perseus-grc1,Isaeus 4,Greek,Perseus:text:1999.01.0141:speech=4,Isaeus,Nicostratus,Is.4; Isae. 4,
"Perseus:abo:tlg,0017,005",urn:cts:greekLit:tlg0017.tlg005.perseus-grc1,Isaeus 5,Greek,Perseus:text:1999.01.0141:speech=5,Isaeus,Dicaeogenes,Is.5; Isae. 5,
"Perseus:abo:tlg,0017,006",urn:cts:greekLit:tlg0017.tlg006.perseus-grc1,Isaeus 6,Greek,Perseus:text:1999.01.0141:speech=6,Isaeus,Philoctemon,Is.6; Isae. 6,
"Perseus:abo:tlg,0017,007",urn:cts:greekLit:tlg0017.tlg007.perseus-grc1,Isaeus 7,Greek,Perseus:text:1999.01.0141:speech=7,Isaeus,Apollodorus,Is.7; Isae. 7,
"Perseus:abo:tlg,0017,008",urn:cts:greekLit:tlg0017.tlg008.perseus-grc1,Isaeus 8,Greek,Perseus:text:1999.01.0141:speech=8,Isaeus,Ciron,Is.8; Isae. 8,
"Perseus:abo:tlg,0017,009",urn:cts:greekLit:tlg0017.tlg009.perseus-grc1,Isaeus 9,Greek,Perseus:text:1999.01.0141:speech=9,Isaeus,Astyphilus,Is.9; Isae. 9,
"Perseus:abo:tlg,0017,010",urn:cts:greekLit:tlg0017.tlg010.perseus-grc1,Isaeus 10,Greek,Perseus:text:1999.01.0141:speech=10,Isaeus,Aristarchus,Is.10; Isae. 10,
"Perseus:abo:tlg,0017,011",urn:cts:greekLit:tlg0017.tlg011.perseus-grc1,Isaeus 11,Greek,Perseus:text:1999.01.0141:speech=11,Isaeus,Hagnias,Is.11; Isae. 11,
"Perseus:abo:tlg,0017,012",urn:cts:greekLit:tlg0017.tlg012.perseus-grc1,Isaeus 12,Greek,Perseus:text:1999.01.0141:speech=12,Isaeus,Euphiletus,Is.12; Isae. 12,
"Perseus:abo:tlg,0019,001",urn:cts:greekLit:tlg0019.tlg001.perseus-eng1,Aristoph. Ach.,English,Perseus:text:1999.01.0240,Aristophanes,Acharnians,Ar.Ach.; ,
"Perseus:abo:tlg,0019,001",urn:cts:greekLit:tlg0019.tlg001.perseus-grc1,Aristoph. Ach.,Greek,Perseus:text:1999.01.0023,Aristophanes,Acharnians,Ar.Ach.; ,
"Perseus:abo:tlg,0019,002",urn:cts:greekLit:tlg0019.tlg002.perseus-eng1,Aristoph. Kn.,English,Perseus:text:1999.01.0034,Aristophanes,Knights,Ar.Eq.,
"Perseus:abo:tlg,0019,002",urn:cts:greekLit:tlg0019.tlg002.perseus-grc1,Aristoph. Kn.,Greek,Perseus:text:1999.01.0033,Aristophanes,Equites,Ar.Eq.,
"Perseus:abo:tlg,0019,003",urn:cts:greekLit:tlg0019.tlg003.perseus-eng1,Aristoph. Cl.,English,Perseus:text:1999.01.0241,Aristophanes,Clouds,Ar.Nub.; Ar.Nu.,
"Perseus:abo:tlg,0019,003",urn:cts:greekLit:tlg0019.tlg003.perseus-grc1,Aristoph. Cl.,Greek,Perseus:text:1999.01.0027,Aristophanes,Nubes,Ar.Nub.; Ar.Nu.,
"Perseus:abo:tlg,0019,004",urn:cts:greekLit:tlg0019.tlg004.perseus-eng1,Aristoph. Wasps,English,Perseus:text:1999.01.0044,Aristotle,Wasps,Ar.Vesp.; Ar.V.,
"Perseus:abo:tlg,0019,004",urn:cts:greekLit:tlg0019.tlg004.perseus-grc1,Aristoph. Wasps,Greek,Perseus:text:1999.01.0043,Aristophanes,Vespae,Ar.Vesp.; Ar.V.,
"Perseus:abo:tlg,0019,005",urn:cts:greekLit:tlg0019.tlg005.perseus-eng1,Aristoph. Peace,English,Perseus:text:1999.01.0038,Aristophanes,Peace,Ar.Pax,
"Perseus:abo:tlg,0019,005",urn:cts:greekLit:tlg0019.tlg005.perseus-grc1,Aristoph. Peace,Greek,Perseus:text:1999.01.0037,Aristophanes,Peace,Ar.Pax,
"Perseus:abo:tlg,0019,006",urn:cts:greekLit:tlg0019.tlg006.perseus-eng1,Aristoph. Birds,English,Perseus:text:1999.01.0026,Aristophanes,Birds,Ar.Av.,
"Perseus:abo:tlg,0019,006",urn:cts:greekLit:tlg0019.tlg006.perseus-grc1,Aristoph. Birds,Greek,Perseus:text:1999.01.0025,Aristophanes,Birds,Ar.Av.,
"Perseus:abo:tlg,0019,007",urn:cts:greekLit:tlg0019.tlg007.perseus-eng1,Aristoph. Lys.,English,Perseus:text:1999.01.0242,Aristophanes,Lysistrata,Ar.Lys.,
"Perseus:abo:tlg,0019,007",urn:cts:greekLit:tlg0019.tlg007.perseus-grc1,Aristoph. Lys.,Greek,Perseus:text:1999.01.0035,Aristophanes,Lysistrata,Ar.Lys.,
"Perseus:abo:tlg,0019,008",urn:cts:greekLit:tlg0019.tlg008.perseus-eng1,Aristoph. Thes.,English,Perseus:text:1999.01.0042,Aristophanes,Thesmophoriazusae,Ar.Thesm.;Ar.Th.,
"Perseus:abo:tlg,0019,008",urn:cts:greekLit:tlg0019.tlg008.perseus-grc1,Aristoph. Thes.,Greek,Perseus:text:1999.01.0041,Aristophanes,Thesmophoriazusae,Ar.Thesm.;Ar.Th.,
"Perseus:abo:tlg,0019,009",urn:cts:greekLit:tlg0019.tlg009.perseus-eng1,Aristoph. Frogs,English,Perseus:text:1999.01.0032,Aristophanes,Frogs,Ar.Ran.,
"Perseus:abo:tlg,0019,009",urn:cts:greekLit:tlg0019.tlg009.perseus-grc1,Aristoph. Frogs,Greek,Perseus:text:1999.01.0031,Aristophanes,Ranae,Ar.Ran.,
"Perseus:abo:tlg,0019,010",urn:cts:greekLit:tlg0019.tlg010.perseus-eng1,Aristoph. Eccl.,English,Perseus:text:1999.01.0030,Aristophanes,Ecclesiazusae,Ar.Eccl.; Ar.Ec.,
"Perseus:abo:tlg,0019,010",urn:cts:greekLit:tlg0019.tlg010.perseus-grc1,Aristoph. Eccl.,Greek,Perseus:text:1999.01.0029,Aristophanes,Ecclesiazusae,Ar.Eccl.; Ar.Ec.,
"Perseus:abo:tlg,0019,011",urn:cts:greekLit:tlg0019.tlg011.perseus-eng1,Aristoph. Pl.,English,Perseus:text:1999.01.0040,Aristophanes,Plutus,Ar.Plut.,
"Perseus:abo:tlg,0019,011",urn:cts:greekLit:tlg0019.tlg011.perseus-grc1,Aristoph. Pl.,Greek,Perseus:text:1999.01.0039,Aristophanes,Plutus,Ar.Plut.,
"Perseus:abo:tlg,0020,001",urn:cts:greekLit:tlg0020.tlg001.perseus-eng1,Hes. Th.,English,Perseus:text:1999.01.0130,Hesiod,Theogony,Hes.Th.,
"Perseus:abo:tlg,0020,001",urn:cts:greekLit:tlg0020.tlg001.perseus-grc1,Hes. Th.,Greek,Perseus:text:1999.01.0129,Hesiod,Theogonia,Hes.Th.,
"Perseus:abo:tlg,0020,002",urn:cts:greekLit:tlg0020.tlg002.perseus-eng1,Hes. WD,English,Perseus:text:1999.01.0132,Hesiod,Works and Days,Hes.Op.,
"Perseus:abo:tlg,0020,002",urn:cts:greekLit:tlg0020.tlg002.perseus-grc1,Hes. WD,Greek,Perseus:text:1999.01.0131,Hesiod,Opera et Dies,Hes.Op.,
"Perseus:abo:tlg,0020,003",urn:cts:greekLit:tlg0020.tlg003.perseus-eng1,Hes. Sh.,English,Perseus:text:1999.01.0128,Hesiod,Shield of Heracles,Hes.Sc.,
"Perseus:abo:tlg,0020,003",urn:cts:greekLit:tlg0020.tlg003.perseus-grc1,Hes. Sh.,Greek,Perseus:text:1999.01.0127,Hesiod,Scutum,Hes.Sc.,
none,urn:cts:greekLit:tlg0023.tlg001.perseus-grc1,Opp. H.,Greek,Perseus:text:2008.01.0488,Oppian,Halieutica,Opp Hal.,
none,urn:cts:greekLit:tlg0024.tlg001.perseus-grc1,Opp. C.,Greek,Perseus:text:2008.01.0489,Oppian,Cynegetica,Opp.Cyn.,
"Perseus:abo:tlg,0026,001",urn:cts:greekLit:tlg0026.tlg001.perseus-eng1,Aeschin. 1        ,English,Perseus:text:1999.01.0002:speech=1,Aeschines,In Timarchum,Aesch. In Tim.; Aeschin.Tim.,
"Perseus:abo:tlg,0026,001",urn:cts:greekLit:tlg0026.tlg001.perseus-grc1,Aeschin. 1        ,Greek,Perseus:text:1999.01.0001:speech=1,Aeschines,In Timarchum,Aesch. In Tim.; Aeschin.Tim.,
"Perseus:abo:tlg,0026,002",urn:cts:greekLit:tlg0026.tlg002.perseus-eng1,Aeschin. 2,English,Perseus:text:1999.01.0002:speech=2,Aeschines,De Falsa Legatione,Aeschin.Leg,
"Perseus:abo:tlg,0026,002",urn:cts:greekLit:tlg0026.tlg002.perseus-grc1,Aeschin. 2,Greek,Perseus:text:1999.01.0001:speech=2,Aeschines,De Falsa Legatione,Aeschin.Leg,
"Perseus:abo:tlg,0026,003",urn:cts:greekLit:tlg0026.tlg003.perseus-eng1,Aeschin. 3,English,Perseus:text:1999.01.0002:speech=3,Aeschines,Against Ctesiphon,Aesch. In Ctes.; Aeschin.Ctes.,
"Perseus:abo:tlg,0026,003",urn:cts:greekLit:tlg0026.tlg003.perseus-grc1,Aeschin. 3,Greek,Perseus:text:1999.01.0001:speech=3,Aeschines,Against Ctesiphon,Aesch. In Ctes.; Aeschin.Ctes.,
"Perseus:abo:tlg,0027,001",urn:cts:greekLit:tlg0027.tlg001.perseus-eng1,Andoc. 1,English,Perseus:text:1999.01.0018:speech=1,Andocides,On the mysteries,And.Myst.,
"Perseus:abo:tlg,0027,001",urn:cts:greekLit:tlg0027.tlg001.perseus-grc1,Andoc. 1,Greek,Perseus:text:1999.01.0017:speech=1,Andocides,De mysteriis,And.Myst.,
"Perseus:abo:tlg,0027,002",urn:cts:greekLit:tlg0027.tlg002.perseus-eng1,Andoc. 2,English,Perseus:text:1999.01.0018:speech=2,Andocides,On his return,And.Red.,
"Perseus:abo:tlg,0027,002",urn:cts:greekLit:tlg0027.tlg002.perseus-grc1,Andoc. 2,Greek,Perseus:text:1999.01.0017:speech=2,Andocides,De reditu suo,And.Red.,
"Perseus:abo:tlg,0027,003",urn:cts:greekLit:tlg0027.tlg003.perseus-eng1,Andoc. 3,English,Perseus:text:1999.01.0018:speech=3,Andocides,On the peace,And.Pace,
"Perseus:abo:tlg,0027,003",urn:cts:greekLit:tlg0027.tlg003.perseus-grc1,Andoc. 3,Greek,Perseus:text:1999.01.0017:speech=3,Andocides,De pace,And.Pace,
"Perseus:abo:tlg,0027,004",urn:cts:greekLit:tlg0027.tlg004.perseus-eng1,Andoc. 4,English,Perseus:text:1999.01.0018:speech=4,Andocides,Against Alcibiades,And.Alc.,
"Perseus:abo:tlg,0027,004",urn:cts:greekLit:tlg0027.tlg004.perseus-grc1,Andoc. 4,Greek,Perseus:text:1999.01.0017:speech=4,Andocides,In Alcibiadem,And.Alc.,
"Perseus:abo:tlg,0028,001",urn:cts:greekLit:tlg0028.tlg001.perseus-eng1,Antiph. 1,English,Perseus:text:1999.01.0020:speech=1,Antiphon,Against the Stepmother for Poisoning,,
"Perseus:abo:tlg,0028,001",urn:cts:greekLit:tlg0028.tlg001.perseus-grc1,Antiph. 1,Greek,Perseus:text:1999.01.0019:speech=1,Antiphon,In Novercam,,
"Perseus:abo:tlg,0028,002",urn:cts:greekLit:tlg0028.tlg002.perseus-eng1,Antiph. 2,English,Perseus:text:1999.01.0020:speech=2,Antiphon,First Tetralogy,,
"Perseus:abo:tlg,0028,002",urn:cts:greekLit:tlg0028.tlg002.perseus-grc1,Antiph. 2,Greek,Perseus:text:1999.01.0019:speech=2,Antiphon,Tetralogia 1,,
"Perseus:abo:tlg,0028,003",urn:cts:greekLit:tlg0028.tlg003.perseus-eng1,Antiph. 3,English,Perseus:text:1999.01.0020:speech=3,Antiphon,Second Tetralogy,,
"Perseus:abo:tlg,0028,003",urn:cts:greekLit:tlg0028.tlg003.perseus-grc1,Antiph. 3,Greek,Perseus:text:1999.01.0019:speech=3,Antiphon,Tetralogia 2,,
"Perseus:abo:tlg,0028,004",urn:cts:greekLit:tlg0028.tlg004.perseus-eng1,Antiph. 4,English,Perseus:text:1999.01.0020:speech=4,Antiphon,Third Tetralogy,,
"Perseus:abo:tlg,0028,004",urn:cts:greekLit:tlg0028.tlg004.perseus-grc1,Antiph. 4,Greek,Perseus:text:1999.01.0019:speech=4,Antiphon,Tetralogia 3,,
"Perseus:abo:tlg,0028,005",urn:cts:greekLit:tlg0028.tlg005.perseus-eng1,Antiph. 5,English,Perseus:text:1999.01.0020:speech=5,Antiphon,On the murder of Herodes,AntiphoHerod.,
"Perseus:abo:tlg,0028,005",urn:cts:greekLit:tlg0028.tlg005.perseus-grc1,Antiph. 5,Greek,Perseus:text:1999.01.0019:speech=5,Antiphon,De caede Herodis,AntiphoHerod.,
"Perseus:abo:tlg,0028,006",urn:cts:greekLit:tlg0028.tlg006.perseus-eng1,Antiph. 6,English,Perseus:text:1999.01.0020:speech=6,Antiphon,On the choreutes,AntiphoChor.,
"Perseus:abo:tlg,0028,006",urn:cts:greekLit:tlg0028.tlg006.perseus-grc1,Antiph. 6,Greek,Perseus:text:1999.01.0019:speech=6,Antiphon,De choreuta,AntiphoChor.,
"Perseus:abo:tlg,0029,004",urn:cts:greekLit:tlg0029.tlg004.perseus-eng1,Din. 1        ,English,Perseus:text:1999.01.0082:speech=1,Dinarchus,Against Demosthenes,Din.Dem.,
"Perseus:abo:tlg,0029,004",urn:cts:greekLit:tlg0029.tlg004.perseus-grc1,Din. 1        ,Greek,Perseus:text:1999.01.0081:speech=1,Dinarchus,In Demosthenem,Din.Dem.,
"Perseus:abo:tlg,0029,005",urn:cts:greekLit:tlg0029.tlg005.perseus-eng1,Din. 2,English,Perseus:text:1999.01.0082:speech=2,Dinarchus,Against Aristogiton,Din.Arist.,
"Perseus:abo:tlg,0029,005",urn:cts:greekLit:tlg0029.tlg005.perseus-grc1,Din. 2,Greek,Perseus:text:1999.01.0081:speech=2,Dinarchus,In Aristogitonem,Din.Arist.,
"Perseus:abo:tlg,0029,006",urn:cts:greekLit:tlg0029.tlg006.perseus-eng1,Din. 3,English,Perseus:text:1999.01.0082:speech=3,Dinarchus,Against Philocles,Din.Phil.,
"Perseus:abo:tlg,0029,006",urn:cts:greekLit:tlg0029.tlg006.perseus-grc1,Din. 3,Greek,Perseus:text:1999.01.0081:speech=3,Dinarchus,In Philoclem ,Din.Phil.,
"Perseus:abo:tlg,0030,001",urn:cts:greekLit:tlg0030.tlg001.perseus-eng1,Hyp. 1,English,Perseus:text:1999.01.0140:speech=1,Hyperides,In Defence of Lycophron,Hyp.Lyc.,
"Perseus:abo:tlg,0030,001",urn:cts:greekLit:tlg0030.tlg001.perseus-grc1,Hyp. 1,Greek,Perseus:text:1999.01.0139:speech=1,Hyperides,pro Lycophrone,Hyp.Lyc.,
"Perseus:abo:tlg,0030,002",urn:cts:greekLit:tlg0030.tlg002.perseus-eng1,Hyp. 2,English,Perseus:text:1999.01.0140:speech=2,Hyperides,Against Philippides,Hyp.Phil.,
"Perseus:abo:tlg,0030,002",urn:cts:greekLit:tlg0030.tlg002.perseus-grc1,Hyp. 2,Greek,Perseus:text:1999.01.0139:speech=2,Hyperides,In Philippidem,Hyp.Phil.,
"Perseus:abo:tlg,0030,003",urn:cts:greekLit:tlg0030.tlg003.perseus-eng1,Hyp. 3,English,Perseus:text:1999.01.0140:speech=3,Hyperides,Against Athenogenes,Hyp.Ath.,
"Perseus:abo:tlg,0030,003",urn:cts:greekLit:tlg0030.tlg003.perseus-grc1,Hyp. 3,Greek,Perseus:text:1999.01.0139:speech=3,Hyperides,In Athenogenem,Hyp.Ath.,
"Perseus:abo:tlg,0030,004",urn:cts:greekLit:tlg0030.tlg004.perseus-eng1,Hyp. 4,English,Perseus:text:1999.01.0140:speech=4,Hyperides,In Defence of Euxenippus,Hyp.Eux.,
"Perseus:abo:tlg,0030,004",urn:cts:greekLit:tlg0030.tlg004.perseus-grc1,Hyp. 4,Greek,Perseus:text:1999.01.0139:speech=4,Hyperides,pro Euxenippo,Hyp.Eux.,
"Perseus:abo:tlg,0030,005",urn:cts:greekLit:tlg0030.tlg005.perseus-eng1,Hyp. 5,English,Perseus:text:1999.01.0140:speech=5,Hyperides,Against Demosthenes,Hyp.Dem.,
"Perseus:abo:tlg,0030,005",urn:cts:greekLit:tlg0030.tlg005.perseus-grc1,Hyp. 5,Greek,Perseus:text:1999.01.0139:speech=5,Hyperides,In Demosthenem,Hyp.Dem.,
"Perseus:abo:tlg,0030,006",urn:cts:greekLit:tlg0030.tlg006.perseus-eng1,Hyp. 6,English,Perseus:text:1999.01.0140:speech=6,Hyperides,Funeral Oration,Hyp.Epit.,
"Perseus:abo:tlg,0030,006",urn:cts:greekLit:tlg0030.tlg006.perseus-grc1,Hyp. 6,Greek,Perseus:text:1999.01.0139:speech=6,Hyperides,Epitaphius,Hyp.Epit.,
"Perseus:abo:tlg,0031,001",urn:cts:greekLit:tlg0031.tlg001.perseus-eng1,none,English,Perseus:text:1999.01.0156:book=Matthew,New Testament,Matthew,Ev.Matt.,
"Perseus:abo:tlg,0031,001",urn:cts:greekLit:tlg0031.tlg001.perseus-grc1,none,Greek,Perseus:text:1999.01.0155:book=Matthew,New Testament,Matthew,Ev.Matt.,
"Perseus:abo:tlg,0031,001",urn:cts:greekLit:tlg0031.tlg001.perseus-lat1,none,Latin,Perseus:text:1999.02.0060:book=Matthew,New Testament,Matthew,Ev.Matt.,
"Perseus:abo:tlg,0031,002",urn:cts:greekLit:tlg0031.tlg002.perseus-eng1,none,English,Perseus:text:1999.01.0156:book=Mark,New Testament,Mark,Ev.Marc.,
"Perseus:abo:tlg,0031,002",urn:cts:greekLit:tlg0031.tlg002.perseus-grc1,none,Greek,Perseus:text:1999.01.0155:book=Mark,New Testament,Mark,Ev.Marc.,
"Perseus:abo:tlg,0031,002",urn:cts:greekLit:tlg0031.tlg002.perseus-lat1,none,Latin,Perseus:text:1999.02.0060:book=Mark,New Testament,Mark,Ev.Marc.,
"Perseus:abo:tlg,0031,003",urn:cts:greekLit:tlg0031.tlg003.perseus-eng1,none,English,Perseus:text:1999.01.0156:book=Luke,New Testament,Luke,Ev.Luc.,
"Perseus:abo:tlg,0031,003",urn:cts:greekLit:tlg0031.tlg003.perseus-grc1,none,Greek,Perseus:text:1999.01.0155:book=Luke,New Testament,Luke,Ev.Luc.,
"Perseus:abo:tlg,0031,003",urn:cts:greekLit:tlg0031.tlg003.perseus-lat1,none,Latin,Perseus:text:1999.02.0060:book=Luke,New Testament,Luke,Ev.Luc.,
"Perseus:abo:tlg,0031,004",urn:cts:greekLit:tlg0031.tlg004.perseus-eng1,none,English,Perseus:text:1999.01.0156:book=John,New Testament,John,Ev.Jo.,
"Perseus:abo:tlg,0031,004",urn:cts:greekLit:tlg0031.tlg004.perseus-grc1,none,Greek,Perseus:text:1999.01.0155:book=John,New Testament,John,Ev.Jo.,
"Perseus:abo:tlg,0031,004",urn:cts:greekLit:tlg0031.tlg004.perseus-lat1,none,Latin,Perseus:text:1999.02.0060:book=John,New Testament,John,Ev.Jo.,
"Perseus:abo:tlg,0031,005",urn:cts:greekLit:tlg0031.tlg005.perseus-eng1,none,English,Perseus:text:1999.01.0156:book=Acts,New Testament,Acts,Act.Ap.,
"Perseus:abo:tlg,0031,005",urn:cts:greekLit:tlg0031.tlg005.perseus-grc1,none,Greek,Perseus:text:1999.01.0155:book=Acts,New Testament,Acts,Act.Ap.,
"Perseus:abo:tlg,0031,005",urn:cts:greekLit:tlg0031.tlg005.perseus-lat1,none,Latin,Perseus:text:1999.02.0060:book=Acts,New Testament,Acts,Act.Ap.,
"Perseus:abo:tlg,0031,006",urn:cts:greekLit:tlg0031.tlg006.perseus-eng1,none,English,Perseus:text:1999.01.0156:book=Romans,New Testament,Romans,Ep.Rom.,
"Perseus:abo:tlg,0031,006",urn:cts:greekLit:tlg0031.tlg006.perseus-grc1,none,Greek,Perseus:text:1999.01.0155:book=Romans,New Testament,Romans,Ep.Rom.,
"Perseus:abo:tlg,0031,006",urn:cts:greekLit:tlg0031.tlg006.perseus-lat1,none,Latin,Perseus:text:1999.02.0060:book=Romans,New Testament,Romans,Ep.Rom.,
"Perseus:abo:tlg,0031,007",urn:cts:greekLit:tlg0031.tlg007.perseus-eng1,none,English,Perseus:text:1999.01.0156:book=I Corinthians,New Testament,1 Corinthians,1 Ep.Cor.,
"Perseus:abo:tlg,0031,007",urn:cts:greekLit:tlg0031.tlg007.perseus-grc1,none,Greek,Perseus:text:1999.01.0155:book=I Corinthians,New Testament,1 Corinthians,1 Ep.Cor.,
"Perseus:abo:tlg,0031,007",urn:cts:greekLit:tlg0031.tlg007.perseus-lat1,none,Latin,Perseus:text:1999.02.0060:book=1 Corinthians,New Testament,1 Corinthians,1 Ep.Cor.,
"Perseus:abo:tlg,0031,008",urn:cts:greekLit:tlg0031.tlg008.perseus-eng1,none,English,Perseus:text:1999.01.0156:book=II Corinthians,New Testament,2 Corinthians,2 Ep.Cor.,
"Perseus:abo:tlg,0031,008",urn:cts:greekLit:tlg0031.tlg008.perseus-grc1,none,Greek,Perseus:text:1999.01.0155:book=II Corinthians,New Testament,2 Corinthians,2 Ep.Cor.,
"Perseus:abo:tlg,0031,008",urn:cts:greekLit:tlg0031.tlg008.perseus-lat1,none,Latin,Perseus:text:1999.02.0060:book=2 Corinthians,New Testament,2 Corinthians,2 Ep.Cor.,
"Perseus:abo:tlg,0031,009",urn:cts:greekLit:tlg0031.tlg009.perseus-eng1,none,English,Perseus:text:1999.01.0156:book=Galatians,New Testament,Galatians,Ep.Gal.,
"Perseus:abo:tlg,0031,009",urn:cts:greekLit:tlg0031.tlg009.perseus-grc1,none,Greek,Perseus:text:1999.01.0155:book=Galatians,New Testament,Galatians,Ep.Gal.,
"Perseus:abo:tlg,0031,009",urn:cts:greekLit:tlg0031.tlg009.perseus-lat1,none,Latin,Perseus:text:1999.02.0060:book=Galatians,New Testament,Galatians,Ep.Gal.,
"Perseus:abo:tlg,0031,010",urn:cts:greekLit:tlg0031.tlg010.perseus-eng1,none,English,Perseus:text:1999.01.0156:book=Ephesians,New Testament,Ephesians,Ep.Eph.,
"Perseus:abo:tlg,0031,010",urn:cts:greekLit:tlg0031.tlg010.perseus-grc1,none,Greek,Perseus:text:1999.01.0155:book=Ephesians,New Testament,Ephesians,Ep.Eph.,
"Perseus:abo:tlg,0031,010",urn:cts:greekLit:tlg0031.tlg010.perseus-lat1,none,Latin,Perseus:text:1999.02.0060:book=Ephesians,New Testament,Ephesians,Ep.Eph.,
"Perseus:abo:tlg,0031,011",urn:cts:greekLit:tlg0031.tlg011.perseus-eng1,none,English,Perseus:text:1999.01.0156:book=Philippians,New Testament,Philippians,Ep.Phil.,
"Perseus:abo:tlg,0031,011",urn:cts:greekLit:tlg0031.tlg011.perseus-grc1,none,Greek,Perseus:text:1999.01.0155:book=Philippians,New Testament,Philippians,Ep.Phil.,
"Perseus:abo:tlg,0031,011",urn:cts:greekLit:tlg0031.tlg011.perseus-lat1,none,Latin,Perseus:text:1999.02.0060:book=Philippians,New Testament,Philippians,Ep.Phil.,
"Perseus:abo:tlg,0031,012",urn:cts:greekLit:tlg0031.tlg012.perseus-eng1,none,English,Perseus:text:1999.01.0156:book=Colossians,New Testament,Colossians,Ep.Col.,
"Perseus:abo:tlg,0031,012",urn:cts:greekLit:tlg0031.tlg012.perseus-grc1,none,Greek,Perseus:text:1999.01.0155:book=Colossians,New Testament,Colossians,Ep.Col.,
"Perseus:abo:tlg,0031,012",urn:cts:greekLit:tlg0031.tlg012.perseus-lat1,none,Latin,Perseus:text:1999.02.0060:book=Colossians,New Testament,Colossians,Ep.Col.,
"Perseus:abo:tlg,0031,013",urn:cts:greekLit:tlg0031.tlg013.perseus-eng1,none,English,Perseus:text:1999.01.0156:book=I Thessalonians,New Testament,1 Thessalonians,1 Ep.Thess.,
"Perseus:abo:tlg,0031,013",urn:cts:greekLit:tlg0031.tlg013.perseus-grc1,none,Greek,Perseus:text:1999.01.0155:book=I Thessalonians,New Testament,1 Thessalonians,1 Ep.Thess.,
"Perseus:abo:tlg,0031,013",urn:cts:greekLit:tlg0031.tlg013.perseus-lat1,none,Latin,Perseus:text:1999.02.0060:book=1 Thessalonians,New Testament,1 Thessalonians,1 Ep.Thess.,
"Perseus:abo:tlg,0031,014",urn:cts:greekLit:tlg0031.tlg014.perseus-eng1,none,English,Perseus:text:1999.01.0156:book=II Thessalonians,New Testament,2 Thessalonians,2 Ep.Thess.,
"Perseus:abo:tlg,0031,014",urn:cts:greekLit:tlg0031.tlg014.perseus-grc1,none,Greek,Perseus:text:1999.01.0155:book=II Thessalonians,New Testament,2 Thessalonians,2 Ep.Thess.,
"Perseus:abo:tlg,0031,014",urn:cts:greekLit:tlg0031.tlg014.perseus-lat1,none,Latin,Perseus:text:1999.02.0060:book=2 Thessalonians,New Testament,2 Thessalonians,2 Ep.Thess.,
"Perseus:abo:tlg,0031,015",urn:cts:greekLit:tlg0031.tlg015.perseus-eng1,none,English,Perseus:text:1999.01.0156:book=I Timothy,New Testament,1 Timothy,1 Ep.Ti,
"Perseus:abo:tlg,0031,015",urn:cts:greekLit:tlg0031.tlg015.perseus-grc1,none,Greek,Perseus:text:1999.01.0155:book=I Timothy,New Testament,1 Timothy,1 Ep.Ti,
"Perseus:abo:tlg,0031,015",urn:cts:greekLit:tlg0031.tlg015.perseus-lat1,none,Latin,Perseus:text:1999.02.0060:book=1 Timothy,New Testament,1 Timothy,1 Ep.Ti,
"Perseus:abo:tlg,0031,016",urn:cts:greekLit:tlg0031.tlg016.perseus-eng1,none,English,Perseus:text:1999.01.0156:book=II Timothy,New Testament,2 Timothy,2 Ep.Ti,
"Perseus:abo:tlg,0031,016",urn:cts:greekLit:tlg0031.tlg016.perseus-grc1,none,Greek,Perseus:text:1999.01.0155:book=II Timothy,New Testament,2 Timothy,2 Ep.Ti,
"Perseus:abo:tlg,0031,016",urn:cts:greekLit:tlg0031.tlg016.perseus-lat1,none,Latin,Perseus:text:1999.02.0060:book=2 Timothy,New Testament,2 Timothy,2 Ep.Ti,
"Perseus:abo:tlg,0031,017",urn:cts:greekLit:tlg0031.tlg017.perseus-eng1,none,English,Perseus:text:1999.01.0156:book=Titus,New Testament,Titus,Ep.Tit.,
"Perseus:abo:tlg,0031,017",urn:cts:greekLit:tlg0031.tlg017.perseus-grc1,none,Greek,Perseus:text:1999.01.0155:book=Titus,New Testament,Titus,Ep.Tit.,
"Perseus:abo:tlg,0031,017",urn:cts:greekLit:tlg0031.tlg017.perseus-lat1,none,Latin,Perseus:text:1999.02.0060:book=Titus,New Testament,Titus,Ep.Tit.,
"Perseus:abo:tlg,0031,018",urn:cts:greekLit:tlg0031.tlg018.perseus-eng1,none,English,Perseus:text:1999.01.0156:book=Philemon,New Testament,Philemon,Ep.Phil.,
"Perseus:abo:tlg,0031,018",urn:cts:greekLit:tlg0031.tlg018.perseus-grc1,none,Greek,Perseus:text:1999.01.0155:book=Philemon,New Testament,Philemon,Ep.Phil.,
"Perseus:abo:tlg,0031,018",urn:cts:greekLit:tlg0031.tlg018.perseus-lat1,none,Latin,Perseus:text:1999.02.0060:book=Philemon,New Testament,Philemon,Ep.Phil.,
"Perseus:abo:tlg,0031,019",urn:cts:greekLit:tlg0031.tlg019.perseus-eng1,none,English,Perseus:text:1999.01.0156:book=Hebrews,New Testament,Hebrews,Ep.Hebr,
"Perseus:abo:tlg,0031,019",urn:cts:greekLit:tlg0031.tlg019.perseus-grc1,none,Greek,Perseus:text:1999.01.0155:book=Hebrews,New Testament,Hebrews,Ep.Hebr,
"Perseus:abo:tlg,0031,019",urn:cts:greekLit:tlg0031.tlg019.perseus-lat1,none,Latin,Perseus:text:1999.02.0060:book=Hebrews,New Testament,Hebrews,Ep.Hebr,
"Perseus:abo:tlg,0031,020",urn:cts:greekLit:tlg0031.tlg020.perseus-eng1,none,English,Perseus:text:1999.01.0156:book=James,New Testament,James,Ep.Jac.,
"Perseus:abo:tlg,0031,020",urn:cts:greekLit:tlg0031.tlg020.perseus-grc1,none,Greek,Perseus:text:1999.01.0155:book=James,New Testament,James,Ep.Jac.,
"Perseus:abo:tlg,0031,020",urn:cts:greekLit:tlg0031.tlg020.perseus-lat1,none,Latin,Perseus:text:1999.02.0060:book=James,New Testament,James,Ep.Jac.,
"Perseus:abo:tlg,0031,021",urn:cts:greekLit:tlg0031.tlg021.perseus-eng1,none,English,Perseus:text:1999.01.0156:book=I Peter,New Testament,I Peter,1 Ep.Pet.,
"Perseus:abo:tlg,0031,021",urn:cts:greekLit:tlg0031.tlg021.perseus-grc1,none,Greek,Perseus:text:1999.01.0155:book=I Peter,New Testament,I Peter,1 Ep.Pet.,
"Perseus:abo:tlg,0031,021",urn:cts:greekLit:tlg0031.tlg021.perseus-lat1,none,Latin,Perseus:text:1999.02.0060:book=1 Peter,New Testament,I Peter,1 Ep.Pet.,
"Perseus:abo:tlg,0031,022",urn:cts:greekLit:tlg0031.tlg022.perseus-eng1,none,English,Perseus:text:1999.01.0156:book=II Peter,New Testament,2 Peter,2 Ep.Pet.,
"Perseus:abo:tlg,0031,022",urn:cts:greekLit:tlg0031.tlg022.perseus-grc1,none,Greek,Perseus:text:1999.01.0155:book=II Peter,New Testament,2 Peter,2 Ep.Pet.,
"Perseus:abo:tlg,0031,022",urn:cts:greekLit:tlg0031.tlg022.perseus-lat1,none,Latin,Perseus:text:1999.02.0060:book=2 Peter,New Testament,2 Peter,2 Ep.Pet.,
"Perseus:abo:tlg,0031,023",urn:cts:greekLit:tlg0031.tlg023.perseus-eng1,none,English,Perseus:text:1999.01.0156:book=I John,New Testament,1 John,1 Ep.Jo.,
"Perseus:abo:tlg,0031,023",urn:cts:greekLit:tlg0031.tlg023.perseus-grc1,none,Greek,Perseus:text:1999.01.0155:book=I John,New Testament,1 John,1 Ep.Jo.,
"Perseus:abo:tlg,0031,023",urn:cts:greekLit:tlg0031.tlg023.perseus-lat1,none,Latin,Perseus:text:1999.02.0060:book=1 John,New Testament,1 John,1 Ep.Jo.,
"Perseus:abo:tlg,0031,024",urn:cts:greekLit:tlg0031.tlg024.perseus-eng1,none,English,Perseus:text:1999.01.0156:book=II John,New Testament,2 John,2 Ep.Jo,
"Perseus:abo:tlg,0031,024",urn:cts:greekLit:tlg0031.tlg024.perseus-grc1,none,Greek,Perseus:text:1999.01.0155:book=II John,New Testament,2 John,2 Ep.Jo,
"Perseus:abo:tlg,0031,024",urn:cts:greekLit:tlg0031.tlg024.perseus-lat1,none,Latin,Perseus:text:1999.02.0060:book=2 John,New Testament,2 John,2 Ep.Jo,
"Perseus:abo:tlg,0031,025",urn:cts:greekLit:tlg0031.tlg025.perseus-eng1,none,English,Perseus:text:1999.01.0156:book=III John,New Testament,3 John,,
"Perseus:abo:tlg,0031,025",urn:cts:greekLit:tlg0031.tlg025.perseus-grc1,none,Greek,Perseus:text:1999.01.0155:book=III John,New Testament,3 John,,
"Perseus:abo:tlg,0031,025",urn:cts:greekLit:tlg0031.tlg025.perseus-lat1,none,Latin,Perseus:text:1999.02.0060:book=3 John,New Testament,3 John,,
"Perseus:abo:tlg,0031,026",urn:cts:greekLit:tlg0031.tlg026.perseus-eng1,none,English,Perseus:text:1999.01.0156:book=Jude,New Testament,Jude,Ep.Jud.,
"Perseus:abo:tlg,0031,026",urn:cts:greekLit:tlg0031.tlg026.perseus-grc1,none,Greek,Perseus:text:1999.01.0155:book=Jude,New Testament,Jude,Ep.Jud.,
"Perseus:abo:tlg,0031,026",urn:cts:greekLit:tlg0031.tlg026.perseus-lat1,none,Latin,Perseus:text:1999.02.0060:book=Jude,New Testament,Jude,Ep.Jud.,
"Perseus:abo:tlg,0031,027",urn:cts:greekLit:tlg0031.tlg027.perseus-eng1,none,English,Perseus:text:1999.01.0156:book=Apocalypse,New Testament,Revelation,Apoc .,
"Perseus:abo:tlg,0031,027",urn:cts:greekLit:tlg0031.tlg027.perseus-grc1,none,Greek,Perseus:text:1999.01.0155:book=Revelation,New Testament,Revelation,Apoc .,
"Perseus:abo:tlg,0031,027",urn:cts:greekLit:tlg0031.tlg027.perseus-lat1,none,Latin,Perseus:text:1999.02.0060:book=Apocalypse,New Testament,Revelation,Apoc .,
"Perseus:abo:tlg,0032,001",urn:cts:greekLit:tlg0032.tlg001.perseus-eng1,Xen. Hell.,English,Perseus:text:1999.01.0206,Xenophon,Hellenica,X.HG,
"Perseus:abo:tlg,0032,001",urn:cts:greekLit:tlg0032.tlg001.perseus-grc1,Xen. Hell.,Greek,Perseus:text:1999.01.0205,Xenophon,Hellenica,X.HG,
"Perseus:abo:tlg,0032,002",urn:cts:greekLit:tlg0032.tlg002.perseus-eng1,Xen. Mem.,English,Perseus:text:1999.01.0208,Xenophon,Memorabilia,X.Mem.,
"Perseus:abo:tlg,0032,002",urn:cts:greekLit:tlg0032.tlg002.perseus-grc1,Xen. Mem.,Greek,Perseus:text:1999.01.0207,Xenophon,Memorabilia Socratis,X.Mem.,
"Perseus:abo:tlg,0032,003",urn:cts:greekLit:tlg0032.tlg003.perseus-eng1,Xen. Ec.,English,Perseus:text:1999.01.0212:text=Ec.,Xenophon,Economica,X.Oec.;Xen.Oec.,
"Perseus:abo:tlg,0032,003",urn:cts:greekLit:tlg0032.tlg003.perseus-grc1,Xen. Ec.,Greek,Perseus:text:1999.01.0211:text=Ec.,Xenophon,Oeconomicus,X.Oec.;Xen.Oec.,
"Perseus:abo:tlg,0032,004",urn:cts:greekLit:tlg0032.tlg004.perseus-eng1,Xen. Sym.,English,Perseus:text:1999.01.0212:text=Sym.,Xenophon,Symposium,X.Sym.; Xen.Symp.,
"Perseus:abo:tlg,0032,004",urn:cts:greekLit:tlg0032.tlg004.perseus-grc1,Xen. Sym.,Greek,Perseus:text:1999.01.0211:text=Sym.,Xenophon,Symposium,X.Sym.; Xen.Symp.,
"Perseus:abo:tlg,0032,005",urn:cts:greekLit:tlg0032.tlg005.perseus-eng1,Xen. Apol.,English,Perseus:text:1999.01.0212:text=Apol.,Xenophon,Apology,X.Ap.;Xen.Ap.,
"Perseus:abo:tlg,0032,005",urn:cts:greekLit:tlg0032.tlg005.perseus-grc1,Xen. Apol.,Greek,Perseus:text:1999.01.0211:text=Apol.,Xenophon,Apologia Socratics,X.Ap.;Xen.Ap.,
"Perseus:abo:tlg,0032,006",urn:cts:greekLit:tlg0032.tlg006.perseus-eng1,Xen. Anab.,English,Perseus:text:1999.01.0202,Xenophon,Anabasis,X.An.; Xen.An.,
"Perseus:abo:tlg,0032,006",urn:cts:greekLit:tlg0032.tlg006.perseus-grc1,Xen. Anab.,Greek,Perseus:text:1999.01.0201,Xenophon,Anabasis,X.An.; Xen.An.,
"Perseus:abo:tlg,0032,007",urn:cts:greekLit:tlg0032.tlg007.perseus-eng1,Xen. Cyrop.,English,Perseus:text:1999.01.0204,Xenophon,Cyropaedia,X.Cyr.;Xen.Cyr.,
"Perseus:abo:tlg,0032,007",urn:cts:greekLit:tlg0032.tlg007.perseus-grc1,Xen. Cyrop.,Greek,Perseus:text:1999.01.0203,Xenophon,Cyropaedia,X.Cyr.;Xen.Cyr.,
"Perseus:abo:tlg,0032,008",urn:cts:greekLit:tlg0032.tlg008.perseus-eng1,Xen. Hiero,English,Perseus:text:1999.01.0210:text=Hiero,Xenophon,Hiero,X.Hier.;Xen.Hier.,
"Perseus:abo:tlg,0032,008",urn:cts:greekLit:tlg0032.tlg008.perseus-grc1,Xen. Hiero,Greek,Perseus:text:1999.01.0209:text=Hiero,Xenophon,Hiero,X.Hier.;Xen.Hier.,
"Perseus:abo:tlg,0032,009",urn:cts:greekLit:tlg0032.tlg009.perseus-eng1,Xen. Ages.,English,Perseus:text:1999.01.0210:text=Ages.,Xenophon,Agesilaus,X. Ages.,
"Perseus:abo:tlg,0032,009",urn:cts:greekLit:tlg0032.tlg009.perseus-grc1,Xen. Ages.,Greek,Perseus:text:1999.01.0209:text=Ages.,Xenophon,Agesilaus,X. Ages.,
"Perseus:abo:tlg,0032,010",urn:cts:greekLit:tlg0032.tlg010.perseus-eng1,Xen. Const. Lac.,English,Perseus:text:1999.01.0210:text=Const. Lac.,Xenophon,Constitution of the Lacedaimonians,X.Lac.;Xen.Lac.,
"Perseus:abo:tlg,0032,010",urn:cts:greekLit:tlg0032.tlg010.perseus-grc1,Xen. Const. Lac.,Greek,Perseus:text:1999.01.0209:text=Const. Lac.,Xenophon,Respublica Lacedaemoniorum,X.Lac.;Xen.Lac.,
"Perseus:abo:tlg,0032,011",urn:cts:greekLit:tlg0032.tlg011.perseus-eng1,Xen. Ways,English,Perseus:text:1999.01.0210:text=Ways,Xenophon,Ways and Means,X.Vect.;Xen.Vect.,
"Perseus:abo:tlg,0032,011",urn:cts:greekLit:tlg0032.tlg011.perseus-grc1,Xen. Ways,Greek,Perseus:text:1999.01.0209:text=Ways,Xenophon,de Vectigalibus,X.Vect.;Xen.Vect.,
"Perseus:abo:tlg,0032,012",urn:cts:greekLit:tlg0032.tlg012.perseus-eng1,Xen. Cav.,English,Perseus:text:1999.01.0210:text=Cav.,Xenophon,On the Cavalry Commander,X.Eq.Mag.; Xen.Eq.Mag.,
"Perseus:abo:tlg,0032,012",urn:cts:greekLit:tlg0032.tlg012.perseus-grc1,Xen. Cav.,Greek,Perseus:text:1999.01.0209:text=Cav.,Xenophon,Hipparchicus,X.Eq.Mag.; Xen.Eq.Mag.,
"Perseus:abo:tlg,0032,013",urn:cts:greekLit:tlg0032.tlg013.perseus-eng1,Xen. Horse.,English,Perseus:text:1999.01.0210:text=Horse.,Xenophon,On the Art of Horsemanship,X.Eq.;Xen.Eq.,
"Perseus:abo:tlg,0032,013",urn:cts:greekLit:tlg0032.tlg013.perseus-grc1,Xen. Horse.,Greek,Perseus:text:1999.01.0209:text=Horse.,Xenophon,de re Equestri,X.Eq.;Xen.Eq.,
"Perseus:abo:tlg,0032,014",urn:cts:greekLit:tlg0032.tlg014.perseus-eng1,Xen. Hunt.,English,Perseus:text:1999.01.0210:text=Hunt.,Xenophon,On Hunting,X.Cyn.; Xen.Cyn.,
"Perseus:abo:tlg,0032,014",urn:cts:greekLit:tlg0032.tlg014.perseus-grc1,Xen. Horse.,Greek,Perseus:text:1999.01.0209:text=Hunt.,Xenophon,On Hunting,X.Cyn.; Xen.Cyn.,
"Perseus:abo:tlg,0032,015",urn:cts:greekLit:tlg0032.tlg015.perseus-eng1,Ps. Xen. Const. Ath.,English,Perseus:text:1999.01.0158,Pseudo-Xenophon,Constitution of the Athenians,X.Ath.,
"Perseus:abo:tlg,0032,015",urn:cts:greekLit:tlg0032.tlg015.perseus-grc1,Ps. Xen. Const. Ath.,Greek,Perseus:text:1999.01.0157,Pseudo-Xenophon,Constitution of the Athenians,X.Ath.,
"Perseus:abo:tlg,0033,001",urn:cts:greekLit:tlg0033.tlg001.perseus-eng1,Pind. O.,English,Perseus:text:1999.01.0162:book=O.,Pindar,Olympian,Pind.Ol.; Pi.O.,
"Perseus:abo:tlg,0033,001",urn:cts:greekLit:tlg0033.tlg001.perseus-grc1,Pind. O.,Greek,Perseus:text:1999.01.0161:book=O.,Pindar,Olympian,Pind.Ol.; Pi.O.,
"Perseus:abo:tlg,0033,002",urn:cts:greekLit:tlg0033.tlg002.perseus-eng1,Pind. P.,English,Perseus:text:1999.01.0162:book=P.,Pindar,Pythian,Pind. Pyth.; Pi. Pyth.,
"Perseus:abo:tlg,0033,002",urn:cts:greekLit:tlg0033.tlg002.perseus-eng2,Pind. P.,English,Perseus:text:1999.01.0223,Pindar,Pythian,Pind. Pyth.; Pi. Pyth.,
"Perseus:abo:tlg,0033,002",urn:cts:greekLit:tlg0033.tlg002.perseus-grc1,Pind. P.,Greek,Perseus:text:1999.01.0161:book=P.,Pindar,Pythian,Pind. Pyth.; Pi. Pyth.,
"Perseus:abo:tlg,0033,003",urn:cts:greekLit:tlg0033.tlg003.perseus-eng1,Pind. N.,English,Perseus:text:1999.01.0162:book=N.,Pindar,Nemean,Pind. Nem.; Pi. N.,
"Perseus:abo:tlg,0033,003",urn:cts:greekLit:tlg0033.tlg003.perseus-grc1,Pind. N.,Greek,Perseus:text:1999.01.0161:book=N.,Pindar,Nemean,Pind. Nem.; Pi. N.,
"Perseus:abo:tlg,0033,004",urn:cts:greekLit:tlg0033.tlg004.perseus-eng1,Pind. I.,English,Perseus:text:1999.01.0162:book=I.,Pindar,Isthmean,Pind. Isthm.; Pi. I.,
"Perseus:abo:tlg,0033,004",urn:cts:greekLit:tlg0033.tlg004.perseus-grc1,Pind. I.,Greek,Perseus:text:1999.01.0161:book=I.,Pindar,Isthmean,Pind. Isthm.; Pi. I.,
"Perseus:abo:tlg,0034,001",urn:cts:greekLit:tlg0034.tlg001.perseus-eng1,Lyc. 1,English,Perseus:text:1999.01.0152:speech=1,Lycurgus,Against Leocrates,Lycurg. Leoc.,
"Perseus:abo:tlg,0034,001",urn:cts:greekLit:tlg0034.tlg001.perseus-grc1,Lyc. 1,Greek,Perseus:text:1999.01.0151:speech=1,Lycurgus,In Leocratem,Lycurg. Leoc.,
none,urn:cts:greekLit:tlg0035.tlg001.perseus-grc1,none,Greek,Perseus:text:2008.01.0648,Moschus,Eros Drapeta,Mosch.,
none,urn:cts:greekLit:tlg0035.tlg002.perseus-grc1,none,Greek,Perseus:text:2008.01.0644,Moschus,Europa,Mosch.,
none,urn:cts:greekLit:tlg0035.tlg003.perseus-grc1,none,Greek,Perseus:text:2008.01.0647,Moschus,Epitaphius Bios,Mosch.; Mosch. Ep. Bion.,
none,urn:cts:greekLit:tlg0035.tlg004.perseus-grc1,none,Greek,Perseus:text:2008.01.0645,Moschus,Megara,Mosch.,
none,urn:cts:greekLit:tlg0035.tlg005.perseus-grc1,none,Greek,Perseus:text:2008.01.0646,Moschus,Fragmenta,Mosch.,
none,urn:cts:greekLit:tlg0036.tlg001.perseus-grc1,none,Greek,Perseus:text:2008.01.0672,Bion of Phlossa,Epitaphius Adonis,Bion.,
none,urn:cts:greekLit:tlg0036.tlg002.perseus-grc1,none,Greek,Perseus:text:2008.01.0671,Bion of Phlossa,Epithalamium Achillis et Deidameiae,Bion.,
none,urn:cts:greekLit:tlg0036.tlg003.perseus-grc1,none,Greek,Perseus:text:2008.01.0673,Bion of Phlossa,Fragmenta,Bion.,
"Perseus:abo:tlg,0057,010",urn:cts:greekLit:tlg0057.tlg010.perseus-eng1,Gal. Nat. Fac.,English,Perseus:text:1999.01.0256,Galen,On the Natural Faculties.,,
"Perseus:abo:tlg,0057,010",urn:cts:greekLit:tlg0057.tlg010.perseus-grc1,Gal. Nat. Fac.,Greek,Perseus:text:1999.01.0255,Galen,De naturalibus facultatibus ,,
none,urn:cts:greekLit:tlg0058.tlg001.perseus-grc1,none,Greek,Perseus:text:2008.01.0667,Aeneas Tacticus,Poliorcetica,Aen. Tact.,
"Perseus:abo:tlg,0059,001",urn:cts:greekLit:tlg0059.tlg001.perseus-eng1,Plat. Euthyph.,English,Perseus:text:1999.01.0170:text=Euthyph.,Plato,Euthyphro,Pl. Euthyphro; Pl.Euthphr.,
"Perseus:abo:tlg,0059,001",urn:cts:greekLit:tlg0059.tlg001.perseus-grc1,Plat. Euthyph.,Greek,Perseus:text:1999.01.0169:text=Euthyph.,Plato,Euthyphro,Pl. Euthyphro; Pl.Euthphr.,
"Perseus:abo:tlg,0059,002",urn:cts:greekLit:tlg0059.tlg002.perseus-eng1,Plat. Apol.,English,Perseus:text:1999.01.0170:text=Apol.,Plato,Apology,Pl.Ap.,
"Perseus:abo:tlg,0059,002",urn:cts:greekLit:tlg0059.tlg002.perseus-grc1,Plat. Apol.,Greek,Perseus:text:1999.01.0169:text=Apol.,Plato,Apology,Pl.Ap.,
"Perseus:abo:tlg,0059,003",urn:cts:greekLit:tlg0059.tlg003.perseus-eng1,Plat. Crito,English,Perseus:text:1999.01.0170:text=Crito,Plato,Crito,Pl.Cri.,
"Perseus:abo:tlg,0059,003",urn:cts:greekLit:tlg0059.tlg003.perseus-grc1,Plat. Crito,Greek,Perseus:text:1999.01.0169:text=Crito,Plato,Crito,Pl.Cri.,
"Perseus:abo:tlg,0059,004",urn:cts:greekLit:tlg0059.tlg004.perseus-eng1,Plat. Phaedo,English,Perseus:text:1999.01.0170:text=Phaedo,Plato,Phaedo,Pl.Phd.,
"Perseus:abo:tlg,0059,004",urn:cts:greekLit:tlg0059.tlg004.perseus-grc1,Plat. Phaedo,Greek,Perseus:text:1999.01.0169:text=Phaedo,Plato,Phaedo,Pl.Phd.,
"Perseus:abo:tlg,0059,005",urn:cts:greekLit:tlg0059.tlg005.perseus-eng1,Plat. Crat.,English,Perseus:text:1999.01.0172:text=Crat.,Plato,Cratylus,Pl.Cra.,
"Perseus:abo:tlg,0059,005",urn:cts:greekLit:tlg0059.tlg005.perseus-grc1,Plat. Crat.,Greek,Perseus:text:1999.01.0171:text=Crat.,Plato,Cratylus,Pl.Cra.,
"Perseus:abo:tlg,0059,006",urn:cts:greekLit:tlg0059.tlg006.perseus-eng1,Plat. Theaet.,English,Perseus:text:1999.01.0172:text=Theaet.,Plato,Theaetetus,Pl.Tht.,
"Perseus:abo:tlg,0059,006",urn:cts:greekLit:tlg0059.tlg006.perseus-grc1,Plat. Theaet.,Greek,Perseus:text:1999.01.0171:text=Theaet.,Plato,Theaetetus,Pl.Tht.,
"Perseus:abo:tlg,0059,007",urn:cts:greekLit:tlg0059.tlg007.perseus-eng1,Plat. Soph.,English,Perseus:text:1999.01.0172:text=Soph.,Plato,Sophist,Pl. Soph.; Pl.Sph.,
"Perseus:abo:tlg,0059,007",urn:cts:greekLit:tlg0059.tlg007.perseus-grc1,Plat. Soph.,Greek,Perseus:text:1999.01.0171:text=Soph.,Plato,Sophist,Pl. Soph.; Pl.Sph.,
"Perseus:abo:tlg,0059,008",urn:cts:greekLit:tlg0059.tlg008.perseus-eng1,Plat. Stat.,English,Perseus:text:1999.01.0172:text=Stat.,Plato,Statesman,Pl.Plt.,
"Perseus:abo:tlg,0059,008",urn:cts:greekLit:tlg0059.tlg008.perseus-grc1,Plat. Stat.,Greek,Perseus:text:1999.01.0171:text=Stat.,Plato,Politicus,Pl.Plt.,
"Perseus:abo:tlg,0059,009",urn:cts:greekLit:tlg0059.tlg009.perseus-eng1,Plat. Parm.,English,Perseus:text:1999.01.0174:text=Parm.,Plato,Parmenides,Pl.Prm.,
"Perseus:abo:tlg,0059,009",urn:cts:greekLit:tlg0059.tlg009.perseus-grc1,Plat. Parm.,Greek,Perseus:text:1999.01.0173:text=Parm.,Plato,Parmenides,Pl.Prm.,
"Perseus:abo:tlg,0059,010",urn:cts:greekLit:tlg0059.tlg010.perseus-eng1,Plat. Phileb.,English,Perseus:text:1999.01.0174:text=Phileb.,Plato,Philebus,Pl.Phlb.,
"Perseus:abo:tlg,0059,010",urn:cts:greekLit:tlg0059.tlg010.perseus-grc1,Plat. Phileb.,Greek,Perseus:text:1999.01.0173:text=Phileb.,Plato,Philebus,Pl.Phlb.,
"Perseus:abo:tlg,0059,011",urn:cts:greekLit:tlg0059.tlg011.perseus-eng1,Plat. Sym.,English,Perseus:text:1999.01.0174:text=Sym.,Plato,Symposium,Pl.Smp. ; Pl.Symp.,
"Perseus:abo:tlg,0059,011",urn:cts:greekLit:tlg0059.tlg011.perseus-grc1,Plat. Sym.,Greek,Perseus:text:1999.01.0173:text=Sym.,Plato,Symposium,Pl.Smp. ; Pl.Symp.,
"Perseus:abo:tlg,0059,012",urn:cts:greekLit:tlg0059.tlg012.perseus-eng1,Plat. Phaedrus,English,Perseus:text:1999.01.0174:text=Phaedrus,Plato,Phaedrus,Pl.Phdr.,
"Perseus:abo:tlg,0059,012",urn:cts:greekLit:tlg0059.tlg012.perseus-grc1,Plat. Phaedrus,Greek,Perseus:text:1999.01.0173:text=Phaedrus,Plato,Phaedrus,Pl.Phdr.,
"Perseus:abo:tlg,0059,013",urn:cts:greekLit:tlg0059.tlg013.perseus-eng1,Plat. Alc. 1,English,Perseus:text:1999.01.0176:text=Alc. 1,Plato,Alcibiades 1,Pl.Alc.,
"Perseus:abo:tlg,0059,013",urn:cts:greekLit:tlg0059.tlg013.perseus-grc1,Plat. Alc. 1,Greek,Perseus:text:1999.01.0175:text=Alc. 1,Plato,Alcibiades 1,Pl.Alc.,
"Perseus:abo:tlg,0059,014",urn:cts:greekLit:tlg0059.tlg014.perseus-eng1,Plat. Alc. 2,English,Perseus:text:1999.01.0176:text=Alc. 2,Plato,Alcibiades 2,Pl.Alc.,
"Perseus:abo:tlg,0059,014",urn:cts:greekLit:tlg0059.tlg014.perseus-grc1,Plat. Alc. 2,Greek,Perseus:text:1999.01.0175:text=Alc. 2,Plato,Alcibiades 2,Pl.Alc.,
"Perseus:abo:tlg,0059,015",urn:cts:greekLit:tlg0059.tlg015.perseus-eng1,Plat. Hipparch.,English,Perseus:text:1999.01.0176:text=Hipparch.,Plato,Hipparchus,Pl.Hipparch.; Hipparch.,
"Perseus:abo:tlg,0059,015",urn:cts:greekLit:tlg0059.tlg015.perseus-grc1,Plat. Hipparch.,Greek,Perseus:text:1999.01.0175:text=Hipparch.,Plato,Hipparchus,Pl.Hipparch.; Hipparch.,
"Perseus:abo:tlg,0059,016",urn:cts:greekLit:tlg0059.tlg016.perseus-eng1,Plat. Lovers,English,Perseus:text:1999.01.0176:text=Lovers,Plato,Lovers,Pl.Amat.,
"Perseus:abo:tlg,0059,016",urn:cts:greekLit:tlg0059.tlg016.perseus-grc1,Plat. Lovers,Greek,Perseus:text:1999.01.0175:text=Lovers,Plato,Lovers,Pl.Amat.,
"Perseus:abo:tlg,0059,017",urn:cts:greekLit:tlg0059.tlg017.perseus-eng1,Plat. Theag.,English,Perseus:text:1999.01.0176:text=Theag.,Plato,Theages,Pl.Thg.,
"Perseus:abo:tlg,0059,017",urn:cts:greekLit:tlg0059.tlg017.perseus-grc1,Plat. Theag.,Greek,Perseus:text:1999.01.0175:text=Theag.,Plato,Theages,Pl.Thg.,
"Perseus:abo:tlg,0059,018",urn:cts:greekLit:tlg0059.tlg018.perseus-eng1,Plat. Charm.,English,Perseus:text:1999.01.0176:text=Charm.,Plato,Charmides,Pl.Chrm.,
"Perseus:abo:tlg,0059,018",urn:cts:greekLit:tlg0059.tlg018.perseus-grc1,Plat. Charm.,Greek,Perseus:text:1999.01.0175:text=Charm.,Plato,Charmides,Pl.Chrm.,
"Perseus:abo:tlg,0059,019",urn:cts:greekLit:tlg0059.tlg019.perseus-eng1,Plat. Lach.,English,Perseus:text:1999.01.0176:text=Lach.,Plato,Laches,Pl.La.,
"Perseus:abo:tlg,0059,019",urn:cts:greekLit:tlg0059.tlg019.perseus-grc1,Plat. Lach.,Greek,Perseus:text:1999.01.0175:text=Lach.,Plato,Laches,Pl.La.,
"Perseus:abo:tlg,0059,020",urn:cts:greekLit:tlg0059.tlg020.perseus-eng1,Plat. Lysis,English,Perseus:text:1999.01.0176:text=Lysis,Plato,Lysis,Pl.Lys.,
"Perseus:abo:tlg,0059,020",urn:cts:greekLit:tlg0059.tlg020.perseus-grc1,Plat. Lysis,Greek,Perseus:text:1999.01.0175:text=Lysis,Plato,Lysis,Pl.Lys.,
"Perseus:abo:tlg,0059,021",urn:cts:greekLit:tlg0059.tlg021.perseus-eng1,Plat. Euthyd.,English,Perseus:text:1999.01.0178:text=Euthyd.,Plato,Euthydemus,Pl. Euthyd.; Pl.Euthd.,
"Perseus:abo:tlg,0059,021",urn:cts:greekLit:tlg0059.tlg021.perseus-grc1,Plat. Euthyd.,Greek,Perseus:text:1999.01.0177:text=Euthyd.,Plato,Euthydemus,Pl. Euthyd.; Pl.Euthd.,
"Perseus:abo:tlg,0059,022",urn:cts:greekLit:tlg0059.tlg022.perseus-eng1,Plat. Prot.,English,Perseus:text:1999.01.0178:text=Prot.,Plato,Protagoras,Pl.Prt.,
"Perseus:abo:tlg,0059,022",urn:cts:greekLit:tlg0059.tlg022.perseus-grc1,Plat. Prot.,Greek,Perseus:text:1999.01.0177:text=Prot.,Plato,Protagoras,Pl.Prt.,
"Perseus:abo:tlg,0059,023",urn:cts:greekLit:tlg0059.tlg023.perseus-eng1,Plat. Gorg.,English,Perseus:text:1999.01.0178:text=Gorg.,Plato,Gorgias,Pl.Grg.,
"Perseus:abo:tlg,0059,023",urn:cts:greekLit:tlg0059.tlg023.perseus-grc1,Plat. Gorg.,Greek,Perseus:text:1999.01.0177:text=Gorg.,Plato,Gorgias,Pl.Grg.,
"Perseus:abo:tlg,0059,024",urn:cts:greekLit:tlg0059.tlg024.perseus-eng1,Plat. Meno,English,Perseus:text:1999.01.0178:text=Meno,Plato,Meno,Pl.Men.,
"Perseus:abo:tlg,0059,024",urn:cts:greekLit:tlg0059.tlg024.perseus-grc1,Plat. Meno,Greek,Perseus:text:1999.01.0177:text=Meno,Plato,Meno,Pl.Men.,
"Perseus:abo:tlg,0059,025",urn:cts:greekLit:tlg0059.tlg025.perseus-eng1,Plat. Hipp. Maj.,English,Perseus:text:1999.01.0180:text=Hipp. Maj.,Plato,Hippias Major,Pl.Hp.Ma.,
"Perseus:abo:tlg,0059,025",urn:cts:greekLit:tlg0059.tlg025.perseus-grc1,Plat. Hipp. Maj.,Greek,Perseus:text:1999.01.0179:text=Hipp. Maj.,Plato,Greater Hippias,Pl.Hp.Ma.,
"Perseus:abo:tlg,0059,026",urn:cts:greekLit:tlg0059.tlg026.perseus-eng1,Plat. Hipp. Min.,English,Perseus:text:1999.01.0180:text=Hipp. Min.,Plato,Lesser Hippias,Pl.Hp.Mi.,
"Perseus:abo:tlg,0059,026",urn:cts:greekLit:tlg0059.tlg026.perseus-grc1,Plat. Hipp. Min.,Greek,Perseus:text:1999.01.0179:text=Hipp. Min.,Plato,Hippias Minor,Pl.Hp.Mi.,
"Perseus:abo:tlg,0059,027",urn:cts:greekLit:tlg0059.tlg027.perseus-eng1,Plat. Ion,English,Perseus:text:1999.01.0180:text=Ion,Plato,Ion,Pl.Ion.,
"Perseus:abo:tlg,0059,027",urn:cts:greekLit:tlg0059.tlg027.perseus-grc1,Plat. Ion,Greek,Perseus:text:1999.01.0179:text=Ion,Plato,Ion,Pl.Ion.,
"Perseus:abo:tlg,0059,028",urn:cts:greekLit:tlg0059.tlg028.perseus-eng1,Plat. Menex.,English,Perseus:text:1999.01.0180:text=Menex.,Plato,Menexenus,Pl.Mx.,
"Perseus:abo:tlg,0059,028",urn:cts:greekLit:tlg0059.tlg028.perseus-grc1,Plat. Menex.,Greek,Perseus:text:1999.01.0179:text=Menex.,Plato,Menexenus,Pl.Mx.,
"Perseus:abo:tlg,0059,029",urn:cts:greekLit:tlg0059.tlg029.perseus-eng1,Plat. Cleit.,English,Perseus:text:1999.01.0180:text=Cleit.,Plato,Cleitophon,Pl.Clit.,
"Perseus:abo:tlg,0059,029",urn:cts:greekLit:tlg0059.tlg029.perseus-grc1,Plat. Cleit.,Greek,Perseus:text:1999.01.0179:text=Cleit.,Plato,Cleitophon,Pl.Clit.,
"Perseus:abo:tlg,0059,030",urn:cts:greekLit:tlg0059.tlg030.perseus-eng1,Plat. Rep.,English,Perseus:text:1999.01.0168,Plato,Republic,Pl.R; Pl. Resp.,
"Perseus:abo:tlg,0059,030",urn:cts:greekLit:tlg0059.tlg030.perseus-grc1,Plat. Rep.,Greek,Perseus:text:1999.01.0167,Plato,Respublica,Pl.R; Pl. Resp.,
"Perseus:abo:tlg,0059,031",urn:cts:greekLit:tlg0059.tlg031.perseus-eng1,Plat. Tim.,English,Perseus:text:1999.01.0180:text=Tim.,Plato,Timaeus,Pl.Ti.,
"Perseus:abo:tlg,0059,031",urn:cts:greekLit:tlg0059.tlg031.perseus-grc1,Plat. Tim.,Greek,Perseus:text:1999.01.0179:text=Tim.,Plato,Timaeus,Pl.Ti.,
"Perseus:abo:tlg,0059,032",urn:cts:greekLit:tlg0059.tlg032.perseus-eng1,Plat. Criti.,English,Perseus:text:1999.01.0180:text=Criti.,Plato,Critias,Pl.Crit.,
"Perseus:abo:tlg,0059,032",urn:cts:greekLit:tlg0059.tlg032.perseus-grc1,Plat. Criti.,Greek,Perseus:text:1999.01.0179:text=Criti.,Plato,Critias,Pl.Crit.,
"Perseus:abo:tlg,0059,033",urn:cts:greekLit:tlg0059.tlg033.perseus-eng1,Plat. Minos,English,Perseus:text:1999.01.0180:text=Minos,Plato,Minos,Pl.Min.,
"Perseus:abo:tlg,0059,033",urn:cts:greekLit:tlg0059.tlg033.perseus-grc1,Plat. Minos,Greek,Perseus:text:1999.01.0179:text=Minos,Plato,Minos,Pl.Min.,
"Perseus:abo:tlg,0059,034",urn:cts:greekLit:tlg0059.tlg034.perseus-eng1,Plat. Laws,English,Perseus:text:1999.01.0166,Plato,Laws,Pl.Lg.,
"Perseus:abo:tlg,0059,034",urn:cts:greekLit:tlg0059.tlg034.perseus-grc1,Plat. Laws,Greek,Perseus:text:1999.01.0165,Plato,Laws,Pl.Lg.,
"Perseus:abo:tlg,0059,035",urn:cts:greekLit:tlg0059.tlg035.perseus-eng1,Plat. Epin.,English,Perseus:text:1999.01.0180:text=Epin.,Plato,Epinomis,Pl.Epin.,
"Perseus:abo:tlg,0059,035",urn:cts:greekLit:tlg0059.tlg035.perseus-grc1,Plat. Epin.,Greek,Perseus:text:1999.01.0179:text=Epin.,Plato,Epinomis,Pl.Epin.,
"Perseus:abo:tlg,0059,036",urn:cts:greekLit:tlg0059.tlg036.perseus-eng1,Plat. L.,English,Perseus:text:1999.01.0164,Plato,Epistles,Pl.Ep.,
"Perseus:abo:tlg,0059,036",urn:cts:greekLit:tlg0059.tlg036.perseus-grc1,Plat. L.,Greek,Perseus:text:1999.01.0163,Plato,Epistulae ,Pl.Ep.,
"Perseus:abo:tlg,0060,001",urn:cts:greekLit:tlg0060.tlg001.perseus-eng1,Diod.,English,Perseus:text:1999.01.0084,Diodorus Siculus,Historical Library,D.S.; Diod. Sic.,
"Perseus:abo:tlg,0060,001",urn:cts:greekLit:tlg0060.tlg001.perseus-grc1,Diod.,Greek,Perseus:text:2008.01.0540,Diodorus Siculus,Bibliotheca Historica,D.S.; Diod. Sic.,
"Perseus:abo:tlg,0060,001",urn:cts:greekLit:tlg0060.tlg001.perseus-grc2,Diod.,Greek,Perseus:text:2008.01.0541,Diodorus Siculus,Bibliotheca Historica,D.S.; Diod. Sic.,
"Perseus:abo:tlg,0060,001",urn:cts:greekLit:tlg0060.tlg001.perseus-grc3,Diod.,Greek,Perseus:text:1999.01.0083,Diodorus Siculus,Bibliotheca Historica,D.S.; Diod. Sic.,
"Perseus:abo:tlg,0062,001",urn:cts:greekLit:tlg0062.tlg001.perseus-grc1,Lucian Phal.,Greek,Perseus:text:2008.01.0420,Lucian,Phalaris,Luc.Phal.,
none,urn:cts:greekLit:tlg0062.tlg002.perseus-grc1,none,Greek,Perseus:text:2008.01.0421,Lucian,Hippias,Luc. Hip.,
"Perseus:abo:tlg,0062,003",urn:cts:greekLit:tlg0062.tlg003.perseus-grc1,Lucian Bacch.,Greek,Perseus:text:2008.01.0422,Lucian,Bacchus,Luc. Bacch.,
none,urn:cts:greekLit:tlg0062.tlg004.perseus-grc1,none,Greek,Perseus:text:2008.01.0423,Lucian,Hercules,Luc. Herc.,
"Perseus:abo:tlg,0062,005",urn:cts:greekLit:tlg0062.tlg005.perseus-grc1,Lucian Electr.,Greek,Perseus:text:2008.01.0424,Lucian,Electrum,Luc. Electr.,
none,urn:cts:greekLit:tlg0062.tlg006.perseus-grc1,none,Greek,Perseus:text:2008.01.0425,Lucian,Muscae Encomium,Luc. Musc. Enc.,
"Perseus:abo:tlg,0062,007",urn:cts:greekLit:tlg0062.tlg007.perseus-grc1,Lucian Nigr.,Greek,Perseus:text:2008.01.0426,Lucian,Nigrinus,Luc. Nigr.; Lucian Nigr.,
"Perseus:abo:tlg,0062,008",urn:cts:greekLit:tlg0062.tlg008.perseus-grc1,Lucian Demon.,Greek,Perseus:text:2008.01.0427,Lucian,Demonax,Luc. Demon.; Lucian Demon,
none,urn:cts:greekLit:tlg0062.tlg009.perseus-grc1,none,Greek,Perseus:text:2008.01.0428,Lucian,De Domo,Luc. Dom.,
none,urn:cts:greekLit:tlg0062.tlg010.perseus-grc1,none,Greek,Perseus:text:2008.01.0429,Lucian,Patriae Encomium,Luc. Patr. Enc.,
"Perseus:abo:tlg,0062,011",urn:cts:greekLit:tlg0062.tlg011.perseus-grc1,Lucian Macr.,Greek,Perseus:text:2008.01.0430,Lucian,Macrobii,Luc. Macr.; Lucian. Macr.,
none,urn:cts:greekLit:tlg0062.tlg012.perseus-grc1,none,Greek,Perseus:text:2008.01.0431,Lucian,Verae Historiae,Luc. VH,
"Perseus:abo:tlg,0062,013",urn:cts:greekLit:tlg0062.tlg013.perseus-grc1,Lucian Cal.,Greek,Perseus:text:2008.01.0432,Lucian,Calumniae non temere credundum,Luc. Cal.; Lucian Cal.,
none,urn:cts:greekLit:tlg0062.tlg014.perseus-grc1,none,Greek,Perseus:text:2008.01.0433,Lucian,Judicium vocalium,Luc. Jud. Voc.,
"Perseus:abo:tlg,0062,015",urn:cts:greekLit:tlg0062.tlg015.perseus-grc1,Lucian Symp.,Greek,Perseus:text:2008.01.0434,Lucian,Symposium,Luc. Symp.; Lucian Symp.,
none,urn:cts:greekLit:tlg0062.tlg016.perseus-grc1,none,Greek,Perseus:text:2008.01.0435,Lucian,Cataplus,Luc. Cat.; Lucian. Catapl.,
none,urn:cts:greekLit:tlg0062.tlg017.perseus-grc1,none,Greek,Perseus:text:2008.01.0436,Lucian,Juppiter confuatus,Luc. J Conf.,
none,urn:cts:greekLit:tlg0062.tlg018.perseus-grc1,none,Greek,Perseus:text:2008.01.0437,Lucian,Juppiter trageodeus,Luc. J Tr.; Lucian  Iupp. trag.,
none,urn:cts:greekLit:tlg0062.tlg019.perseus-grc1,none,Greek,Perseus:text:2008.01.0438,Lucian,Gallus,Luc. Gall.,
none,urn:cts:greekLit:tlg0062.tlg020.perseus-grc1,none,Greek,Perseus:text:2008.01.0439,Lucian,Prometheus,NA,
"Perseus:abo:tlg,0062,021",urn:cts:greekLit:tlg0062.tlg021.perseus-grc1,none,Greek,Perseus:text:2008.01.0440,Lucian,Icaromenippus,Luc. Icar.,
"Perseus:abo:tlg,0062,022",urn:cts:greekLit:tlg0062.tlg022.perseus-grc1,Lucian Tim.,Greek,Perseus:text:2008.01.0441,Lucian,Timon,Luc. Tim.,
none,urn:cts:greekLit:tlg0062.tlg023.perseus-grc1,none,Greek,Perseus:text:2008.01.0442,Lucian,Contemplantes,Luc. Cont.,
none,urn:cts:greekLit:tlg0062.tlg024.perseus-grc1,none,Greek,Perseus:text:2008.01.0443,Lucian,Vitarum auctio,Luc. Vit. Auct.,
none,urn:cts:greekLit:tlg0062.tlg025.perseus-grc1,none,Greek,Perseus:text:2008.01.0444,Lucian,Piscator,Luc. Pisc.,
"Perseus:abo:tlg,0062,026",urn:cts:greekLit:tlg0062.tlg026.perseus-grc1,Lucian Bic. Acc.,Greek,Perseus:text:2008.01.0445,Lucian,Bis accusatus sive tribunalia,Luc. Bis Acc.,
none,urn:cts:greekLit:tlg0062.tlg027.perseus-grc1,none,Greek,Perseus:text:2008.01.0446,Lucian,De sacrificiis,Luc. Sacr.,
none,urn:cts:greekLit:tlg0062.tlg028.perseus-grc1,none,Greek,Perseus:text:2008.01.0447,Lucian,Adversus indoctum et libros multos ementem,Luc. Ind.; Lucian In.,
none,urn:cts:greekLit:tlg0062.tlg029.perseus-grc1,none,Greek,Perseus:text:2008.01.0448,Lucian,Somnium sive vita Luciani,Luc. Somn.; Lucian. Somn.,
"Perseus:abo:tlg,0062,030",urn:cts:greekLit:tlg0062.tlg030.perseus-grc1,Lucian Par.,Greek,Perseus:text:2008.01.0449,Lucian,De parasito sive artem esse parasiticam,Luc. Par.,
"Perseus:abo:tlg,0062,031",urn:cts:greekLit:tlg0062.tlg031.perseus-grc1,Lucian Philops.,Greek,Perseus:text:2008.01.0450,Lucian,Philopsuedes sive incredulus,Luc. Philops.; Lucian Philops.,
none,urn:cts:greekLit:tlg0062.tlg032.perseus-grc1,none,Greek,Perseus:text:2008.01.0451,Lucian,Dearum judicium,Luc. Dearum,
none,urn:cts:greekLit:tlg0062.tlg033.perseus-grc1,none,Greek,Perseus:text:2008.01.0452,Lucian,De mercede,Luc. Merc. Cond.,
"Perseus:abo:tlg,0062,034",urn:cts:greekLit:tlg0062.tlg034.perseus-grc1,Lucian Anach.,Greek,Perseus:text:2008.01.0453,Lucian,Anacharsis,Luc. Anach.; Lucian Anach.,
none,urn:cts:greekLit:tlg0062.tlg035.perseus-grc1,none,Greek,Perseus:text:2008.01.0454,Lucian,Necyomantia,Luc. Nec.,
none,urn:cts:greekLit:tlg0062.tlg036.perseus-grc1,none,Greek,Perseus:text:2008.01.0455,Lucian,De luctu,Luc. Luct.; Lucian Luct.,
none,urn:cts:greekLit:tlg0062.tlg037.perseus-grc1,none,Greek,Perseus:text:2008.01.0456,Lucian,Rhetorum praeceptor,Luc. Rh. Pr.,
none,urn:cts:greekLit:tlg0062.tlg038.perseus-grc1,none,Greek,Perseus:text:2008.01.0457,Lucian,Alexander,Luc. Alex.; Lucian Alex.,
"Perseus:abo:tlg,0062,039",urn:cts:greekLit:tlg0062.tlg039.perseus-grc1,Lucian Im.,Greek,Perseus:text:2008.01.0458,Lucian,Imagines,Luc. Im.,
none,urn:cts:greekLit:tlg0062.tlg040.perseus-grc1,none,Greek,Perseus:text:2008.01.0459,Lucian,Pro imaginibus,Luc. Pr. Im.,
"Perseus:abo:tlg,0062,041",urn:cts:greekLit:tlg0062.tlg041.perseus-grc1,Lucian Syr. D.,Greek,Perseus:text:2008.01.0460,Lucian,De Syria dea,Luc. Syr. D.; Lucian Syr. D.,
"Perseus:abo:tlg,0062,042",urn:cts:greekLit:tlg0062.tlg042.perseus-grc1,Lucian Peregr.,Greek,Perseus:text:2008.01.0461,Lucian,De morte Peregrini,"Luc. Peregr.; Lucian De mort. Peregr.
",
none,urn:cts:greekLit:tlg0062.tlg043.perseus-grc1,none,Greek,Perseus:text:2008.01.0462,Lucian,Fugitivi,Luc. Fug.,
"Perseus:abo:tlg,0062,044",urn:cts:greekLit:tlg0062.tlg044.perseus-grc1,Lucian Tox.,Greek,Perseus:text:2008.01.0463,Lucian,Toxaris vel amicitia,Luc. Tox.,
none,urn:cts:greekLit:tlg0062.tlg045.perseus-grc1,none,Greek,Perseus:text:2008.01.0464,Lucian,De saltatione,Luc. Salt.; Lucian. Salt.,
none,urn:cts:greekLit:tlg0062.tlg046.perseus-grc1,none,Greek,Perseus:text:2008.01.0465,Lucian,Lexiphanes,Luc. Lex.,
"Perseus:abo:tlg,0062,047",urn:cts:greekLit:tlg0062.tlg047.perseus-grc1,Lucian Eun.,Greek,Perseus:text:2008.01.0466,Lucian,Eunuchus,Luc. Eun.,
none,urn:cts:greekLit:tlg0062.tlg048.perseus-grc1,none,Greek,Perseus:text:2008.01.0467,Lucian,De astrologia,Luc. Astr.,
none,urn:cts:greekLit:tlg0062.tlg049.perseus-grc1,none,Greek,Perseus:text:2008.01.0468,Lucian,Pseudologista,Luc. Pseudol.,
"Perseus:abo:tlg,0062,050",urn:cts:greekLit:tlg0062.tlg050.perseus-grc1,Lucian Deor. Conc.,Greek,Perseus:text:2008.01.0469,Lucian,Deorum concilium,Luc. Deor. Conc.,
none,urn:cts:greekLit:tlg0062.tlg051.perseus-grc1,none,Greek,Perseus:text:2008.01.0470,Lucian,Tyrannicida,Luc. Tyr.,
none,urn:cts:greekLit:tlg0062.tlg052.perseus-grc1,none,Greek,Perseus:text:2008.01.0471,Lucian,Abdicatus,Luc. Abd.uc. Phal.,
none,urn:cts:greekLit:tlg0062.tlg053.perseus-grc1,none,Greek,Perseus:text:2008.01.0511,Lucian,Quomodo historia conscribenda sit,Luc. Hist. Conscr.; Lucian Hist. conscr.,
none,urn:cts:greekLit:tlg0062.tlg054.perseus-grc1,none,Greek,Perseus:text:2008.01.0512,Lucian,Dipsades,Luc. Dips.,
"Perseus:abo:tlg,0062,055",urn:cts:greekLit:tlg0062.tlg055.perseus-grc1,Lucian Sat.,Greek,Perseus:text:2008.01.0513,Lucian,Saturnalia,Luc. Sat.,
none,urn:cts:greekLit:tlg0062.tlg056.perseus-grc1,none,Greek,Perseus:text:2008.01.0514,Lucian,Herodotus,Luc. Herod.; Lucian. Her.,
none,urn:cts:greekLit:tlg0062.tlg057.perseus-grc1,none,Greek,Perseus:text:2008.01.0515,Lucretius,Zeuxis,Luc. Zeux.,
none,urn:cts:greekLit:tlg0062.tlg058.perseus-grc1,none,Greek,Perseus:text:2008.01.0516,Lucian,Pro lapsu inter salutandum,Luc. Laps.,
"Perseus:abo:tlg,0062,059",urn:cts:greekLit:tlg0062.tlg059.perseus-grc1,Lucian Apol.,Greek,Perseus:text:2008.01.0517,Lucian,Apologia,Luc. Apol.,
none,urn:cts:greekLit:tlg0062.tlg060.perseus-grc1,none,Greek,Perseus:text:2008.01.0518,Lucian,Harmonides,Luc. Harm.,
none,urn:cts:greekLit:tlg0062.tlg061.perseus-grc1,none,Greek,Perseus:text:2008.01.0519,Lucian,Hesiod,Luc. Hes.,
none,urn:cts:greekLit:tlg0062.tlg062.perseus-grc1,none,Greek,Perseus:text:2008.01.0520,Lucian,Scytha,Luc. Scyth.,
none,urn:cts:greekLit:tlg0062.tlg063.perseus-grc1,none,Greek,Perseus:text:2008.01.0521,Lucian,Hermotimus,Luc. Herm.; Lucian. Hermoti.,
none,urn:cts:greekLit:tlg0062.tlg064.perseus-grc1,none,Greek,Perseus:text:2008.01.0522,Lucian,Prometheus es in verbis,Luc. Prom.,
none,urn:cts:greekLit:tlg0062.tlg065.perseus-grc1,none,Greek,Perseus:text:2008.01.0523,Lucian,Navigium,Luc. Nav.,
none,urn:cts:greekLit:tlg0062.tlg066.perseus-grc1,none,Greek,Perseus:text:2008.01.0524,Lucian,Dialogi mortuorum,"Luc. DMort.; Lucian Dial. Mort.

",
none,urn:cts:greekLit:tlg0062.tlg067.perseus-grc1,none,Greek,Perseus:text:2008.01.0525,Lucian,Dialogi Marini,Luc. DMar.,
none,urn:cts:greekLit:tlg0062.tlg068.perseus-grc1,none,Greek,Perseus:text:2008.01.0526,Lucian,Dialogi deorum,Luc. DDeor.; Lucian Dial. D.,
none,urn:cts:greekLit:tlg0062.tlg069.perseus-grc1,none,Greek,Perseus:text:2008.01.0527,Lucian,Dialogi meretricii,Luc. DMeretr.; Lucian Dial. meret.,
"Perseus:abo:tlg,0062,070",urn:cts:greekLit:tlg0062.tlg070.perseus-grc1,Lucian Sol.,Greek,Perseus:text:2008.01.0528,Lucian,Soleocista,Luc. Sol.,
none,urn:cts:greekLit:tlg0062.tlg071.perseus-grc1,none,Greek,Perseus:text:2008.01.0529,Lucian,Podagra,Luc. Pod.,
"Perseus:abo:tlg,0074,001",urn:cts:greekLit:tlg0074.tlg001.perseus-grc1,Arr. An.,Greek,Perseus:text:2008.01.0530,Arrian,Anabasis,Arr. Anab.,
"Perseus:abo:tlg,0074,002",urn:cts:greekLit:tlg0074.tlg002.perseus-grc1,Arr. Ind.,Greek,Perseus:text:2008.01.0531,Arrian,Indica,,
"Perseus:abo:tlg,0074,003",urn:cts:greekLit:tlg0074.tlg003.perseus-grc1,Arr. Cyn.,Greek,Perseus:text:2008.01.0532,Arrian,Cynegeticus,,
"Perseus:abo:tlg,0074,004",urn:cts:greekLit:tlg0074.tlg004.perseus-grc1,Arr. Peripl.,Greek,Perseus:text:2008.01.0533,Arrian,Periplus Ponti Euxini,Arr. Peripl. M. Eux.,
"Perseus:abo:tlg,0074,005",urn:cts:greekLit:tlg0074.tlg005.perseus-grc1,Arr. Tact.,Greek,Perseus:text:2008.01.0534,Arrian,Tactica,,
"Perseus:abo:tlg,0074,006",urn:cts:greekLit:tlg0074.tlg006.perseus-grc1,Arr. Alan.,Greek,Perseus:text:2008.01.0535,Arrian,Acies Contra Alanos,,
none,urn:cts:greekLit:tlg0081.tlg001.perseus-grc1,D.H,Greek,Perseus:text:2008.01.0572,Dionysius of Halicarnassus,"Antiquitates Romanae, Books I-XX",D.H.; Dion. Hal. Ant. Rom.,
none,urn:cts:greekLit:tlg0081.tlg002.perseus-grc1,D.H. Orat.,Greek,Perseus:text:2008.01.0576,Dionysius of Halicarnassus,De antiquis oratoribus,,
none,urn:cts:greekLit:tlg0081.tlg003.perseus-grc1,D.H. Lys,Greek,Perseus:text:2008.01.0577,Dionysius of Halicarnassus,De Lysia,Dion. Hal. Lys.,
none,urn:cts:greekLit:tlg0081.tlg004.perseus-grc1,D.H. Isoc.,Greek,Perseus:text:2008.01.0578,Dionysius of Halicarnassus,De Isocrate,Dion. Hal. Isoc.,
none,urn:cts:greekLit:tlg0081.tlg005.perseus-grc1,D.H. Is.,Greek,Perseus:text:2008.01.0579,Dionysius of Halicarnassus,De Isaeo,,
none,urn:cts:greekLit:tlg0081.tlg006.perseus-grc1,D.H. Dem,Greek,Perseus:text:2008.01.0580,Dionysius of Halicarnassus,De Demosthene,Dion. Hal. Dem.,
none,urn:cts:greekLit:tlg0081.tlg007.perseus-grc1,D.H. Orat.Vett.,Greek,Perseus:text:2008.01.0581,Dionysius of Halicarnassus,Libri secundi de antiquis oratoribus reliquiae,none,
none,urn:cts:greekLit:tlg0081.tlg008.perseus-grc1,D.H. Amm. 1,Greek,Perseus:text:2008.01.0582,Dionysius of Halicarnassus,Ad Ammaeum,Dion. Hal.  Amm.,
none,urn:cts:greekLit:tlg0081.tlg009.perseus-grc1,D.H. Din.,Greek,Perseus:text:2008.01.0583,Dionysius of Halicarnassus,De Dinarcho,,
none,urn:cts:greekLit:tlg0081.tlg010.perseus-grc1,D.H. Th.,Greek,Perseus:text:2008.01.0584,Dionysius of Halicarnassus,De Thucydide,Dion. Hall. Thuc.,
none,urn:cts:greekLit:tlg0081.tlg011.perseus-grc1,D.H. Amm. 2,Greek,Perseus:text:2008.01.0585,Dionysius of Halicarnassus,De Thucydidis idiomatibus (epistula ad Ammaeum),Dion. Hal.  Amm. 2,
none,urn:cts:greekLit:tlg0081.tlg012.perseus-grc1,D.H. Comp,Greek,Perseus:text:2008.01.0586,Dionysius of Halicarnassus,De Compositione Verborum,Dion. Hal. Comp.,
none,urn:cts:greekLit:tlg0081.tlg015.perseus-grc1,D.H. Pomp,Greek,Perseus:text:2008.01.0587,Dionysius of Halicarnassus,Epistula ad Pompeium Geminum,Dion. Hall. Pomp.,
"Perseus:abo:tlg,0085,001",urn:cts:greekLit:tlg0085.tlg001.perseus-eng1,Aesch. Supp.,English,Perseus:text:1999.01.0016,Aeschylus,Suppliant Women,A.Supp.,
"Perseus:abo:tlg,0085,001",urn:cts:greekLit:tlg0085.tlg001.perseus-grc1,Aesch. Supp.,Greek,Perseus:text:1999.01.0015,Aeschylus,Supplices,A.Supp.,
"Perseus:abo:tlg,0085,002",urn:cts:greekLit:tlg0085.tlg002.perseus-eng1,Aesch. Pers.,English,Perseus:text:1999.01.0012,Aeschylus,Persians,A.Pers.,
"Perseus:abo:tlg,0085,002",urn:cts:greekLit:tlg0085.tlg002.perseus-grc1,Aesch. Pers.,Greek,Perseus:text:1999.01.0011,Aeschylus,Persae,A.Pers.,
"Perseus:abo:tlg,0085,003",urn:cts:greekLit:tlg0085.tlg003.perseus-eng1,Aesch. PB,English,Perseus:text:1999.01.0010,Aeschylus,Prometheus Bound,Aesch. PV; A.Pr.,
"Perseus:abo:tlg,0085,003",urn:cts:greekLit:tlg0085.tlg003.perseus-grc1,Aesch. PB,Greek,Perseus:text:1999.01.0009,Aeschylus,Prometheus Vinctus,Aesch. PV; A.Pr.,
"Perseus:abo:tlg,0085,004",urn:cts:greekLit:tlg0085.tlg004.perseus-eng1,Aesch. Seven,English,Perseus:text:1999.01.0014,Aeschylus,Seven Against Thebes,Aesch. Sept.; A.Th.,
"Perseus:abo:tlg,0085,004",urn:cts:greekLit:tlg0085.tlg004.perseus-grc1,Aesch. Seven,Greek,Perseus:text:1999.01.0013,Aeschylus,Seven Against Thebes,Aesch. Sept.; A.Th.,
"Perseus:abo:tlg,0085,005",urn:cts:greekLit:tlg0085.tlg005.perseus-eng1,Aesch. Ag.,English,Perseus:text:1999.01.0004,Aeschylus,Agamemnon,A.Ag.,
"Perseus:abo:tlg,0085,005",urn:cts:greekLit:tlg0085.tlg005.perseus-eng2,Aesch. Ag.,English,Perseus:text:1999.01.0224,Aeschylus,Agamemnon,A.Ag.,
"Perseus:abo:tlg,0085,005",urn:cts:greekLit:tlg0085.tlg005.perseus-grc1,Aesch. Ag.,Greek,Perseus:text:1999.01.0003,Aeschylus,Agamemnon,A.Ag.,
"Perseus:abo:tlg,0085,006",urn:cts:greekLit:tlg0085.tlg006.perseus-eng1,Aesch. Lib.,English,Perseus:text:1999.01.0008,Aeschylus,Libation Bearers,Aesch. Cho.; A.Ch.,
"Perseus:abo:tlg,0085,006",urn:cts:greekLit:tlg0085.tlg006.perseus-grc1,Aesch. Lib.,Greek,Perseus:text:1999.01.0007,Aeschylus,Choephoroe,Aesch. Cho.; A.Ch.,
"Perseus:abo:tlg,0085,007",urn:cts:greekLit:tlg0085.tlg007.perseus-eng1,Aesch. Eum.,English,Perseus:text:1999.01.0006,Aeschylus,Eumenides,A.Eum.,
"Perseus:abo:tlg,0085,007",urn:cts:greekLit:tlg0085.tlg007.perseus-grc1,Aesch. Eum.,Greek,Perseus:text:1999.01.0005,Aeschylus,Eumenides,A.Eum.,
"Perseus:abo:tlg,0086,003",urn:cts:greekLit:tlg0086.tlg003.perseus-eng1,Aristot. Const. Ath.; Aristot. Ath. Pol.,English,Perseus:text:1999.01.0046,Aristotle,Athenian Constitution,Arist. [Ath. Pol.],
"Perseus:abo:tlg,0086,003",urn:cts:greekLit:tlg0086.tlg003.perseus-grc1,Aristot. Const. Ath.; Aristot. Ath. Pol.,Greek,Perseus:text:1999.01.0045,Aristotle,Athenian Constitution,Arist. [Ath. Pol.],
"Perseus:abo:tlg,0086,009",urn:cts:greekLit:tlg0086.tlg009.perseus-eng1,Aristot. Eud. Eth.,English,Perseus:text:1999.01.0050,Aristotle,Eudemian Ethics,Arist. Eth. Eud.,
"Perseus:abo:tlg,0086,009",urn:cts:greekLit:tlg0086.tlg009.perseus-grc1,Aristot. Eud. Eth.,Greek,Perseus:text:1999.01.0049,Aristotle,Eudemian Ethics,Arist. Eth. Eud.,
"Perseus:abo:tlg,0086,010",urn:cts:greekLit:tlg0086.tlg010.perseus-eng1,Aristot. Nic. Eth.,English,Perseus:text:1999.01.0054,Aristotle,Nicomachean Ethics,Arist. Eth. Nic.,
"Perseus:abo:tlg,0086,010",urn:cts:greekLit:tlg0086.tlg010.perseus-grc1,Aristot. Nic. Eth.,Greek,Perseus:text:1999.01.0053,Aristotle,Nicomachean Ethics,Arist. Eth. Nic.; Arist. EN,
"Perseus:abo:tlg,0086,025",urn:cts:greekLit:tlg0086.tlg025.perseus-eng1,Aristot. Met.,English,Perseus:text:1999.01.0052,Aristotle,Metaphysics,Arist. Metaph.,
"Perseus:abo:tlg,0086,025",urn:cts:greekLit:tlg0086.tlg025.perseus-grc1,Aristot. Met.,Greek,Perseus:text:1999.01.0051,Aristotle,Metaphysics,Arist. Metaph.,
"Perseus:abo:tlg,0086,029",urn:cts:greekLit:tlg0086.tlg029.perseus-eng1,Aristot. Econ.,English,Perseus:text:1999.01.0048,Aristotle,Economics,Arist. [Oec.],
"Perseus:abo:tlg,0086,029",urn:cts:greekLit:tlg0086.tlg029.perseus-grc1,Aristot. Econ.,Greek,Perseus:text:1999.01.0047,Aristotle,Economics,Arist. [Oec.],
"Perseus:abo:tlg,0086,034",urn:cts:greekLit:tlg0086.tlg034.perseus-eng1,Aristot. Poet.,English,Perseus:text:1999.01.0056,Aristotle,Poetics,Arist. Poet.,
"Perseus:abo:tlg,0086,034",urn:cts:greekLit:tlg0086.tlg034.perseus-grc1,Aristot. Poet.,Greek,Perseus:text:1999.01.0055,Aristotle,Poetics,Arist. Poet.,
"Perseus:abo:tlg,0086,035",urn:cts:greekLit:tlg0086.tlg035.perseus-eng1,Aristot. Pol.,English,Perseus:text:1999.01.0058,Aristotle,Politics,Arist. Pol.,
"Perseus:abo:tlg,0086,035",urn:cts:greekLit:tlg0086.tlg035.perseus-grc1,Aristot. Pol.,Greek,Perseus:text:1999.01.0057,Aristotle,Politics,Arist. Pol.,
"Perseus:abo:tlg,0086,038",urn:cts:greekLit:tlg0086.tlg038.perseus-eng1,Aristot. Rh.,English,Perseus:text:1999.01.0060,Aristotle,Rhetoric,Arist. Rh.,
"Perseus:abo:tlg,0086,038",urn:cts:greekLit:tlg0086.tlg038.perseus-grc1,Aristot. Rh.,Greek,Perseus:text:1999.01.0059,Aristotle,Rhetoric,Arist. Rh.,
"Perseus:abo:tlg,0086,045",urn:cts:greekLit:tlg0086.tlg045.perseus-eng1,Aristot. Vir.,English,Perseus:text:1999.01.0062,Aristotle,Virtues and Vices,Arist. VV,
"Perseus:abo:tlg,0086,045",urn:cts:greekLit:tlg0086.tlg045.perseus-grc1,Aristot. Vir.,Greek,Perseus:text:1999.01.0061,Aristotle,Virtues and Vices,Arist. VV,
"Perseus:abo:tlg,0093,009",urn:cts:greekLit:tlg0093.tlg009.perseus-grc1,Thphr. Char.,Greek,Perseus:text:1999.01.0225,Theophrastus,Characters,Theophr. Char.,
"Perseus:abo:tlg,0094,001",urn:cts:greekLit:tlg0094.tlg001.perseus-eng1,Ps. Plut. Fluv.,English,Perseus:text:2008.01.0400,Pseudo-Plutarch,De fluviis,,
"Perseus:abo:tlg,0094,002",urn:cts:greekLit:tlg0094.tlg002.perseus-eng1,Ps. Plut. Mus.,English,Perseus:text:2008.01.0402,Pseudo-Plutarch,De musica,Plut. [De mus],
"Perseus:abo:tlg,0094,002",urn:cts:greekLit:tlg0094.tlg002.perseus-grc1,Ps. Plut. Mus.,Greek,Perseus:text:2008.01.0401,Pseudo-Plutarch,De musica,Plut. [De mus],
"Perseus:abo:tlg,0094,003",urn:cts:greekLit:tlg0094.tlg003.perseus-eng1,Ps. Plut. Plac.,English,Perseus:text:2008.01.0404,Pseudo-Plutarch,Placita Philosophorum,,
"Perseus:abo:tlg,0094,003",urn:cts:greekLit:tlg0094.tlg003.perseus-grc1,Ps. Plut. Plac.,Greek,Perseus:text:2008.01.0403,Pseudo-Plutarch,Placita Philosophorum,,
"Perseus:abo:tlg,0099,001",urn:cts:greekLit:tlg0099.tlg001.perseus-eng1,Strab.,English,Perseus:text:1999.01.0198,Strabo,Geography,Str.,
"Perseus:abo:tlg,0099,001",urn:cts:greekLit:tlg0099.tlg001.perseus-eng2,Strab.,English,Perseus:text:1999.01.0239,Strabo,Geography,Str.,
"Perseus:abo:tlg,0099,001",urn:cts:greekLit:tlg0099.tlg001.perseus-grc1,Strab.,Greek,Perseus:text:1999.01.0197,Strabo,Geography,Str.,
"Perseus:abo:tlg,0199,001",urn:cts:greekLit:tlg0199.tlg001.perseus-eng1,Bacchyl. Ep.,English,Perseus:text:1999.01.0064:book=Ep,Bacchylides,Epinicians,B.Ep.,
"Perseus:abo:tlg,0199,001",urn:cts:greekLit:tlg0199.tlg001.perseus-grc1,Bacchyl. Ep.        ,Greek,Perseus:text:1999.01.0063:book=Ep,Bacchylides,Epinicia,B.Ep.,
"Perseus:abo:tlg,0199,002",urn:cts:greekLit:tlg0199.tlg002.perseus-eng1,Bacchyl. Dith..,English,Perseus:text:1999.01.0064:book=Dith,Bacchylides,Dithyrambi,B.Dith,
"Perseus:abo:tlg,0199,002",urn:cts:greekLit:tlg0199.tlg002.perseus-grc1,Bacchyl. Dith..,Greek,Perseus:text:1999.01.0063:book=Dith,Bacchylides,Dithyrambi,B.Dith,
none,urn:cts:greekLit:tlg0284.tlg001.perseus-grc1,Ael. Ar. Orat. 1,Greek,Perseus:text:2008.01.0588:text=1,"Aristides, Aelius.",Orationes 1,Aristid. 1 ; Aristid. Or. 1,
none,urn:cts:greekLit:tlg0284.tlg002.perseus-grc1,Ael. Ar. Orat. 2,Greek,Perseus:text:2008.01.0588:text=2,"Aristides, Aelius.",Orationes 2,Aristid. 2 ; Aristid. Or. 2,The Lucian texts appear but don't have abos in the Perseus file here (https:;;github.com;PerseusDLCode;perseus-hopper;blob;main;reading;properties;abbreviations;perseus.abb)-also only has a number of the works
none,urn:cts:greekLit:tlg0284.tlg003.perseus-grc1,Ael. Ar. Orat. 3,Greek,Perseus:text:2008.01.0588:text=3,"Aristides, Aelius.",Orationes 3,Aristid. 3 ; Aristid. Or. 3,
none,urn:cts:greekLit:tlg0284.tlg004.perseus-grc1,Ael. Ar. Orat. 4,Greek,Perseus:text:2008.01.0588:text=4,"Aristides, Aelius.",Orationes 4,Aristid. 4 ; Aristid. Or. 4,
none,urn:cts:greekLit:tlg0284.tlg005.perseus-grc1,Ael. Ar. Orat. 5,Greek,Perseus:text:2008.01.0588:text=5,"Aristides, Aelius.",Orationes 5,Aristid. 5 ; Aristid. Or. 5,
none,urn:cts:greekLit:tlg0284.tlg006.perseus-grc1,Ael. Ar. Orat. 6,Greek,Perseus:text:2008.01.0588:text=6,"Aristides, Aelius.",Orationes 6,Aristid. 6 ; Aristid. Or. 6,
none,urn:cts:greekLit:tlg0284.tlg007.perseus-grc1,Ael. Ar. Orat. 7,Greek,Perseus:text:2008.01.0588:text=7,"Aristides, Aelius.",Orationes 7,Aristid. 7 ; Aristid. Or. 7,
none,urn:cts:greekLit:tlg0284.tlg008.perseus-grc1,Ael. Ar. Orat. 8,Greek,Perseus:text:2008.01.0588:text=8,"Aristides, Aelius.",Orationes 8,Aristid. 8 ; Aristid. Or. 8,
none,urn:cts:greekLit:tlg0284.tlg009.perseus-grc1,Ael. Ar. Orat. 9,Greek,Perseus:text:2008.01.0588:text=9,"Aristides, Aelius.",Orationes 9,Aristid. 9 ; Aristid. Or. 9,
none,urn:cts:greekLit:tlg0284.tlg010.perseus-grc1,Ael. Ar. Orat. 10,Greek,Perseus:text:2008.01.0588:text=10,"Aristides, Aelius.",Orationes 10,Aristid. 10 ; Aristid. Or. 10,
none,urn:cts:greekLit:tlg0284.tlg011.perseus-grc1,Ael. Ar. Orat. 11,Greek,Perseus:text:2008.01.0588:text=11,"Aristides, Aelius.",Orationes 11,Aristid. 11 ; Aristid. Or. 11,
none,urn:cts:greekLit:tlg0284.tlg012.perseus-grc1,Ael. Ar. Orat. 12,Greek,Perseus:text:2008.01.0588:text=12,"Aristides, Aelius.",Orationes 12,Aristid. 12 ; Aristid. Or. 12,
none,urn:cts:greekLit:tlg0284.tlg013.perseus-grc1,Ael. Ar. Orat. 13,Greek,Perseus:text:2008.01.0588:text=13,"Aristides, Aelius.",Orationes 13,Aristid. 13 ; Aristid. Or. 13,
none,urn:cts:greekLit:tlg0284.tlg014.perseus-grc1,Ael. Ar. Orat. 14,Greek,Perseus:text:2008.01.0588:text=14,"Aristides, Aelius.",Orationes 14,Aristid. 14 ; Aristid. Or. 14,
none,urn:cts:greekLit:tlg0284.tlg015.perseus-grc1,Ael. Ar. Orat. 15,Greek,Perseus:text:2008.01.0588:text=15,"Aristides, Aelius.",Orationes 15,Aristid. 15 ; Aristid. Or. 15,
none,urn:cts:greekLit:tlg0284.tlg016.perseus-grc1,Ael. Ar. Orat. 16,Greek,Perseus:text:2008.01.0588:text=16,"Aristides, Aelius.",Orationes 16,Aristid. 16 ; Aristid. Or. 16,
none,urn:cts:greekLit:tlg0284.tlg017.perseus-grc1,Ael. Ar. Orat. 17,Greek,Perseus:text:2008.01.0588:text=17,"Aristides, Aelius.",Orationes 17,Aristid. 17 ; Aristid. Or. 17,
none,urn:cts:greekLit:tlg0284.tlg018.perseus-grc1,Ael. Ar. Orat. 18,Greek,Perseus:text:2008.01.0588:text=18,"Aristides, Aelius.",Orationes 18,Aristid. 18 ; Aristid. Or. 18,
none,urn:cts:greekLit:tlg0284.tlg019.perseus-grc1,Ael. Ar. Orat. 19,Greek,Perseus:text:2008.01.0588:text=19,"Aristides, Aelius.",Orationes 19,Aristid. 19 ; Aristid. Or. 19,
none,urn:cts:greekLit:tlg0284.tlg020.perseus-grc1,Ael. Ar. Orat. 20,Greek,Perseus:text:2008.01.0588:text=20,"Aristides, Aelius.",Orationes 20,Aristid. 20 ; Aristid. Or. 20,
none,urn:cts:greekLit:tlg0284.tlg021.perseus-grc1,Ael. Ar. Orat. 21,Greek,Perseus:text:2008.01.0588:text=21,"Aristides, Aelius.",Orationes 21,Aristid. 21 ; Aristid. Or. 21,
none,urn:cts:greekLit:tlg0284.tlg022.perseus-grc1,Ael. Ar. Orat. 22,Greek,Perseus:text:2008.01.0588:text=22,"Aristides, Aelius.",Orationes 22,Aristid. 22 ; Aristid. Or. 22,
none,urn:cts:greekLit:tlg0284.tlg023.perseus-grc1,Ael. Ar. Orat. 23,Greek,Perseus:text:2008.01.0588:text=23,"Aristides, Aelius.",Orationes 23,Aristid. 23 ; Aristid. Or. 23,
none,urn:cts:greekLit:tlg0284.tlg024.perseus-grc1,Ael. Ar. Orat. 24,Greek,Perseus:text:2008.01.0588:text=24,"Aristides, Aelius.",Orationes 24,Aristid. 24 ; Aristid. Or. 24,
none,urn:cts:greekLit:tlg0284.tlg025.perseus-grc1,Ael. Ar. Orat. 25,Greek,Perseus:text:2008.01.0588:text=25,"Aristides, Aelius.",Orationes 25,Aristid. 25 ; Aristid. Or. 25,
none,urn:cts:greekLit:tlg0284.tlg026.perseus-grc1,Ael. Ar. Orat. 26,Greek,Perseus:text:2008.01.0588:text=26,"Aristides, Aelius.",Orationes 26,Aristid. 26 ; Aristid. Or. 26,
none,urn:cts:greekLit:tlg0284.tlg027.perseus-grc1,Ael. Ar. Orat. 27,Greek,Perseus:text:2008.01.0588:text=27,"Aristides, Aelius.",Orationes 27,Aristid. 27 ; Aristid. Or. 27,
none,urn:cts:greekLit:tlg0284.tlg028.perseus-grc1,Ael. Ar. Orat. 28,Greek,Perseus:text:2008.01.0588:text=28,"Aristides, Aelius.",Orationes 28,Aristid. 28 ; Aristid. Or. 28,
none,urn:cts:greekLit:tlg0284.tlg029.perseus-grc1,Ael. Ar. Orat. 29,Greek,Perseus:text:2008.01.0588:text=29,"Aristides, Aelius.",Orationes 29,Aristid. 29 ; Aristid. Or. 29,
none,urn:cts:greekLit:tlg0284.tlg030.perseus-grc1,Ael. Ar. Orat. 30,Greek,Perseus:text:2008.01.0588:text=30,"Aristides, Aelius.",Orationes 30,Aristid. 30 ; Aristid. Or. 30,
none,urn:cts:greekLit:tlg0284.tlg031.perseus-grc1,Ael. Ar. Orat. 31,Greek,Perseus:text:2008.01.0588:text=31,"Aristides, Aelius.",Orationes 31,Aristid. 31 ; Aristid. Or. 31,
none,urn:cts:greekLit:tlg0284.tlg032.perseus-grc1,Ael. Ar. Orat. 32,Greek,Perseus:text:2008.01.0588:text=32,"Aristides, Aelius.",Orationes 32,Aristid. 32 ; Aristid. Or. 32,
none,urn:cts:greekLit:tlg0284.tlg033.perseus-grc1,Ael. Ar. Orat. 33,Greek,Perseus:text:2008.01.0588:text=33,"Aristides, Aelius.",Orationes 33,Aristid. 33 ; Aristid. Or. 33,
none,urn:cts:greekLit:tlg0284.tlg034.perseus-grc1,Ael. Ar. Orat. 34,Greek,Perseus:text:2008.01.0588:text=34,"Aristides, Aelius.",Orationes 34,Aristid. 34 ; Aristid. Or. 34,
none,urn:cts:greekLit:tlg0284.tlg035.perseus-grc1,Ael. Ar. Orat. 35,Greek,Perseus:text:2008.01.0588:text=35,"Aristides, Aelius.",Orationes 35,Aristid. 35 ; Aristid. Or. 35,
none,urn:cts:greekLit:tlg0284.tlg036.perseus-grc1,Ael. Ar. Orat. 36,Greek,Perseus:text:2008.01.0588:text=36,"Aristides, Aelius.",Orationes 36,Aristid. 36 ; Aristid. Or. 36,
none,urn:cts:greekLit:tlg0284.tlg037.perseus-grc1,Ael. Ar. Orat. 37,Greek,Perseus:text:2008.01.0588:text=37,"Aristides, Aelius.",Orationes 37,Aristid. 37 ; Aristid. Or. 37,
none,urn:cts:greekLit:tlg0284.tlg038.perseus-grc1,Ael. Ar. Orat. 38,Greek,Perseus:text:2008.01.0588:text=38,"Aristides, Aelius.",Orationes 38,Aristid. 38 ; Aristid. Or. 38,
none,urn:cts:greekLit:tlg0284.tlg039.perseus-grc1,Ael. Ar. Orat. 39,Greek,Perseus:text:2008.01.0588:text=39,"Aristides, Aelius.",Orationes 39,Aristid. 39 ; Aristid. Or. 39,
none,urn:cts:greekLit:tlg0284.tlg040.perseus-grc1,Ael. Ar. Orat. 40,Greek,Perseus:text:2008.01.0588:text=40,"Aristides, Aelius.",Orationes 40,Aristid. 40; Aristid. Or. 40,
none,urn:cts:greekLit:tlg0284.tlg041.perseus-grc1,Ael. Ar. Orat. 41,Greek,Perseus:text:2008.01.0588:text=41,"Aristides, Aelius.",Orationes 41,Aristid. 41; Aristid. Or. 41,
none,urn:cts:greekLit:tlg0284.tlg042.perseus-grc1,Ael. Ar. Orat. 42,Greek,Perseus:text:2008.01.0588:text=42,"Aristides, Aelius.",Orationes 42,Aristid. 42; Aristid. Or. 42,
none,urn:cts:greekLit:tlg0284.tlg043.perseus-grc1,Ael. Ar. Orat. 43,Greek,Perseus:text:2008.01.0588:text=43,"Aristides, Aelius.",Orationes 43,Aristid. 43; Aristid. Or. 43,
none,urn:cts:greekLit:tlg0284.tlg044.perseus-grc1,Ael. Ar. Orat. 44,Greek,Perseus:text:2008.01.0588:text=44,"Aristides, Aelius.",Orationes 44,Aristid. 44; Aristid. Or. 44,
none,urn:cts:greekLit:tlg0284.tlg045.perseus-grc1,Ael. Ar. Orat. 45,Greek,Perseus:text:2008.01.0588:text=45,"Aristides, Aelius.",Orationes 45,Aristid. 45; Aristid. Or. 45,
none,urn:cts:greekLit:tlg0284.tlg046.perseus-grc1,Ael. Ar. Orat. 46,Greek,Perseus:text:2008.01.0588:text=46,"Aristides, Aelius.",Orationes 46,Aristid. 46; Aristid. Or. 46,
none,urn:cts:greekLit:tlg0284.tlg047.perseus-grc1,Ael. Ar. Orat. 47,Greek,Perseus:text:2008.01.0588:text=47,"Aristides, Aelius.",Orationes 47,Aristid. 47; Aristid. Or. 47,
none,urn:cts:greekLit:tlg0284.tlg048.perseus-grc1,Ael. Ar. Orat. 48,Greek,Perseus:text:2008.01.0588:text=48,"Aristides, Aelius.",Orationes 48,Aristid. 48; Aristid. Or. 48,
none,urn:cts:greekLit:tlg0284.tlg049.perseus-grc1,Ael. Ar. Orat. 49,Greek,Perseus:text:2008.01.0588:text=49,"Aristides, Aelius.",Orationes 49,Aristid. 49; Aristid. Or. 49,
none,urn:cts:greekLit:tlg0284.tlg050.perseus-grc1,Ael. Ar. Orat. 50,Greek,Perseus:text:2008.01.0588:text=50,"Aristides, Aelius.",Orationes 50,Aristid. 50; Aristid. Or. 50,
none,urn:cts:greekLit:tlg0284.tlg051.perseus-grc1,Ael. Ar. Orat. 51,Greek,Perseus:text:2008.01.0588:text=51,"Aristides, Aelius.",Orationes 51,Aristid. 51; Aristid. Or. 51,
none,urn:cts:greekLit:tlg0284.tlg052.perseus-grc1,Ael. Ar. Orat. 52,Greek,Perseus:text:2008.01.0588:text=52,"Aristides, Aelius.",Orationes 52,Aristid. 52; Aristid. Or. 52,
none,urn:cts:greekLit:tlg0284.tlg053.perseus-grc1,Ael. Ar. Orat. 53,Greek,Perseus:text:2008.01.0588:text=53,"Aristides, Aelius.",Orationes 53,Aristid. 53; Aristid. Or. 53,
none,urn:cts:greekLit:tlg0284.tlg054.perseus-grc1,Ael. Ar. Orat. 54,Greek,Perseus:text:2008.01.0588:text=54,"Aristides, Aelius.",Orationes 54,Aristid. 54; Aristid. Or. 54,
none,urn:cts:greekLit:tlg0284.tlg055.perseus-grc1,Ael. Ar. Orat. 55,Greek,Perseus:text:2008.01.0588:text=55,"Aristides, Aelius.",Orationes 55,Aristid. 55; Aristid. Or. 55,
none,urn:cts:greekLit:tlg0284.tlg056.perseus-grc1,Ael. Ar. Ars,Greek,Perseus:text:2008.01.0589,"Aristides, Aelius.",Ars Rhetorica,Aristid.Rh.,
none,urn:cts:greekLit:tlg0341.tlg002.perseus-grc1,Lycophr.,Greek,Perseus:text:2008.01.0484,Lycophron,Alexandra,Lycophr.,
none,urn:cts:greekLit:tlg0363.tlg007.perseus-grc1,none,Greek,Perseus:text:2008.01.0636,Claudius Ptolemaeus,Tetrabiblos,Ptol.Tetr.,
"Perseus:abo:tlg,0385,001",urn:cts:greekLit:tlg0385.tlg001.perseus-grc1,none,Greek,Perseus:text:2008.01.0593,Cassius Dio Cocceianus,Historiae Romanae,Cass.Dio.,
"Perseus:abo:tlg,0525,001",urn:cts:greekLit:tlg0525.tlg001.perseus-eng1,Paus.,English,Perseus:text:1999.01.0160,Pausanias,Description of Greece,,
"Perseus:abo:tlg,0525,001",urn:cts:greekLit:tlg0525.tlg001.perseus-grc1,Paus.,Greek,Perseus:text:1999.01.0159,Pausanias,Graeciae Descriptio,,
"Perseus:abo:tlg,0526,001",urn:cts:greekLit:tlg0526.tlg001.perseus-eng1,J. AJ,English,Perseus:text:1999.01.0146,Flavius Josephus,Antiquities of the Jews,Joseph.AJ,
"Perseus:abo:tlg,0526,001",urn:cts:greekLit:tlg0526.tlg001.perseus-grc1,J. AJ,Greek,Perseus:text:1999.01.0145,Flavius Josephus,Antiquitates Judaicae,Joseph.AJ,
"Perseus:abo:tlg,0526,002",urn:cts:greekLit:tlg0526.tlg002.perseus-eng1,J. Vit.,English,Perseus:text:1999.01.0150,Flavius Josephus,The Life of Flavius Josephus,Joseph.Vit.,
"Perseus:abo:tlg,0526,002",urn:cts:greekLit:tlg0526.tlg002.perseus-grc1,J. Vit.,Greek,Perseus:text:1999.01.0149,Flavius Josephus,Josephi vita,Joseph.Vit.,
"Perseus:abo:tlg,0526,003",urn:cts:greekLit:tlg0526.tlg003.perseus-eng1,J. Ap.,English,Perseus:text:1999.01.0216,Flavius Josephus,Against Apion,Joseph.Ap.,
"Perseus:abo:tlg,0526,003",urn:cts:greekLit:tlg0526.tlg003.perseus-grc1,J. Ap.,Greek,Perseus:text:1999.01.0215,Flavius Josephus,Contra Apionem,Joseph.Ap.,
"Perseus:abo:tlg,0526,004",urn:cts:greekLit:tlg0526.tlg004.perseus-eng1,J. BJ,English,Perseus:text:1999.01.0148,Julian the Emperor,The Wars of the Jews,Joseph. BJ,
"Perseus:abo:tlg,0526,004",urn:cts:greekLit:tlg0526.tlg004.perseus-grc1,J. BJ,Greek,Perseus:text:1999.01.0147,Flavius Josephus,De bello Judaico libri vii,Joseph. BJ,
"Perseus:abo:tlg,0527,001",urn:cts:greekLit:tlg0527.tlg001.perseus-eng1,none,English,Perseus:text:1999.01.0156:book=Genesis,Old Testament,Genesis,LXX Ge.; OT Gen.,
"Perseus:abo:tlg,0527,001",urn:cts:greekLit:tlg0527.tlg001.perseus-lat1,none,Latin,Perseus:text:1999.02.0060:book=Genesis,Old Testament,Genesis,LXX Ge.; OT Gen.,
"Perseus:abo:tlg,0527,002",urn:cts:greekLit:tlg0527.tlg002.perseus-eng1,none,English,Perseus:text:1999.01.0156:book=Exodus,Old Testament,Exodus,LXX Ex.; OT Exod.,
"Perseus:abo:tlg,0527,002",urn:cts:greekLit:tlg0527.tlg002.perseus-lat1,none,Latin,Perseus:text:1999.02.0060:book=Exodus,Old Testament,Exodus,LXX Ex.; OT Exod.,
"Perseus:abo:tlg,0527,003",urn:cts:greekLit:tlg0527.tlg003.perseus-eng1,none,English,Perseus:text:1999.01.0156:book=Leviticus,Old Testament,Leviticus,LXX Le.; OT Lev.,
"Perseus:abo:tlg,0527,003",urn:cts:greekLit:tlg0527.tlg003.perseus-lat1,none,Latin,Perseus:text:1999.02.0060:book=Leviticus,Old Testament,Leviticus,LXX Le.; OT Lev.,
"Perseus:abo:tlg,0527,004",urn:cts:greekLit:tlg0527.tlg004.perseus-eng1,none,English,Perseus:text:1999.01.0156:book=Numbers,Old Testament,Numbers / Numeri,LXX Nu.; OT Num.,
"Perseus:abo:tlg,0527,004",urn:cts:greekLit:tlg0527.tlg004.perseus-lat1,none,Latin,Perseus:text:1999.02.0060:book=Numbers,Old Testament,Numeri,LXX Nu.; OT Num.,
"Perseus:abo:tlg,0527,005",urn:cts:greekLit:tlg0527.tlg005.perseus-eng1,none,English,Perseus:text:1999.01.0156:book=Deuteronomy,Old Testament,Deuteronomy ,LXX De.; OT Deut.,
"Perseus:abo:tlg,0527,005",urn:cts:greekLit:tlg0527.tlg005.perseus-lat1,none,Latin,Perseus:text:1999.02.0060:book=Deuteronomy,Old Testament,Deuteronomium,LXX De.; OT Deut.,
"Perseus:abo:tlg,0527,006",urn:cts:greekLit:tlg0527.tlg006.perseus-eng1,none,English,Perseus:text:1999.01.0156:book=Joshua,Old Testament,Joshua,LXX Jo.; OT Josh.,
"Perseus:abo:tlg,0527,006",urn:cts:greekLit:tlg0527.tlg006.perseus-lat1,none,Latin,Perseus:text:1999.02.0060:book=Joshua,Old Testament,Josue,LXX Jo.; OT Josh.,
"Perseus:abo:tlg,0527,008",urn:cts:greekLit:tlg0527.tlg008.perseus-eng1,none,English,Perseus:text:1999.01.0156:book=Judges,Old Testament,Judges,LXX Jd.; OT. Judg.,
"Perseus:abo:tlg,0527,008",urn:cts:greekLit:tlg0527.tlg008.perseus-lat1,none,Latin,Perseus:text:1999.02.0060:book=Judges,Old Testament,Judices,LXX Jd.; OT. Judg.,
"Perseus:abo:tlg,0527,010",urn:cts:greekLit:tlg0527.tlg010.perseus-eng1,none,English,Perseus:text:1999.01.0156:book=Ruth,Old Testament,Ruth,LXX Ru.; OT Ruth,
"Perseus:abo:tlg,0527,010",urn:cts:greekLit:tlg0527.tlg010.perseus-lat1,none,Latin,Perseus:text:1999.02.0060:book=Ruth,Old Testament,Ruth,LXX Ru.; OT Ruth,
"Perseus:abo:tlg,0527,011",urn:cts:greekLit:tlg0527.tlg011.perseus-eng1,none,English,Perseus:text:1999.01.0156:book=I Samuel,Old Testament,I Samuel,LXX 1 Ki.; OT 1 Sam.,
"Perseus:abo:tlg,0527,011",urn:cts:greekLit:tlg0527.tlg011.perseus-lat1,none,Latin,Perseus:text:1999.02.0060:book=1 Samuel,Old Testament,I Samuel,LXX 1 Ki.; OT 1 Sam.,
"Perseus:abo:tlg,0527,012",urn:cts:greekLit:tlg0527.tlg012.perseus-eng1,none,English,Perseus:text:1999.01.0156:book=II Samuel,Old Testament,II Samuel,LXX 2 Ki.; OT 2 Sam.,
"Perseus:abo:tlg,0527,012",urn:cts:greekLit:tlg0527.tlg012.perseus-lat1,none,Latin,Perseus:text:1999.02.0060:book=2 Samuel,Old Testament,2 Samuel,LXX 2 Ki.; OT 2 Sam.,
"Perseus:abo:tlg,0527,013",urn:cts:greekLit:tlg0527.tlg013.perseus-eng1,none,English,Perseus:text:1999.01.0156:book=I Kings,Old Testament,I Kings,LXX 1 Ki.: OT 1 Kings,
"Perseus:abo:tlg,0527,013",urn:cts:greekLit:tlg0527.tlg013.perseus-lat1,none,Latin,Perseus:text:1999.02.0060:book=1 Kings,Old Testament,I Kings,LXX 1 Ki.: OT 1 Kings,
"Perseus:abo:tlg,0527,014",urn:cts:greekLit:tlg0527.tlg014.perseus-eng1,none,English,Perseus:text:1999.01.0156:book=II Kings,Old Testament,II Kings,LXX 2 Ki.; OT 2 Kings,
"Perseus:abo:tlg,0527,014",urn:cts:greekLit:tlg0527.tlg014.perseus-lat1,none,Latin,Perseus:text:1999.02.0060:book=2 Kings,Old Testament,II Kings,LXX 2 Ki.; OT 2 Kings,
"Perseus:abo:tlg,0527,015",urn:cts:greekLit:tlg0527.tlg015.perseus-eng1,none,English,Perseus:text:1999.01.0156:book=I Chronicles,Old Testament,I Chronicles,LXX 1 Ch.; OT 1 Chron.,
"Perseus:abo:tlg,0527,015",urn:cts:greekLit:tlg0527.tlg015.perseus-lat1,none,Latin,Perseus:text:1999.02.0060:book=1 Chronicles,Old Testament,I Chronicles,LXX 1 Ch.; OT 1 Chron.,
"Perseus:abo:tlg,0527,016",urn:cts:greekLit:tlg0527.tlg016.perseus-eng1,none,English,Perseus:text:1999.01.0156:book=II Chronicles,Old Testament,II Chronicles,LXX 2 Ch.; OT 2 Chron.,
"Perseus:abo:tlg,0527,016",urn:cts:greekLit:tlg0527.tlg016.perseus-lat1,none,Latin,Perseus:text:1999.02.0060:book=2 Chronicles,Old Testament,II Chronicles,LXX 2 Ch.; OT 2 Chron.,
"Perseus:abo:tlg,0527,017",urn:cts:greekLit:tlg0527.tlg017.perseus-lat1,none,Latin,Perseus:text:1999.02.0060:book=1 Esdras,Old Testament,1 Esdras,LXX 1 Es.; OT Ezra,
"Perseus:abo:tlg,0527,018",urn:cts:greekLit:tlg0527.tlg018.perseus-eng1,none,English,Perseus:text:1999.01.0156:book=Nehemiah,Old Testament,Nehemiah,LXX Ne.; OT. Neh.,
"Perseus:abo:tlg,0527,018",urn:cts:greekLit:tlg0527.tlg018.perseus-eng2,none,English,Perseus:text:1999.01.0156:book=Ezra,Old Testament,Ezra,LXX 2 Es.,
"Perseus:abo:tlg,0527,018",urn:cts:greekLit:tlg0527.tlg018.perseus-lat1,none,Latin,Perseus:text:1999.02.0060:book=2 Esdras,Old Testament,2 Esdras,LXX 2 Es.,
"Perseus:abo:tlg,0527,019",urn:cts:greekLit:tlg0527.tlg019.perseus-eng1,none,English,Perseus:text:1999.01.0156:book=Esther,Old Testament,Esther,LXX Es.,
"Perseus:abo:tlg,0527,019",urn:cts:greekLit:tlg0527.tlg019.perseus-lat1,none,Latin,Perseus:text:1999.02.0060:book=Esther,Old Testament,Esther,LXX Es.,
"Perseus:abo:tlg,0527,020",urn:cts:greekLit:tlg0527.tlg020.perseus-lat1,none,English,Perseus:text:1999.02.0060:book=Judith,Old Testament,Judith,LXX Ju.,
"Perseus:abo:tlg,0527,021",urn:cts:greekLit:tlg0527.tlg021.perseus-lat1,none,Latin,Perseus:text:1999.02.0060:book=Tobias,Old Testament,Tobias,LXX To.,
"Perseus:abo:tlg,0527,023",urn:cts:greekLit:tlg0527.tlg023.perseus-lat1,none,Latin,Perseus:text:1999.02.0060:book=1 Maccabees,Old Testament,1 Maccabees,LXX 1 Ma.; OT. Mac.,
"Perseus:abo:tlg,0527,024",urn:cts:greekLit:tlg0527.tlg024.perseus-lat1,none,Latin,Perseus:text:1999.02.0060:book=2 Maccabees,Old Testament,2 Maccabees,LXX 1 Ma.; OT. Mac.,
"Perseus:abo:tlg,0527,027",urn:cts:greekLit:tlg0527.tlg027.perseus-eng1,none,English,Perseus:text:1999.01.0156:book=Psalms,Old Testament,Psalms,LXX Ps.; OT Ps.,
"Perseus:abo:tlg,0527,027",urn:cts:greekLit:tlg0527.tlg027.perseus-lat1,none,Latin,Perseus:text:1999.02.0060:book=Psalms,Old Testament,Psalms,LXX Ps.; OT Ps.,
"Perseus:abo:tlg,0527,029",urn:cts:greekLit:tlg0527.tlg029.perseus-eng1,none,English,Perseus:text:1999.01.0156:book=Proverbs,Old Testament,Proverbs,LXX Pr.; OT Prov.,
"Perseus:abo:tlg,0527,029",urn:cts:greekLit:tlg0527.tlg029.perseus-lat1,none,Latin,Perseus:text:1999.02.0060:book=Proverbs,Old Testament,Proverbs,LXX Pr.; OT Prov.,
"Perseus:abo:tlg,0527,030",urn:cts:greekLit:tlg0527.tlg030.perseus-eng1,none,English,Perseus:text:1999.01.0156:book=Ecclesiastes,Old Testament,Ecclesiastes,LXX Ec.; OT Eccles.,
"Perseus:abo:tlg,0527,030",urn:cts:greekLit:tlg0527.tlg030.perseus-lat1,none,Latin,Perseus:text:1999.02.0060:book=Ecclesiastes,Old Testament,Ecclesiastes,LXX Ec.; OT Eccles.,
"Perseus:abo:tlg,0527,031",urn:cts:greekLit:tlg0527.tlg031.perseus-eng1,none,English,Perseus:text:1999.01.0156:book=Canticle,Old Testament,Canticle,LXX Ca.,
"Perseus:abo:tlg,0527,031",urn:cts:greekLit:tlg0527.tlg031.perseus-lat1,none,Latin,Perseus:text:1999.02.0060:book=Song of Songs,Old Testament,Song of Songs,LXX Ca.; OT Song of Sol.,
"Perseus:abo:tlg,0527,032",urn:cts:greekLit:tlg0527.tlg032.perseus-eng1,none,English,Perseus:text:1999.01.0156:book=Job,Old Testament,Job,LXX Jb.,
"Perseus:abo:tlg,0527,032",urn:cts:greekLit:tlg0527.tlg032.perseus-lat1,none,Latin,Perseus:text:1999.02.0060:book=Job,Old Testament,Job,LXX Jb.,
"Perseus:abo:tlg,0527,033",urn:cts:greekLit:tlg0527.tlg033.perseus-lat1,none,Latin,Perseus:text:1999.02.0060:book=Wisdom,Old Testament,Wisdom,LXX Wi.,
"Perseus:abo:tlg,0527,034",urn:cts:greekLit:tlg0527.tlg034.perseus-lat1,none,Latin,Perseus:text:1999.02.0060:book=Sirach,Old Testament,Sirach,LXX Si.,
"Perseus:abo:tlg,0527,036",urn:cts:greekLit:tlg0527.tlg036.perseus-eng1,none,English,Perseus:text:1999.01.0156:book=Hosea,Old Testament,Hosea,LXX Ho.; OT Hos.,
"Perseus:abo:tlg,0527,036",urn:cts:greekLit:tlg0527.tlg036.perseus-lat1,none,Latin,Perseus:text:1999.02.0060:book=Hosea,Old Testament,Osee,LXX Ho.; OT Hos.,
"Perseus:abo:tlg,0527,037",urn:cts:greekLit:tlg0527.tlg037.perseus-eng1,none,English,Perseus:text:1999.01.0156:book=Amos,Old Testament,Amos,LXX Am.; OT Amos,
"Perseus:abo:tlg,0527,037",urn:cts:greekLit:tlg0527.tlg037.perseus-lat1,none,Latin,Perseus:text:1999.02.0060:book=Amos,Old Testament,Amos,LXX Am.; OT Amos,
"Perseus:abo:tlg,0527,038",urn:cts:greekLit:tlg0527.tlg038.perseus-eng1,none,English,Perseus:text:1999.01.0156:book=Micah,Old Testament,Micah,LXX Mi.; OT Mic.,
"Perseus:abo:tlg,0527,038",urn:cts:greekLit:tlg0527.tlg038.perseus-lat1,none,Latin,Perseus:text:1999.02.0060:book=Micah,Old Testament,Michaeas,LXX Mi.; OT Mic.,
"Perseus:abo:tlg,0527,039",urn:cts:greekLit:tlg0527.tlg039.perseus-eng1,none,English,Perseus:text:1999.01.0156:book=Joel,Old Testament,Joel,LXX Jl.,
"Perseus:abo:tlg,0527,039",urn:cts:greekLit:tlg0527.tlg039.perseus-lat1,none,Latin,Perseus:text:1999.02.0060:book=Joel,Old Testament,Joel,LXX Jl.,
"Perseus:abo:tlg,0527,040",urn:cts:greekLit:tlg0527.tlg040.perseus-eng1,none,English,Perseus:text:1999.01.0156:book=Obadiah,Old Testament,Obadiah,LXX Ob.; OT Obad.,
"Perseus:abo:tlg,0527,040",urn:cts:greekLit:tlg0527.tlg040.perseus-lat1,none,Latin,Perseus:text:1999.02.0060:book=Obadiah,Old Testament,Obadiah,LXX Ob.; OT Obad.,
"Perseus:abo:tlg,0527,041",urn:cts:greekLit:tlg0527.tlg041.perseus-eng1,none,English,Perseus:text:1999.01.0156:book=Jonah,Old Testament,Jonah,LXX Jn.; OT Jon.,
"Perseus:abo:tlg,0527,041",urn:cts:greekLit:tlg0527.tlg041.perseus-lat1,none,Latin,Perseus:text:1999.02.0060:book=Jonah,Old Testament,Jonah,LXX Jn.; OT Jon.,
"Perseus:abo:tlg,0527,042",urn:cts:greekLit:tlg0527.tlg042.perseus-eng1,none,English,Perseus:text:1999.01.0156:book=Nahum,Old Testament,Nahum,LXX Na.; OT Nah.,
"Perseus:abo:tlg,0527,042",urn:cts:greekLit:tlg0527.tlg042.perseus-lat1,none,Latin,Perseus:text:1999.02.0060:book=Nahum,Old Testament,Nahum,LXX Na.; OT Nah.,
"Perseus:abo:tlg,0527,043",urn:cts:greekLit:tlg0527.tlg043.perseus-eng1,none,English,Perseus:text:1999.01.0156:book=Habakkuk,Old Testament,Habakkuk,LXX Hb.; OT Hab.,
"Perseus:abo:tlg,0527,043",urn:cts:greekLit:tlg0527.tlg043.perseus-lat1,none,Latin,Perseus:text:1999.02.0060:book=Habbakuk,Old Testament,Habakkuk,LXX Hb.; OT Hab.,
"Perseus:abo:tlg,0527,044",urn:cts:greekLit:tlg0527.tlg044.perseus-eng1,none,English,Perseus:text:1999.01.0156:book=Zephaniah,Old Testament,Zephoniah,LXX Ze.; OT Zeph.,
"Perseus:abo:tlg,0527,044",urn:cts:greekLit:tlg0527.tlg044.perseus-lat1,none,Latin,Perseus:text:1999.02.0060:book=Zephoniah,Old Testament,Zephoniah,LXX Ze.; OT Zeph.,
"Perseus:abo:tlg,0527,045",urn:cts:greekLit:tlg0527.tlg045.perseus-eng1,none,English,Perseus:text:1999.01.0156:book=Haggai,Old Testament,Haggai,LXX Hg.; OT Hag.,
"Perseus:abo:tlg,0527,045",urn:cts:greekLit:tlg0527.tlg045.perseus-lat1,none,Latin,Perseus:text:1999.02.0060:book=Haggaiah,Old Testament,Haggaiah,LXX Hg.; OT Hag.,
"Perseus:abo:tlg,0527,046",urn:cts:greekLit:tlg0527.tlg046.perseus-eng1,none,English,Perseus:text:1999.01.0156:book=Zechariah,Old Testament,Zechariah,LXX Za.; OT. Zech.,
"Perseus:abo:tlg,0527,046",urn:cts:greekLit:tlg0527.tlg046.perseus-lat1,none,Latin,Perseus:text:1999.02.0060:book=Zechariah,Old Testament,Zechariah,LXX Za.; OT. Zech.,
"Perseus:abo:tlg,0527,047",urn:cts:greekLit:tlg0527.tlg047.perseus-eng1,none,English,Perseus:text:1999.01.0156:book=Malachi,Old Testament,Malachi,LXX Ma.; OT. Mal.,
"Perseus:abo:tlg,0527,047",urn:cts:greekLit:tlg0527.tlg047.perseus-lat1,none,Latin,Perseus:text:1999.02.0060:book=Malachi,Old Testament,Malachias,LXX Ma.; OT. Mal.,
"Perseus:abo:tlg,0527,048",urn:cts:greekLit:tlg0527.tlg048.perseus-eng1,none,English,Perseus:text:1999.01.0156:book=Isaiah,Old Testament,Isaiah,LXX Is.; OT Isa.,
"Perseus:abo:tlg,0527,048",urn:cts:greekLit:tlg0527.tlg048.perseus-lat1,none,Latin,Perseus:text:1999.02.0060:book=Isaiah,Old Testament,Isaias,LXX Is.; OT Isa.,
"Perseus:abo:tlg,0527,049",urn:cts:greekLit:tlg0527.tlg049.perseus-eng1,none,English,Perseus:text:1999.01.0156:book=Jeremiah,Old Testament,Jeremiah,LXX Je.; OT Jer.,
"Perseus:abo:tlg,0527,049",urn:cts:greekLit:tlg0527.tlg049.perseus-lat1,none,Latin,Perseus:text:1999.02.0060:book=Jeremiah,Old Testament,Jeremias,LXX Je.; OT Jer.,
"Perseus:abo:tlg,0527,050",urn:cts:greekLit:tlg0527.tlg050.perseus-lat1,none,Latin,Perseus:text:1999.02.0060:book=Baruch,Old Testament,Baruch,LXX Bar.,
"Perseus:abo:tlg,0527,051",urn:cts:greekLit:tlg0527.tlg051.perseus-eng1,none,English,Perseus:text:1999.01.0156:book=Lamentations,Old Testament,Lamentations,LXX La.; OT Lam.,
"Perseus:abo:tlg,0527,051",urn:cts:greekLit:tlg0527.tlg051.perseus-lat1,none,Latin,Perseus:text:1999.02.0060:book=Lamentations,Old Testament,Lamentations,LXX La.; OT Lam.,
"Perseus:abo:tlg,0527,053",urn:cts:greekLit:tlg0527.tlg053.perseus-eng1,none,English,Perseus:text:1999.01.0156:book=Ezekiel,Old Testament,Ezekiel,LXX Ez.; OT Ezek.,
"Perseus:abo:tlg,0527,053",urn:cts:greekLit:tlg0527.tlg053.perseus-lat1,none,Latin,Perseus:text:1999.02.0060:book=Ezekiel,Old Testament,Ezekiel,LXX Ez.; OT Ezek.,
"Perseus:abo:tlg,0527,056",urn:cts:greekLit:tlg0527.tlg056.perseus-eng1,none,Latin,Perseus:text:1999.01.0156:book=Daniel,Old Testament,Daniel,LXX Da.; OT. Dan.,
"Perseus:abo:tlg,0527,056",urn:cts:greekLit:tlg0527.tlg056.perseus-lat1,none,Latin,Perseus:text:1999.02.0060:book=Daniel,Old Testament,Daniel,LXX Da.; OT. Dan.,
"Perseus:abo:tlg,0532,001",urn:cts:greekLit:tlg0532.tlg001.perseus-grc1,Ach. Tat.,Greek,Perseus:text:2008.01.0665,Achilles Tatius,Leucippe et Clitophon,,
"Perseus:abo:tlg,0533,003",urn:cts:greekLit:tlg0533.tlg003.perseus-grc1,Call. Epigr.,Greek,Perseus:text:1999.01.0226:text=epigrams,Callimachus,"Epigrams, Fragmenta",,
"Perseus:abo:tlg,0533,004",urn:cts:greekLit:tlg0533.tlg004.perseus-grc1,Call. Epig,Greek,Perseus:text:2008.01.0482,Callimachus,"Epigrams, Fragmenta",,
"Perseus:abo:tlg,0533,015",urn:cts:greekLit:tlg0533.tlg015.perseus-grc1,Call. H. 1; Call.Jov.,Greek,Perseus:text:2008.01.0481:hymn=1,Callimachus,Hymn to Zeus,Callim. Hymn 1,
"Perseus:abo:tlg,0533,015",urn:cts:greekLit:tlg0533.tlg015.perseus-grc2,Call. H. 1; Call.Jov.,Greek,Perseus:text:1999.01.0226:text=hymns:poem=1,Callimachus,Hymnus in Jovem,Callim. Hymn 1,
"Perseus:abo:tlg,0533,016",urn:cts:greekLit:tlg0533.tlg016.perseus-grc1,Call. H. 2; Call.Ap;,Greek,Perseus:text:2008.01.0481:hymn=2,Callimachus,Hymn to Apollo,Callim. Hymn 2,
"Perseus:abo:tlg,0533,016",urn:cts:greekLit:tlg0533.tlg016.perseus-grc2,Call. H. 2; Call.Ap;,Greek,Perseus:text:1999.01.0226:text=hymns:poem=2,Callimachus,Hymnus in Apollinem,Callim. Hymn 2,
"Perseus:abo:tlg,0533,017",urn:cts:greekLit:tlg0533.tlg017.perseus-grc1,Call. H. 3; Call.Dian,Greek,Perseus:text:2008.01.0481:hymn=3,Callimachus,Hymn to Artemis,Callim. Hymn 3,
"Perseus:abo:tlg,0533,017",urn:cts:greekLit:tlg0533.tlg017.perseus-grc2,Call. H. 3; Call.Dian,Greek,Perseus:text:1999.01.0226:text=hymns:poem=3,Callimachus,Hymnus in Dianam,Callim. Hymn 3,
"Perseus:abo:tlg,0533,018",urn:cts:greekLit:tlg0533.tlg018.perseus-grc1,Call. H. 4; Call.Del.,Greek,Perseus:text:2008.01.0481:hymn=4,Callimachus,Hymn to Delos,Callim. Hymn 4,
"Perseus:abo:tlg,0533,018",urn:cts:greekLit:tlg0533.tlg018.perseus-grc2,Call. H. 4; Call.Del.,Greek,Perseus:text:1999.01.0226:text=hymns:poem=4,Callimachus,Hymnus in Delum,Callim. Hymn 4,
"Perseus:abo:tlg,0533,019",urn:cts:greekLit:tlg0533.tlg019.perseus-grc1,Call. H. 5; Call Lav.,Greek,Perseus:text:2008.01.0481:hymn=5,Callimachus,Hymn to Athena,Callim. Hymn 5; Cal. Lav. Pall.,
"Perseus:abo:tlg,0533,019",urn:cts:greekLit:tlg0533.tlg019.perseus-grc2,Call. H. 5; Call.Lav.,Greek,Perseus:text:1999.01.0226:text=hymns:poem=5,Callimachus,Lavacrum Palladis,Callim. Hymn 5; Cal. Lav. Pall.,
"Perseus:abo:tlg,0533,020",urn:cts:greekLit:tlg0533.tlg020.perseus-grc1,Call. H. 6; Call.Cer.; Call.Dem.,Greek,Perseus:text:2008.01.0481:hymn=6,Callimachus,Hymn to Demeter,Callim. Hymn 6,
"Perseus:abo:tlg,0533,020",urn:cts:greekLit:tlg0533.tlg020.perseus-grc2,Call. H. 6; Call.Cer.; Call.Dem.,Greek,Perseus:text:1999.01.0226:text=hymns:poem=6,Callimachus,Hymnus in Cererem,Callim. Hymn 6,
"Perseus:abo:tlg,0535,001",urn:cts:greekLit:tlg0535.tlg001.perseus-eng1,Demad. 1,English,Perseus:text:1999.01.0066:speech=1,Demades,On the Twelve Years,Demad. Fr.,
"Perseus:abo:tlg,0535,001",urn:cts:greekLit:tlg0535.tlg001.perseus-grc1,Demad. 1,Greek,Perseus:text:1999.01.0065:speech=1,Demades,On the Twelve Years,Demad. Fr.,
"Perseus:abo:tlg,0540,001",urn:cts:greekLit:tlg0540.tlg001.perseus-eng1,Lys. 1,English,Perseus:text:1999.01.0154:speech=1,Lysias,On the Murder of Eratosthenes,Lys. Or. 1,
"Perseus:abo:tlg,0540,001",urn:cts:greekLit:tlg0540.tlg001.perseus-grc1,Lys. 1,Greek,Perseus:text:1999.01.0153:speech=1,Lysias,De caede Eratosthenis ,Lys. Or. 1,
"Perseus:abo:tlg,0540,002",urn:cts:greekLit:tlg0540.tlg002.perseus-eng1,Lys. 2,English,Perseus:text:1999.01.0154:speech=2,Lysias,Funeral Oration,Lys. Or. 2,
"Perseus:abo:tlg,0540,002",urn:cts:greekLit:tlg0540.tlg002.perseus-grc1,Lys. 2,Greek,Perseus:text:1999.01.0153:speech=2,Lysias,Epitaphius,Lys. Or. 2,
"Perseus:abo:tlg,0540,003",urn:cts:greekLit:tlg0540.tlg003.perseus-eng1,Lys. 3,English,Perseus:text:1999.01.0154:speech=3,Lysias,Against Simon,Lys. Or. 3,
"Perseus:abo:tlg,0540,003",urn:cts:greekLit:tlg0540.tlg003.perseus-grc1,Lys. 3,Greek,Perseus:text:1999.01.0153:speech=3,Lysias,Contra Simonem,Lys. Or. 3,
"Perseus:abo:tlg,0540,004",urn:cts:greekLit:tlg0540.tlg004.perseus-eng1,Lys. 4,English,Perseus:text:1999.01.0154:speech=4,Lysias,On A Wound By Premeditation,Lys. Or. 4,
"Perseus:abo:tlg,0540,004",urn:cts:greekLit:tlg0540.tlg004.perseus-grc1,Lys. 4,Greek,Perseus:text:1999.01.0153:speech=4,Lysias,On A Wound By Premeditation,Lys. Or. 4,
"Perseus:abo:tlg,0540,005",urn:cts:greekLit:tlg0540.tlg005.perseus-eng1,Lys. 5,English,Perseus:text:1999.01.0154:speech=5,Lysias,For Callias,Lys. Or. 5,
"Perseus:abo:tlg,0540,005",urn:cts:greekLit:tlg0540.tlg005.perseus-grc1,Lys. 5,Greek,Perseus:text:1999.01.0153:speech=5,Lysias,Pro Callia,Lys. Or. 5,
"Perseus:abo:tlg,0540,006",urn:cts:greekLit:tlg0540.tlg006.perseus-eng1,Lys. 6,English,Perseus:text:1999.01.0154:speech=6,Lysias,Against Andocides,Lys. Or. 6,
"Perseus:abo:tlg,0540,006",urn:cts:greekLit:tlg0540.tlg006.perseus-grc1,Lys. 6,Greek,Perseus:text:1999.01.0153:speech=6,Lysias,In Andocidem [Sp.]  ,Lys. Or. 6,
"Perseus:abo:tlg,0540,007",urn:cts:greekLit:tlg0540.tlg007.perseus-eng1,Lys. 7,English,Perseus:text:1999.01.0154:speech=7,Lysias,On the Olive Stump,Lys. Or. 7,
"Perseus:abo:tlg,0540,007",urn:cts:greekLit:tlg0540.tlg007.perseus-grc1,Lys. 7,Greek,Perseus:text:1999.01.0153:speech=7,Lysias,Areopagiticus,Lys. Or. 7,
"Perseus:abo:tlg,0540,008",urn:cts:greekLit:tlg0540.tlg008.perseus-eng1,Lys. 8,English,Perseus:text:1999.01.0154:speech=8,Lysias,Accusation of Calumny,Lys. Or. 8,
"Perseus:abo:tlg,0540,008",urn:cts:greekLit:tlg0540.tlg008.perseus-grc1,Lys. 8,Greek,Perseus:text:1999.01.0153:speech=8,Lysias,Pro milite,Lys. Or. 8,
"Perseus:abo:tlg,0540,009",urn:cts:greekLit:tlg0540.tlg009.perseus-eng1,Lys. 9,English,Perseus:text:1999.01.0154:speech=9,Lysias,For The Soldier,Lys. Or. 9,
"Perseus:abo:tlg,0540,009",urn:cts:greekLit:tlg0540.tlg009.perseus-grc1,Lys. 9,Greek,Perseus:text:1999.01.0153:speech=9,Lysias,For The Soldier,Lys. Or. 9,
"Perseus:abo:tlg,0540,010",urn:cts:greekLit:tlg0540.tlg010.perseus-eng1,Lys. 10,English,Perseus:text:1999.01.0154:speech=10,Lysias,Against Theomnestus 1,Lys. Or. 10,
"Perseus:abo:tlg,0540,010",urn:cts:greekLit:tlg0540.tlg010.perseus-grc1,Lys. 10,Greek,Perseus:text:1999.01.0153:speech=10,Lysias,In Theomnestum 1 ,Lys. Or. 10,
"Perseus:abo:tlg,0540,011",urn:cts:greekLit:tlg0540.tlg011.perseus-eng1,Lys. 11,English,Perseus:text:1999.01.0154:speech=11,Lysias,Against Theomnestus 2,Lys. Or. 11,
"Perseus:abo:tlg,0540,011",urn:cts:greekLit:tlg0540.tlg011.perseus-grc1,Lys. 11,Greek,Perseus:text:1999.01.0153:speech=11,Lysias,In Theomnestum 2,Lys. Or. 11,
"Perseus:abo:tlg,0540,012",urn:cts:greekLit:tlg0540.tlg012.perseus-eng1,Lys. 12,English,Perseus:text:1999.01.0154:speech=12,Lysias,Against Eratosthenes,Lys. Or. 12,
"Perseus:abo:tlg,0540,012",urn:cts:greekLit:tlg0540.tlg012.perseus-grc1,Lys. 12,Greek,Perseus:text:1999.01.0153:speech=12,Lysias,In Eratosthenem ,Lys. Or. 12,
"Perseus:abo:tlg,0540,013",urn:cts:greekLit:tlg0540.tlg013.perseus-eng1,Lys. 13,English,Perseus:text:1999.01.0154:speech=13,Lysias,Against Agoratus,Lys. Or. 13,
"Perseus:abo:tlg,0540,013",urn:cts:greekLit:tlg0540.tlg013.perseus-grc1,Lys. 13,Greek,Perseus:text:1999.01.0153:speech=13,Lysias,In Agoratum,Lys. Or. 13,
"Perseus:abo:tlg,0540,014",urn:cts:greekLit:tlg0540.tlg014.perseus-eng1,Lys. 14,English,Perseus:text:1999.01.0154:speech=14,Lysias,Against Alcibiades 1,Lys. Or. 14,
"Perseus:abo:tlg,0540,014",urn:cts:greekLit:tlg0540.tlg014.perseus-grc1,Lys. 14,Greek,Perseus:text:1999.01.0153:speech=14,Lysias,In Alcibiadem 1,Lys. Or. 14,
"Perseus:abo:tlg,0540,015",urn:cts:greekLit:tlg0540.tlg015.perseus-eng1,Lys. 15,English,Perseus:text:1999.01.0154:speech=15,Lysias,Against Alcibiades 2,Lys. Or. 15,
"Perseus:abo:tlg,0540,015",urn:cts:greekLit:tlg0540.tlg015.perseus-grc1,Lys. 15,Greek,Perseus:text:1999.01.0153:speech=15,Lysias,In Alcibiadem 2,Lys. Or. 15,
"Perseus:abo:tlg,0540,016",urn:cts:greekLit:tlg0540.tlg016.perseus-eng1,Lys. 16,English,Perseus:text:1999.01.0154:speech=16,Lysias,In Defense of Mantitheus,Lys. Or. 16,
"Perseus:abo:tlg,0540,016",urn:cts:greekLit:tlg0540.tlg016.perseus-grc1,Lys. 16,Greek,Perseus:text:1999.01.0153:speech=16,Lysias,Pro Mantitheo ,Lys. Or. 16,
"Perseus:abo:tlg,0540,017",urn:cts:greekLit:tlg0540.tlg017.perseus-eng1,Lys. 17,English,Perseus:text:1999.01.0154:speech=17,Lysias,On The Property Of Eraton,Lys. Or. 17,
"Perseus:abo:tlg,0540,017",urn:cts:greekLit:tlg0540.tlg017.perseus-grc1,Lys. 17,Greek,Perseus:text:1999.01.0153:speech=17,Lysias,On The Property Of Eraton,Lys. Or. 17,
"Perseus:abo:tlg,0540,018",urn:cts:greekLit:tlg0540.tlg018.perseus-eng1,Lys. 18,English,Perseus:text:1999.01.0154:speech=18,Lysias,On the Confiscation of the Property Of The Brother Of Nicias,Lys. Or. 18,
"Perseus:abo:tlg,0540,018",urn:cts:greekLit:tlg0540.tlg018.perseus-grc1,Lys. 18,Greek,Perseus:text:1999.01.0153:speech=18,Lysias,On the Confiscation of the Property Of The Brother Of Nicias,Lys. Or. 18,
"Perseus:abo:tlg,0540,019",urn:cts:greekLit:tlg0540.tlg019.perseus-eng1,Lys. 19,English,Perseus:text:1999.01.0154:speech=19,Lysias,On the Property of Aristophanes,Lys. Or. 19,
"Perseus:abo:tlg,0540,019",urn:cts:greekLit:tlg0540.tlg019.perseus-grc1,Lys. 19,Greek,Perseus:text:1999.01.0153:speech=19,Lysias,On the Property of Aristophanes,Lys. Or. 19,
"Perseus:abo:tlg,0540,020",urn:cts:greekLit:tlg0540.tlg020.perseus-eng1,Lys. 20,English,Perseus:text:1999.01.0154:speech=20,Lysias,For Polystratus,Lys. Or. 20,
"Perseus:abo:tlg,0540,020",urn:cts:greekLit:tlg0540.tlg020.perseus-grc1,Lys. 20,Greek,Perseus:text:1999.01.0153:speech=20,Lysias,Pro Polystrato [Sp.],Lys. Or. 20,
"Perseus:abo:tlg,0540,021",urn:cts:greekLit:tlg0540.tlg021.perseus-eng1,Lys. 21,English,Perseus:text:1999.01.0154:speech=21,Lysias,Defense Against A Charge Of Taking Bribes,Lys. Or. 21,
"Perseus:abo:tlg,0540,021",urn:cts:greekLit:tlg0540.tlg021.perseus-grc1,Lys. 21,Greek,Perseus:text:1999.01.0153:speech=21,Lysias,Defense Against A Charge Of Taking Bribes,Lys. Or. 21,
"Perseus:abo:tlg,0540,022",urn:cts:greekLit:tlg0540.tlg022.perseus-eng1,Lys. 22,English,Perseus:text:1999.01.0154:speech=22,Lysias,Against The Corn-Dealers,Lys. Or. 22,
"Perseus:abo:tlg,0540,022",urn:cts:greekLit:tlg0540.tlg022.perseus-grc1,Lys. 22,Greek,Perseus:text:1999.01.0153:speech=22,Lysias,Against The Corn-Dealers,Lys. Or. 22,
"Perseus:abo:tlg,0540,023",urn:cts:greekLit:tlg0540.tlg023.perseus-eng1,Lys. 23,English,Perseus:text:1999.01.0154:speech=23,Lysias,Against Pancleon,Lys. Or. 23,
"Perseus:abo:tlg,0540,023",urn:cts:greekLit:tlg0540.tlg023.perseus-grc1,Lys. 23,Greek,Perseus:text:1999.01.0153:speech=23,Lysias,In Pancleonem,Lys. Or. 23,
"Perseus:abo:tlg,0540,024",urn:cts:greekLit:tlg0540.tlg024.perseus-eng1,Lys. 24,English,Perseus:text:1999.01.0154:speech=24,Lysias,On The Refusal Of A Pension,Lys. Or. 24,
"Perseus:abo:tlg,0540,024",urn:cts:greekLit:tlg0540.tlg024.perseus-grc1,Lys. 24,Greek,Perseus:text:1999.01.0153:speech=24,Lysias,On The Refusal Of A Pension,Lys. Or. 24,
"Perseus:abo:tlg,0540,025",urn:cts:greekLit:tlg0540.tlg025.perseus-eng1,Lys. 25,English,Perseus:text:1999.01.0154:speech=25,Lysias,Defense Against a Charge of Subverting the Democracy,Lys. Or. 25,
"Perseus:abo:tlg,0540,025",urn:cts:greekLit:tlg0540.tlg025.perseus-grc1,Lys. 25,Greek,Perseus:text:1999.01.0153:speech=25,Lysias,Defense Against a Charge of Subverting the Democracy,Lys. Or. 25,
"Perseus:abo:tlg,0540,026",urn:cts:greekLit:tlg0540.tlg026.perseus-eng1,Lys. 26,English,Perseus:text:1999.01.0154:speech=26,Lysias,On the Scrutiny of Evandros,Lys. Or. 26,
"Perseus:abo:tlg,0540,026",urn:cts:greekLit:tlg0540.tlg026.perseus-grc1,Lys. 26,Greek,Perseus:text:1999.01.0153:speech=26,Lysias,On the Scrutiny of Evandros,Lys. Or. 26,
"Perseus:abo:tlg,0540,027",urn:cts:greekLit:tlg0540.tlg027.perseus-eng1,Lys. 27,English,Perseus:text:1999.01.0154:speech=27,Lysias,Against Epicrates and his Fellow-envoys,Lys. Or. 27,
"Perseus:abo:tlg,0540,027",urn:cts:greekLit:tlg0540.tlg027.perseus-grc1,Lys. 27,Greek,Perseus:text:1999.01.0153:speech=27,Lysias,In Epicratem,Lys. Or. 27,
"Perseus:abo:tlg,0540,028",urn:cts:greekLit:tlg0540.tlg028.perseus-eng1,Lys. 28,English,Perseus:text:1999.01.0154:speech=28,Lysias,Against Ergocles,Lys. Or. 28,
"Perseus:abo:tlg,0540,028",urn:cts:greekLit:tlg0540.tlg028.perseus-grc1,Lys. 28,Greek,Perseus:text:1999.01.0153:speech=28,Lysias,In Ergoclem,Lys. Or. 28,
"Perseus:abo:tlg,0540,029",urn:cts:greekLit:tlg0540.tlg029.perseus-eng1,Lys. 29,English,Perseus:text:1999.01.0154:speech=29,Lysias,Against Philocrates,Lys. Or. 29,
"Perseus:abo:tlg,0540,029",urn:cts:greekLit:tlg0540.tlg029.perseus-grc1,Lys. 29,Greek,Perseus:text:1999.01.0153:speech=29,Lysias,In Philocratem,Lys. Or. 29,
"Perseus:abo:tlg,0540,030",urn:cts:greekLit:tlg0540.tlg030.perseus-eng1,Lys. 30,English,Perseus:text:1999.01.0154:speech=30,Lysias,Against Nicomachus,Lys. Or. 30,
"Perseus:abo:tlg,0540,030",urn:cts:greekLit:tlg0540.tlg030.perseus-grc1,Lys. 30,Greek,Perseus:text:1999.01.0153:speech=30,Lysias,In Nicomachum,Lys. Or. 30,
"Perseus:abo:tlg,0540,031",urn:cts:greekLit:tlg0540.tlg031.perseus-eng1,Lys. 31,English,Perseus:text:1999.01.0154:speech=31,Lysias,Against Philon,Lys. Or. 31,
"Perseus:abo:tlg,0540,031",urn:cts:greekLit:tlg0540.tlg031.perseus-grc1,Lys. 31,Greek,Perseus:text:1999.01.0153:speech=31,Lysias,In Philonem,Lys. Or. 31,
"Perseus:abo:tlg,0540,032",urn:cts:greekLit:tlg0540.tlg032.perseus-eng1,Lys. 32,English,Perseus:text:1999.01.0154:speech=32,Lysias,Against Diogeiton,Lys. Or. 32,
"Perseus:abo:tlg,0540,032",urn:cts:greekLit:tlg0540.tlg032.perseus-grc1,Lys. 32,Greek,Perseus:text:1999.01.0153:speech=32,Lysias,In Diogitonem ,Lys. Or. 32,
"Perseus:abo:tlg,0540,033",urn:cts:greekLit:tlg0540.tlg033.perseus-eng1,Lys. 33,English,Perseus:text:1999.01.0154:speech=33,Lysias,Olympic Oration,Lys. Or. 33,
"Perseus:abo:tlg,0540,033",urn:cts:greekLit:tlg0540.tlg033.perseus-grc1,Lys. 33,Greek,Perseus:text:1999.01.0153:speech=33,Lysias,Olympic Oration,Lys. Or. 33,
"Perseus:abo:tlg,0540,034",urn:cts:greekLit:tlg0540.tlg034.perseus-eng1,Lys. 34,English,Perseus:text:1999.01.0154:speech=34,Lysias,Against The Subversion of the Ancestral Constitution,Lys. Or. 34,
"Perseus:abo:tlg,0540,034",urn:cts:greekLit:tlg0540.tlg034.perseus-grc1,Lys. 34,Greek,Perseus:text:1999.01.0153:speech=34,Lysias,Against The Subversion of the Ancestral Constitution,Lys. Or. 34,
"Perseus:abo:tlg,0543,001",urn:cts:greekLit:tlg0543.tlg001.perseus-eng1,Plb.,English,Perseus:text:1999.01.0234,Polybius,Histories,Polyb.,
"Perseus:abo:tlg,0543,001",urn:cts:greekLit:tlg0543.tlg001.perseus-grc1,Plb.,Greek,Perseus:text:1999.01.0233,Polybius,Histories,Polyb.,
none,urn:cts:greekLit:tlg0545.tlg001.perseus-grc1,Ael. NA,Greek,Perseus:text:2008.01.0590,Aelian,De Natura Animalium,,
none,urn:cts:greekLit:tlg0545.tlg002.perseus-grc1,Ael. VH,Greek,Perseus:text:2008.01.0591,Aeneas Tacticus,Varia Historia,Ael. V. H.,
none,urn:cts:greekLit:tlg0545.tlg003.perseus-grc1,Ael. Ep.,Greek,Perseus:text:2008.01.0592,Aelian,Epistulae Rusticae,,
"Perseus:abo:tlg,0548,001",urn:cts:greekLit:tlg0548.tlg001.perseus-eng1,Apollod.,English,Perseus:text:1999.01.0022:text=Library,Apollodorus,Library,Apollod. Bibl.,
"Perseus:abo:tlg,0548,001",urn:cts:greekLit:tlg0548.tlg001.perseus-grc1,Apollod.,Greek,Perseus:text:1999.01.0021:text=Library,Apollodorus,Bibliotheca,Apollod. Bibl.,
"Perseus:abo:tlg,0548,002",urn:cts:greekLit:tlg0548.tlg002.perseus-eng1,Apollod. Epit,English,Perseus:text:1999.01.0022:text=Epitome,Apollodorus,Epitome,,
"Perseus:abo:tlg,0548,002",urn:cts:greekLit:tlg0548.tlg002.perseus-grc1,Apollod. Epit,Greek,Perseus:text:1999.01.0021:text=Epitome,Apollodorus,Epitome,,
"Perseus:abo:tlg,0551,001",urn:cts:greekLit:tlg0551.tlg001.perseus-eng1,App. Praef.,English,Perseus:text:1999.01.0230:text=Pref.,Appianus of Alexandria,Proemium,,
"Perseus:abo:tlg,0551,002",urn:cts:greekLit:tlg0551.tlg002.perseus-eng1,App. Reg.,English,Perseus:text:1999.01.0230:text=Reg.,Appianus of Alexandria,Kings,,
"Perseus:abo:tlg,0551,002",urn:cts:greekLit:tlg0551.tlg002.perseus-grc1,App. Reg.,Greek,Perseus:text:1999.01.0229:text=Reg.,Appianus of Alexandria,Basilica,,
"Perseus:abo:tlg,0551,003",urn:cts:greekLit:tlg0551.tlg003.perseus-eng1,App. Ital.,English,Perseus:text:1999.01.0230:text=Ital.,Appianus of Alexandria,Italy,,
"Perseus:abo:tlg,0551,003",urn:cts:greekLit:tlg0551.tlg003.perseus-grc1,App. Ital.,Greek,Perseus:text:1999.01.0229:text=Ital.,Appianus of Alexandria,Italica,,
"Perseus:abo:tlg,0551,004",urn:cts:greekLit:tlg0551.tlg004.perseus-eng1,App. Sam.,English,Perseus:text:1999.01.0230:text=Sam.,Appianus of Alexandria,Samnite History,,
"Perseus:abo:tlg,0551,004",urn:cts:greekLit:tlg0551.tlg004.perseus-grc1,App. Sam.,Greek,Perseus:text:1999.01.0229:text=Sam.,Appianus of Alexandria,Samnitica ,,
"Perseus:abo:tlg,0551,005",urn:cts:greekLit:tlg0551.tlg005.perseus-eng1,App. Gall.,English,Perseus:text:1999.01.0230:text=Gall.,Appianus of Alexandria,Gallic History,,
"Perseus:abo:tlg,0551,005",urn:cts:greekLit:tlg0551.tlg005.perseus-grc1,App. Gall.,Greek,Perseus:text:1999.01.0229:text=Gall.,Appianus of Alexandria,Celtica,,
"Perseus:abo:tlg,0551,006",urn:cts:greekLit:tlg0551.tlg006.perseus-eng1,App. Sic.,English,Perseus:text:1999.01.0230:text=Sic.,Appianus of Alexandria,Sicily and the Other Islands,,
"Perseus:abo:tlg,0551,006",urn:cts:greekLit:tlg0551.tlg006.perseus-grc1,App. Sic.,Greek,Perseus:text:1999.01.0229:text=Sic.,Appianus of Alexandria,Sicelica ,,
"Perseus:abo:tlg,0551,007",urn:cts:greekLit:tlg0551.tlg007.perseus-eng1,App. Hisp.,English,Perseus:text:1999.01.0230:text=Hisp.,Appianus of Alexandria,Wars in Spain,,
"Perseus:abo:tlg,0551,007",urn:cts:greekLit:tlg0551.tlg007.perseus-grc1,App. Hisp.,Greek,Perseus:text:1999.01.0229:text=Hisp.,Appianus of Alexandria,Iberica,,
"Perseus:abo:tlg,0551,008",urn:cts:greekLit:tlg0551.tlg008.perseus-eng1,App. Hann.,English,Perseus:text:1999.01.0230:text=Hann.,Appianus of Alexandria,Hannibalic War,,
"Perseus:abo:tlg,0551,008",urn:cts:greekLit:tlg0551.tlg008.perseus-grc1,App. Hann.,Greek,Perseus:text:1999.01.0229:text=Hann.,Appianus of Alexandria,Annibaica,,
"Perseus:abo:tlg,0551,009",urn:cts:greekLit:tlg0551.tlg009.perseus-eng1,App. Pun.,English,Perseus:text:1999.01.0230:text=Pun.,Appianus of Alexandria,Punic Wars,,
"Perseus:abo:tlg,0551,009",urn:cts:greekLit:tlg0551.tlg009.perseus-grc1,App. Pun.,Greek,Perseus:text:1999.01.0229:text=Pun.,Appianus of Alexandria,Punica,,
"Perseus:abo:tlg,0551,010",urn:cts:greekLit:tlg0551.tlg010.perseus-eng1,App. Num.,English,Perseus:text:1999.01.0230:text=Num.,Appianus of Alexandria,Numidian Affairs,,
"Perseus:abo:tlg,0551,010",urn:cts:greekLit:tlg0551.tlg010.perseus-grc1,App. Num.,Greek,Perseus:text:1999.01.0229:text=Num.,Appianus of Alexandria,Numidica,,
"Perseus:abo:tlg,0551,011",urn:cts:greekLit:tlg0551.tlg011.perseus-eng1,App. Mac.,English,Perseus:text:1999.01.0230:text=Mac.,Appianus of Alexandria,Macedonian Affairs,,
"Perseus:abo:tlg,0551,011",urn:cts:greekLit:tlg0551.tlg011.perseus-grc1,App. Mac.,Greek,Perseus:text:1999.01.0229:text=Mac.,Appianus of Alexandria,Macedonica,,
"Perseus:abo:tlg,0551,012",urn:cts:greekLit:tlg0551.tlg012.perseus-eng1,App. Ill.,English,Perseus:text:1999.01.0230:text=Ill.,Appianus of Alexandria,Illyrian Wars,,
"Perseus:abo:tlg,0551,012",urn:cts:greekLit:tlg0551.tlg012.perseus-grc1,App. Ill.,Greek,Perseus:text:1999.01.0229:text=Ill.,Appianus of Alexandria,Illyrica,,
"Perseus:abo:tlg,0551,013",urn:cts:greekLit:tlg0551.tlg013.perseus-eng1,App. Syr.,English,Perseus:text:1999.01.0230:text=Syr.,Appianus of Alexandria,Syrian Wars,,
"Perseus:abo:tlg,0551,013",urn:cts:greekLit:tlg0551.tlg013.perseus-grc1,App. Syr.,Greek,Perseus:text:1999.01.0229:text=Syr.,Appianus of Alexandria,Syrica,,
"Perseus:abo:tlg,0551,014",urn:cts:greekLit:tlg0551.tlg014.perseus-eng1,App. Mith.,English,Perseus:text:1999.01.0230:text=Mith.,Appianus of Alexandria,Mithridatic Wars,,
"Perseus:abo:tlg,0551,014",urn:cts:greekLit:tlg0551.tlg014.perseus-grc1,App. Mith.,Greek,Perseus:text:1999.01.0229:text=Mith.,Appianus of Alexandria,Mithridatica,,
"Perseus:abo:tlg,0551,017",urn:cts:greekLit:tlg0551.tlg017.perseus-eng1,App. BC,English,Perseus:text:1999.01.0232,Appianus of Alexandria,Civil Wars,App.B.Civ.,
"Perseus:abo:tlg,0551,017",urn:cts:greekLit:tlg0551.tlg017.perseus-grc1,App. BC,Greek,Perseus:text:1999.01.0231,Appianus of Alexandria,Bella Civilia ,App.B.Civ.,
none,urn:cts:greekLit:tlg0554.tlg001.perseus-grc1,none,Greek,Perseus:text:2008.01.0668,Chariton,De Chaerea et Callirhoe,Charit.,
none,urn:cts:greekLit:tlg0555.tlg001.perseus-grc1,none,Greek,Perseus:text:2008.01.0633,Clement of Alexandria,Protrepticus,Clem. Al. Prot.,
none,urn:cts:greekLit:tlg0555.tlg006.perseus-grc1,none,Greek,Perseus:text:2008.01.0631,Clement of Alexandria,Quis Dis Salvetur,,
none,urn:cts:greekLit:tlg0555.tlg008.perseus-grc1,none,Greek,Perseus:text:2008.01.0632,Clement of Alexandria,"Exhortation to Endurance, or to the Newly Baptized",,
none,urn:cts:greekLit:tlg0556.tlg001.perseus-grc1,Ascl.,Greek,Perseus:text:2008.01.0635,Asclepiodotus,Tactica,,
none,urn:cts:greekLit:tlg0557.tlg001.perseus-eng1,none,Greek,Perseus:text:1999.01.0236:text=disc,Epictetus,Discourses,Epict. Diss.,
none,urn:cts:greekLit:tlg0557.tlg001.perseus-eng2,none,English,Perseus:text:1999.01.0237:text=disc,Epictetus,Discourses,Epict. Diss.,
none,urn:cts:greekLit:tlg0557.tlg001.perseus-grc1,none,Greek,Perseus:text:1999.01.0235:text=disc,Epictetus,Dissertationes,Epict. Diss.,
none,urn:cts:greekLit:tlg0557.tlg002.perseus-eng1,none,English,Perseus:text:1999.01.0236:text=enc,Epictetus,The Handbook,Epict. Ench.,
none,urn:cts:greekLit:tlg0557.tlg002.perseus-eng2,none,English,Perseus:text:1999.01.0237:text=enc,Epictetus,The Handbook,Epict. Ench.,
none,urn:cts:greekLit:tlg0557.tlg002.perseus-grc1,none,Greek,Perseus:text:1999.01.0235:text=enc,Epictetus,Enchiridion,Epict. Ench.,
none,urn:cts:greekLit:tlg0557.tlg003.perseus-eng1,none,English,Perseus:text:1999.01.0236:text=frag,Epictetus,Fragments,Epict. Fr.,
none,urn:cts:greekLit:tlg0557.tlg003.perseus-eng2,none,English,Perseus:text:1999.01.0237:text=frag,Epictetus,Fragments,Epict. Fr.,
none,urn:cts:greekLit:tlg0557.tlg003.perseus-grc1,none,Greek,Perseus:text:1999.01.0235:text=frag,Epictetus,Fragments,Epict. Fr.,
none,urn:cts:greekLit:tlg0560.tlg001.perseus-grc1,Longin.,Greek,Perseus:text:2008.01.0639,Longinus,De Sublimitate,"[Longinus], Subl.",
none,urn:cts:greekLit:tlg0561.tlg001.perseus-grc1,Longus,Greek,Perseus:text:2008.01.0642,Longus,Daphnis and Chloe,"Longus, Daph. Chl; Daph. Chl.",
none,urn:cts:greekLit:tlg0562.tlg001.perseus-grc1,Aur.,Greek,Perseus:text:2008.01.0641,Marcus Aurelius,M. Antonius Imperator Ad Se Ipsum,M. Aur. Med.; M. Ant.,
none,urn:cts:greekLit:tlg0612.tlg001.perseus-grc1,D.Chr.,Greek,Perseus:text:2008.01.0567,Dio Chrysostom,Orationes,D.Chr.,
none,urn:cts:greekLit:tlg0613.tlg001.perseus-grc1,none,Greek,Perseus:text:2008.01.0630,Demetrius,Libro de Elocutione,Demetr. Eloc.,
"Perseus:abo:tlg,0627,001",urn:cts:greekLit:tlg0627.tlg001.perseus-eng1,Hp. VM,English,Perseus:text:1999.01.0248:text=VM,Hippocrates,De prisca medicina,Hippoc. VM,
"Perseus:abo:tlg,0627,001",urn:cts:greekLit:tlg0627.tlg001.perseus-eng2,Hp. VM,English,Perseus:text:1999.01.0251:text=VM,Hippocrates,De prisca medicina,Hippoc. VM,
"Perseus:abo:tlg,0627,001",urn:cts:greekLit:tlg0627.tlg001.perseus-grc1,Hp. VM,Greek,Perseus:text:1999.01.0249:text=VM,Hippocrates,De prisca medicina,Hippoc. VM,
"Perseus:abo:tlg,0627,002",urn:cts:greekLit:tlg0627.tlg002.perseus-eng1,Hp. Aer.,English,Perseus:text:1999.01.0248:text=Aer.,Hippocrates,"De aere, aquis, locis",Hippoc. Aer.,
"Perseus:abo:tlg,0627,002",urn:cts:greekLit:tlg0627.tlg002.perseus-eng2,Hp. Aer.,English,Perseus:text:1999.01.0251:text=Aer.,Hippocrates,"De aere, aquis, locis",Hippoc. Aer.,
"Perseus:abo:tlg,0627,002",urn:cts:greekLit:tlg0627.tlg002.perseus-grc1,Hp. Aer.,Greek,Perseus:text:1999.01.0249:text=Aer.,Hippocrates,"De aere, aquis, locis",Hippoc. Aer.,
"Perseus:abo:tlg,0627,003",urn:cts:greekLit:tlg0627.tlg003.perseus-eng1,Hp. Prog.,English,Perseus:text:1999.01.0248:text=Prog.,Hippocrates,Prognosticon,,
"Perseus:abo:tlg,0627,003",urn:cts:greekLit:tlg0627.tlg003.perseus-grc1,Hp. Prog.,Greek,Perseus:text:1999.01.0250:text=Prog.,Hippocrates,Prognosticon,,
"Perseus:abo:tlg,0627,004",urn:cts:greekLit:tlg0627.tlg004.perseus-eng1,Hp. Acut.,English,Perseus:text:1999.01.0248:text=Acut.,Hippocrates,De diaeta in morbis acutis,Hippoc. Acut.,
"Perseus:abo:tlg,0627,004",urn:cts:greekLit:tlg0627.tlg004.perseus-grc1,Hp. Acut.,Greek,Perseus:text:1999.01.0250:text=Acut.,Hippocrates,De diaeta in morbis acutis,Hippoc. Acut.,
"Perseus:abo:tlg,0627,005",urn:cts:greekLit:tlg0627.tlg005.perseus-grc1,Hp. Acut. Sp.,Greek,Perseus:text:1999.01.0250:text=Acut. Sp.,Hippocrates,De diaeta acutorum,,
"Perseus:abo:tlg,0627,006",urn:cts:greekLit:tlg0627.tlg006.perseus-eng1,Hp. Epid.,English,Perseus:text:1999.01.0248:text=Epid.,Hippocrates,De morbis popularibus,Hp. Epid.,
"Perseus:abo:tlg,0627,006",urn:cts:greekLit:tlg0627.tlg006.perseus-eng2,Hp. Epid.,English,Perseus:text:1999.01.0251:text=Epid.,Hippocrates,De morbis popularibus,Hp. Epid.,
"Perseus:abo:tlg,0627,006",urn:cts:greekLit:tlg0627.tlg006.perseus-grc1,Hp. Epid.,Greek,Perseus:text:1999.01.0249:text=Epid.,Hippocrates,De morbis popularibus,Hp. Epid.,
"Perseus:abo:tlg,0627,007",urn:cts:greekLit:tlg0627.tlg007.perseus-eng1,Hp. VC,English,Perseus:text:1999.01.0248:text=VC,Hippocrates,De capitis vulneribus,,
"Perseus:abo:tlg,0627,007",urn:cts:greekLit:tlg0627.tlg007.perseus-grc1,Hp. VC,Greek,Perseus:text:1999.01.0250:text=VC,Hippocrates,De capitis vulneribus,,
"Perseus:abo:tlg,0627,008",urn:cts:greekLit:tlg0627.tlg008.perseus-eng1,Hp. Off.,English,Perseus:text:1999.01.0248:text=Off.,Hippocrates,De officina medici,,
"Perseus:abo:tlg,0627,008",urn:cts:greekLit:tlg0627.tlg008.perseus-grc1,Hp. Off.,Greek,Perseus:text:1999.01.0250:text=Off.,Hippocrates,De officina medici,,
"Perseus:abo:tlg,0627,009",urn:cts:greekLit:tlg0627.tlg009.perseus-eng1,Hp. Fract.,English,Perseus:text:1999.01.0248:text=Fract.,Hippocrates,De fracturis,,
"Perseus:abo:tlg,0627,009",urn:cts:greekLit:tlg0627.tlg009.perseus-grc1,Hp. Fract.,Greek,Perseus:text:1999.01.0250:text=Fract.,Hippocrates,De fracturis,,
"Perseus:abo:tlg,0627,010",urn:cts:greekLit:tlg0627.tlg010.perseus-eng1,Hp. Art.,English,Perseus:text:1999.01.0248:text=Art.,Hippocrates,De articulis,Hippoc. Art. ,
"Perseus:abo:tlg,0627,010",urn:cts:greekLit:tlg0627.tlg010.perseus-grc1,Hp. Art.,Greek,Perseus:text:1999.01.0250:text=Art.,Hippocrates,De articulis,Hippoc. Art. ,
"Perseus:abo:tlg,0627,011",urn:cts:greekLit:tlg0627.tlg011.perseus-eng1,Hp. Mochl.,English,Perseus:text:1999.01.0248:text=Mochl.,Hippocrates,Vectiarius,,
"Perseus:abo:tlg,0627,011",urn:cts:greekLit:tlg0627.tlg011.perseus-grc1,Hp. Mochl.,Greek,Perseus:text:1999.01.0250:text=Mochl.,Hippocrates,Vectiarius,,
"Perseus:abo:tlg,0627,012",urn:cts:greekLit:tlg0627.tlg012.perseus-eng1,Hp. Aph.,English,Perseus:text:1999.01.0248:text=Aph.,Hippocrates,Aphorismi,,
"Perseus:abo:tlg,0627,012",urn:cts:greekLit:tlg0627.tlg012.perseus-grc1,Hp. Aph.,Greek,Perseus:text:1999.01.0250:text=Aph.,Hippocrates,Aphorismi,,
"Perseus:abo:tlg,0627,013",urn:cts:greekLit:tlg0627.tlg013.perseus-eng1,Hp. Jusj.,English,Perseus:text:1999.01.0248:text=Jusj.,Hippocrates,Jusjurandum,,
"Perseus:abo:tlg,0627,013",urn:cts:greekLit:tlg0627.tlg013.perseus-eng2,Hp. Jusj.,English,Perseus:text:1999.01.0251:text=Jusj.,Hippocrates,Jusjurandum,,
"Perseus:abo:tlg,0627,013",urn:cts:greekLit:tlg0627.tlg013.perseus-eng3,Hp. Jusj.,English,Perseus:text:1999.01.0252,Hippocrates,Jusjurandum,,
"Perseus:abo:tlg,0627,013",urn:cts:greekLit:tlg0627.tlg013.perseus-grc1,Hp. Jusj.,Greek,Perseus:text:1999.01.0249:text=Jusj.,Hippocrates,Jusjurandum,,
"Perseus:abo:tlg,0627,014",urn:cts:greekLit:tlg0627.tlg014.perseus-eng1,Hp. Lex,English,Perseus:text:1999.01.0248:text=Lex,Hippocrates,Lex ,,
"Perseus:abo:tlg,0627,027",urn:cts:greekLit:tlg0627.tlg027.perseus-eng1,Hp. Morb. Sacr.,English,Perseus:text:1999.01.0248:text=Morb. Sacr.,Hippocrates,De morbo sacro,Hippoc. Morb. Sacr.,
"Perseus:abo:tlg,0627,027",urn:cts:greekLit:tlg0627.tlg027.perseus-grc1,Hp. Morb. Sacr.,Greek,Perseus:text:1999.01.0250:text=Morb. Sacr.,Hippocrates,De morbo sacro,Hippoc. Morb. Sacr.,
"Perseus:abo:tlg,0627,028",urn:cts:greekLit:tlg0627.tlg028.perseus-eng1,Hp. Ulc.,English,Perseus:text:1999.01.0248:text=Ulc.,Hippocrates,De ulceribus,,
"Perseus:abo:tlg,0627,028",urn:cts:greekLit:tlg0627.tlg028.perseus-grc1,Hp. Ulc.,Greek,Perseus:text:1999.01.0250:text=Ulc.,Hippocrates,De ulceribus,,
"Perseus:abo:tlg,0627,029",urn:cts:greekLit:tlg0627.tlg029.perseus-eng1,Hp. Haem.,English,Perseus:text:1999.01.0248:text=Haem.,Hippocrates,De haemorrhoidibus,,
"Perseus:abo:tlg,0627,029",urn:cts:greekLit:tlg0627.tlg029.perseus-grc1,Hp. Haem.,Greek,Perseus:text:1999.01.0250:text=Haem.,Hippocrates,De haemorrhoidibus,,
"Perseus:abo:tlg,0627,030",urn:cts:greekLit:tlg0627.tlg030.perseus-eng1,Hp. Fist.,English,Perseus:text:1999.01.0248:text=Fist.,Hippocrates,De fistulis,,
"Perseus:abo:tlg,0627,030",urn:cts:greekLit:tlg0627.tlg030.perseus-grc1,Hp. Fist.,Greek,Perseus:text:1999.01.0250:text=Fist.,Hippocrates,De fistulis,,
"Perseus:abo:tlg,0627,046",urn:cts:greekLit:tlg0627.tlg046.perseus-eng1,Hp. Alim.,English,Perseus:text:1999.01.0251:text=Alim.,Hippocrates,De alimento,,
"Perseus:abo:tlg,0627,046",urn:cts:greekLit:tlg0627.tlg046.perseus-grc1,Hp. Alim.,Greek,Perseus:text:1999.01.0249:text=Alim.,Hippocrates,De alimento,,
"Perseus:abo:tlg,0627,051",urn:cts:greekLit:tlg0627.tlg051.perseus-eng1,Hp. Praec.,English,Perseus:text:1999.01.0251:text=Praec.,Hippocrates,Praeceptiones,,
"Perseus:abo:tlg,0627,051",urn:cts:greekLit:tlg0627.tlg051.perseus-grc1,Hp. Praec.,Greek,Perseus:text:1999.01.0249:text=Praec.,Hippocrates,Praeceptiones,,
none,urn:cts:greekLit:tlg0638.tlg001.perseus-grc1,Philostr. VA,Greek,Perseus:text:2008.01.0595,Philostratus the Athenian,Vita Apollonii,,
none,urn:cts:greekLit:tlg0638.tlg003.perseus-grc1,Philostr. VS ,Greek,Perseus:text:2008.01.0596,Philostratus the Lemnian (Philostratus Major),Vitae Sophistarum,Philostr. V S ,
none,urn:cts:greekLit:tlg0638.tlg004.perseus-grc1,Philostr. Her.,Greek,Perseus:text:2008.01.0597,Philostratus the Athenian,Heroicus,,
none,urn:cts:greekLit:tlg0638.tlg005.perseus-grc1,none,Greek,Perseus:text:2008.01.0598,Philostratus the Athenian,Nero,,
none,urn:cts:greekLit:tlg0638.tlg006.perseus-grc1,Philostr. Ep.,Greek,Perseus:text:2008.01.0599,Philostratus the Athenian,Epistulae et dialexeis,,
none,urn:cts:greekLit:tlg0638.tlg007.perseus-grc1,Philostr. Gym.,Greek,Perseus:text:2008.01.0600,Philostratus the Athenian,De Gymnastica,Philostr. Gym.,
none,urn:cts:greekLit:tlg0641.tlg001,X.Eph.,Greek,Perseus:text:2008.01.0649,Xenophon,Ephesiaca,X. Eph.; Xen.Eph.,
none,urn:cts:greekLit:tlg0647.tlg001.perseus-grc1,Tryph.,Greek,Perseus:text:2008.01.0491,Tryphiodorus,The Taking of Ilios,Tryph.,
none,urn:cts:greekLit:tlg0648.tlg001.perseus-grc1,Onos.,Greek,Perseus:text:2008.01.0634,Onasander,Strategicus,Onas.,
none,urn:cts:greekLit:tlg0652.tlg001.perseus-grc1,Philostr. Jun. Im.,Greek,Perseus:text:2008.01.0602,"Philostratus, b. ca. 220",Imagines,Philostr. Imag.,
none,urn:cts:greekLit:tlg0653.tlg001.perseus-grc1,Arat.,Greek,Perseus:text:2008.01.0483,Aratus Solensis,Phaenomena,"Arat. Phaen.; Aratus, Phaen.",
none,urn:cts:greekLit:tlg0655.tlg001.perseus-grc1,Parth.,Greek,Perseus:text:2008.01.0643,Parthenius of Nicaea 1st cent. B.C,Narrationes Amatoriae,Parth. Amat. narr.; Parth.,
"Perseus:abo:tlg,0719,001",urn:cts:greekLit:tlg0719.tlg001.perseus-eng1,Aret. SA,English,Perseus:text:1999.01.0254:text=SA,Aretaeus of Cappadocia,De causis et signis acutorum morborum libri duo,,
"Perseus:abo:tlg,0719,001",urn:cts:greekLit:tlg0719.tlg001.perseus-grc1,Aret. SA,Greek,Perseus:text:1999.01.0253:text=SA,Aretaeus of Cappadocia,De causis et signis acutorum morborum libri duo,,
"Perseus:abo:tlg,0719,002",urn:cts:greekLit:tlg0719.tlg002.perseus-eng1,Aret. SD,English,Perseus:text:1999.01.0254:text=SD,Aretaeus of Cappadocia,De causis et signis diuturnorum morborum libri duo,,
"Perseus:abo:tlg,0719,002",urn:cts:greekLit:tlg0719.tlg002.perseus-grc1,Aret. SD,Greek,Perseus:text:1999.01.0253:text=SD,Aretaeus of Cappadocia,De causis et signis diuturnorum morborum libri duo,,
"Perseus:abo:tlg,0719,003",urn:cts:greekLit:tlg0719.tlg003.perseus-eng1,Aret. CA,English,Perseus:text:1999.01.0254:text=CA,Aretaeus of Cappadocia,De curatione acutorum morborum libri duo,,
"Perseus:abo:tlg,0719,003",urn:cts:greekLit:tlg0719.tlg003.perseus-grc1,Aret. CA,Greek,Perseus:text:1999.01.0253:text=CA,Aretaeus of Cappadocia,De curatione acutorum morborum libri duo,,
"Perseus:abo:tlg,0719,004",urn:cts:greekLit:tlg0719.tlg004.perseus-eng1,Aret. CD,English,Perseus:text:1999.01.0254:text=CD,Aretaeus of Cappadocia,De curatione diuturnorum morborum libri duo,,
"Perseus:abo:tlg,0719,004",urn:cts:greekLit:tlg0719.tlg004.perseus-grc1,Aret. CD,Greek,Perseus:text:1999.01.0253:text=CD,Aretaeus of Cappadocia,De curatione diuturnorum morborum libri duo,,
none,urn:cts:greekLit:tlg1216.tlg001.perseus-grc1,none,Greek,Perseus:text:2008.01.0629,Barnabas,Barnabae Epistula,Ep. Barn.,
none,urn:cts:greekLit:tlg1389.tlg001.perseus-grc1,Harp.,Greek,Perseus:text:2013.01.0002,"Harpocration, Valerius",Lexicon in decem oratores Atticos,,
none,urn:cts:greekLit:tlg1600.tlg001.perseus-grc1,Philostr. Im.,Greek,Perseus:text:2008.01.0601,"Philostratus, the Lemnian 3rd cent",Imagines,,
"Perseus:abo:tlg,1799,001",urn:cts:greekLit:tlg1799.tlg001.perseus-eng1,Euc.,English,Perseus:text:1999.01.0086,Euclid,Elements,,
"Perseus:abo:tlg,1799,001",urn:cts:greekLit:tlg1799.tlg001.perseus-grc1,Euc.,Greek,Perseus:text:1999.01.0085,Euclid,Elements,,
none,urn:cts:greekLit:tlg2003.tlg001.perseus-grc1,none,Greek,Perseus:text:2008.01.0657,Julian the Emperor,Panegyric in Honor of the Emperor Constantinus,Julian. Or. 1; Jul. Or. 1,
none,urn:cts:greekLit:tlg2003.tlg002.perseus-grc1,none,Greek,Perseus:text:2008.01.0659,Julian the Emperor,Panegyric on the Empress Eusebia,Julian. Or. 3; Jul. Or. 3,
none,urn:cts:greekLit:tlg2003.tlg003.perseus-grc1,none,Greek,Perseus:text:2008.01.0655,Julian the Emperor,"The Heroic Deeds of the Emperor Constantius, or on Kingship",Julian. Or. 2; Jul. Or. 2,
none,urn:cts:greekLit:tlg2003.tlg004.perseus-grc1,none,Greek,Perseus:text:2008.01.0658,Julian the Emperor,A Consolation to Himself Upon the Departure of the Excellent Sallust,Julian. Or. 8; Jul. Or. 8,
none,urn:cts:greekLit:tlg2003.tlg005.perseus-grc1,none,Greek,Perseus:text:2008.01.0654,Julian the Emperor,Letter to the Senate and the People of Athens,Julian. Ep. Ath.; Jul. ad Ath.,
none,urn:cts:greekLit:tlg2003.tlg006.perseus-grc1,none,Greek,Perseus:text:2008.01.0653,Julian the Emperor,Epistula ad Themistium,Julian. Ep. Them.; Jul. Ep. Them.,
none,urn:cts:greekLit:tlg2003.tlg007.perseus-grc1,none,Greek,Perseus:text:2008.01.0663,Julian the Emperor,"To the Cynic Heracleios, Oration VII",Julian. Or. 7; Jul. Or.7,
none,urn:cts:greekLit:tlg2003.tlg008.perseus-grc1,none,Greek,Perseus:text:2008.01.0656,Julian the Emperor,"Hymn to the Mother of the Gods, Oration V",Julian. Or. 5; Jul. Or. 7,
none,urn:cts:greekLit:tlg2003.tlg009.perseus-grc1,none,Greek,Perseus:text:2008.01.0662,Julian the Emperor,"To the Uneducated Cynics, Oration VI",Julian. Or. 6: Jul. Or. 6,
none,urn:cts:greekLit:tlg2003.tlg010.perseus-grc1,none,Greek,Perseus:text:2008.01.0650,Julian the Emperor,The Caesars,Julian. Caes.; Jul. Caes.,
none,urn:cts:greekLit:tlg2003.tlg011.perseus-grc1,none,Greek,Perseus:text:2008.01.0664,Julian the Emperor,"Hymn to King Helios Dedicated to Sallust, Oration IV",Julian. Or. 4; Jul. Or. 4,
none,urn:cts:greekLit:tlg2003.tlg012.perseus-grc1,none,Greek,Perseus:text:2008.01.0660,Julian the Emperor,Misopogon,Julian. Mis.; Julian. Misop.; Jul. Mis.; Iul. Mis.,
none,urn:cts:greekLit:tlg2003.tlg013.perseus-grc1,none,Greek,Perseus:text:2008.01.0652,Julian the Emperor,Epistulae,ps. Julian Ep.; Jul. Ep.; Iul. ep.,
none,urn:cts:greekLit:tlg2003.tlg017.perseus-grc1,none,Greek,Perseus:text:2008.01.0651,Julian the Emperor,Contra Galilaeos,Julian. CG; Jul. Gal.; Iul. Gal.,
none,urn:cts:greekLit:tlg2018.tlg002.perseus-grc1,none,Greek,Perseus:text:2008.01.0640,Eusebius,Historia ecclesiastica,Eus. HE; Eus. hist. eccl.,
none,urn:cts:greekLit:tlg2040.tlg002.perseus-grc1,none,Greek,Perseus:text:2008.01.0638,Basil,De legendis gentilium libris,Basil. Gent.,
none,urn:cts:greekLit:tlg2040.tlg004.perseus-grc1,none,Greek,Perseus:text:2008.01.0637,Basil,Epistulae,Basil. Ep.,
none,urn:cts:greekLit:tlg2045.tlg001.perseus-grc1,Nonn. D.,Greek,Perseus:text:2008.01.0485,Nonnus ,Dionysiaca,"Nonnus, Dion.",
none,urn:cts:greekLit:tlg2046.tlg001.perseus-grc1,Q. S.,Greek,Perseus:text:2008.01.0490,Quintus Smyrnaeus,Fall of Troy,Quint. Smyrn.,
none,urn:cts:greekLit:tlg2934.tlg066.perseus-grc1,Jo. Dam.,Greek,Perseus:text:2008.01.0666,"John, of Damascus, Saint",Vita Barlaam et Joasaph,B & I; B & J,
none,urn:cts:greekLit:tlg4029.tlg001.perseus-grc1,Procop. Pers.,Greek,Perseus:text:2008.01.0670,Procopius,de Bellis,Procop. Goth.; Procop. Vand.,
none,urn:cts:greekLit:tlg4029.tlg002.perseus-grc1,Procop. Arc.,Greek,Perseus:text:2008.01.0669,Procopius,Historia Arcana (Anecdota),,
none,urn:cts:greekLit:tlg4081.tlg001.perseus-grc1,Colluth.,Greek,Perseus:text:2008.01.0495,Colluthus,Rape of Helen,,
none,urn:cts:greekLit:tlg4091.tlg001.perseus-grc1,none,Greek,Perseus:text:2008.01.0594,Callistratus,Statuaram Descriptiones,Callistr.,
none,urn:cts:greekLit:tlg7000.tlg001.perseus-grc1,Anth. Gr.,Greek,Perseus:text:2008.01.0472,C.E. Graves,"Greek Anthology, Volume I",Anth. Gr. 1; AG 1,
none,urn:cts:greekLit:tlg7000.tlg001.perseus-grc2,Anth. Gr.,Greek,Perseus:text:2008.01.0473,C.E. Graves,"Greek Anthology, Volume II",Anth. Gr. 2; AG 2,
none,urn:cts:greekLit:tlg7000.tlg001.perseus-grc3,Anth. Gr.,Greek,Perseus:text:2008.01.0474,C.E. Graves,"Greek Anthology, Volume III",Anth. Gr. 3; AG 3,
none,urn:cts:greekLit:tlg7000.tlg001.perseus-grc4,Anth. Gr.,Greek,Perseus:text:2008.01.0475,C.E. Graves,"Greek Anthology, Volume IV",Anth. Gr. 4; AG 4,
none,urn:cts:greekLit:tlg7000.tlg001.perseus-grc5,Anth. Gr.,Greek,Perseus:text:2008.01.0476,C.E. Graves,"Greek Anthology, Volume V",Anth. Gr. 5; AG 5,
"Perseus:abo:phi,0119,001",urn:cts:latinLit:phi0119.phi001.perseus-eng1,Pl. Am.,English,Perseus:text:1999.02.0092,T. Maccius Plautus,"Amphitryon, or Jupiter in Disguise",Plaut. Am.,
"Perseus:abo:phi,0119,001",urn:cts:latinLit:phi0119.phi001.perseus-lat1,Pl. Am.,Latin,Perseus:text:1999.02.0030,T. Maccius Plautus,Amphitruo,Plaut. Am.,
"Perseus:abo:phi,0119,002",urn:cts:latinLit:phi0119.phi002.perseus-eng1,Pl. As.,English,Perseus:text:1999.02.0093,T. Maccius Plautus,"Asinaria, or The Ass-Dealer",Plaut. As.,
"Perseus:abo:phi,0119,002",urn:cts:latinLit:phi0119.phi002.perseus-lat1,Pl. As.,Latin,Perseus:text:1999.02.0031,T. Maccius Plautus,Asinaria,Plaut. As.,
"Perseus:abo:phi,0119,003",urn:cts:latinLit:phi0119.phi003.perseus-eng1,Pl. Aul.,English,Perseus:text:1999.02.0094,T. Maccius Plautus,"Aulularia, or The Concealed Treasure",Plaut. Aul.,
"Perseus:abo:phi,0119,003",urn:cts:latinLit:phi0119.phi003.perseus-lat1,Pl. Aul.,Latin,Perseus:text:1999.02.0032,T. Maccius Plautus,Aulularia,Plaut. Aul.,
"Perseus:abo:phi,0119,004",urn:cts:latinLit:phi0119.phi004.perseus-eng1,Pl. Bac.,English,Perseus:text:1999.02.0095,T. Maccius Plautus,"Bacchides, or The Twin Sisters",Plaut. Bac.,
"Perseus:abo:phi,0119,004",urn:cts:latinLit:phi0119.phi004.perseus-lat1,Pl. Bac.,Latin,Perseus:text:1999.02.0033,T. Maccius Plautus,Bacchides,Plaut. Bac.,
"Perseus:abo:phi,0119,005",urn:cts:latinLit:phi0119.phi005.perseus-eng1,Pl. Capt.,English,Perseus:text:1999.02.0096,T. Maccius Plautus,Captivi: The Captives,Plaut. Capt.,
"Perseus:abo:phi,0119,005",urn:cts:latinLit:phi0119.phi005.perseus-lat1,Pl. Capt.,Latin,Perseus:text:1999.02.0034,T. Maccius Plautus,Captivi,Plaut. Capt.,
"Perseus:abo:phi,0119,006",urn:cts:latinLit:phi0119.phi006.perseus-eng1,Pl. Cas.,English,Perseus:text:1999.02.0097,T. Maccius Plautus,"Casina, or The Stratagem Defeated",Plaut. Cas.,
"Perseus:abo:phi,0119,006",urn:cts:latinLit:phi0119.phi006.perseus-lat1,Pl. Cas.,Latin,Perseus:text:1999.02.0035,T. Maccius Plautus,Casina,Plaut. Cas.,
"Perseus:abo:phi,0119,007",urn:cts:latinLit:phi0119.phi007.perseus-eng1,Pl. Cist.,English,Perseus:text:1999.02.0098,T. Maccius Plautus,"Cistellaria, or The Casket",Plaut. Cist.,
"Perseus:abo:phi,0119,007",urn:cts:latinLit:phi0119.phi007.perseus-lat1,Pl. Cist.,Latin,Perseus:text:1999.02.0036,T. Maccius Plautus,Cistellaria,Plaut. Cist.,
"Perseus:abo:phi,0119,008",urn:cts:latinLit:phi0119.phi008.perseus-eng1,Pl. Cur.,English,Perseus:text:1999.02.0099,T. Maccius Plautus,"Curculio, or The Forgery",Plaut. Cur.,
"Perseus:abo:phi,0119,008",urn:cts:latinLit:phi0119.phi008.perseus-lat1,Pl. Cur.,Latin,Perseus:text:1999.02.0037,T. Maccius Plautus,Curculio,Plaut. Cur.,
"Perseus:abo:phi,0119,009",urn:cts:latinLit:phi0119.phi009.perseus-eng1,Pl. Epid.,English,Perseus:text:1999.02.0100,T. Maccius Plautus,"Epidicus, or The Fortunate Discovert",Plaut. Epid.,
"Perseus:abo:phi,0119,009",urn:cts:latinLit:phi0119.phi009.perseus-lat1,Pl. Epid.,Latin,Perseus:text:1999.02.0038,T. Maccius Plautus,Epidicus,Plaut. Epid.,
"Perseus:abo:phi,0119,010",urn:cts:latinLit:phi0119.phi010.perseus-eng1,Pl. Men.,English,Perseus:text:1999.02.0101,T. Maccius Plautus,"Menaechmi, or The Twin Brothers",Plaut. Men.,
"Perseus:abo:phi,0119,010",urn:cts:latinLit:phi0119.phi010.perseus-lat1,Pl. Men.,Latin,Perseus:text:1999.02.0039,T. Maccius Plautus,Menaechmi,Plaut. Men.,
"Perseus:abo:phi,0119,011",urn:cts:latinLit:phi0119.phi011.perseus-eng1,Pl. Mer.,English,Perseus:text:1999.02.0102,T. Maccius Plautus,"Mercator, or The Merchant",Plaut. Mer.,
"Perseus:abo:phi,0119,011",urn:cts:latinLit:phi0119.phi011.perseus-lat1,Pl. Mer.,Latin,Perseus:text:1999.02.0040,T. Maccius Plautus,Mercator,Plaut. Mer.,
"Perseus:abo:phi,0119,012",urn:cts:latinLit:phi0119.phi012.perseus-eng1,Pl. Mil.,English,Perseus:text:1999.02.0103,T. Maccius Plautus,"Miles Gloriosus, or The Braggart Captain",Plaut. Mil.,
"Perseus:abo:phi,0119,012",urn:cts:latinLit:phi0119.phi012.perseus-lat1,Pl. Mil.,Latin,Perseus:text:1999.02.0041,T. Maccius Plautus,Miles Gloriosus,Plaut. Mil.,
"Perseus:abo:phi,0119,013",urn:cts:latinLit:phi0119.phi013.perseus-eng1,Pl. Mos.,English,Perseus:text:1999.02.0104,T. Maccius Plautus,"Mostellaria, or The Haunted House",Plaut. Mos.; Plaut. Mostell.,
"Perseus:abo:phi,0119,013",urn:cts:latinLit:phi0119.phi013.perseus-lat1,Pl. Mos.,Latin,Perseus:text:1999.02.0042,T. Maccius Plautus,Mostellaria,Plaut. Mos.,
"Perseus:abo:phi,0119,014",urn:cts:latinLit:phi0119.phi014.perseus-eng1,Pl. Per.,English,Perseus:text:1999.02.0105,T. Maccius Plautus,"Persa, or The Persian",Plaut. Per.,
"Perseus:abo:phi,0119,014",urn:cts:latinLit:phi0119.phi014.perseus-lat1,Pl. Per.,Latin,Perseus:text:1999.02.0043,T. Maccius Plautus,Persa,Plaut. Per.,
"Perseus:abo:phi,0119,015",urn:cts:latinLit:phi0119.phi015.perseus-eng1,Pl. Poen.,English,Perseus:text:1999.02.0106,T. Maccius Plautus,"Poenulus, or The Young Carthaginian",Plaut. Poen.,
"Perseus:abo:phi,0119,015",urn:cts:latinLit:phi0119.phi015.perseus-lat1,Pl. Poen.,Latin,Perseus:text:1999.02.0044,T. Maccius Plautus,Poenulus,Plaut. Poen.,
"Perseus:abo:phi,0119,016",urn:cts:latinLit:phi0119.phi016.perseus-eng1,Pl. Ps.,English,Perseus:text:1999.02.0107,T. Maccius Plautus,"Pseudolus, or The Cheat",Plaut. Ps.; Plaut. Pseud.,
"Perseus:abo:phi,0119,016",urn:cts:latinLit:phi0119.phi016.perseus-lat1,Pl. Ps.,Latin,Perseus:text:1999.02.0045,T. Maccius Plautus,Pseudolus,Plaut. Ps.; Plaut. Pseud.,
"Perseus:abo:phi,0119,017",urn:cts:latinLit:phi0119.phi017.perseus-eng1,Pl. Rud.,English,Perseus:text:1999.02.0108,T. Maccius Plautus,"Rudens, or The Fisherman&apos;s Rope",Plaut. Rud.,
"Perseus:abo:phi,0119,017",urn:cts:latinLit:phi0119.phi017.perseus-lat1,Pl. Rud.,Latin,Perseus:text:1999.02.0046,T. Maccius Plautus,Rudens,Plaut. Rud.,
"Perseus:abo:phi,0119,018",urn:cts:latinLit:phi0119.phi018.perseus-eng1,Pl. St.,English,Perseus:text:1999.02.0109,T. Maccius Plautus,"Stichus, or The Parasite Rebuffed",Plaut. St.; Plaut. Stich.,
"Perseus:abo:phi,0119,018",urn:cts:latinLit:phi0119.phi018.perseus-lat1,Pl. St.,Latin,Perseus:text:1999.02.0047,T. Maccius Plautus,Stichus,Plaut. St.; Plaut. Stich.,
"Perseus:abo:phi,0119,019",urn:cts:latinLit:phi0119.phi019.perseus-eng1,Pl. Trin.,English,Perseus:text:1999.02.0110,T. Maccius Plautus,Trinummus: The Three Pieces of Money,Plaut. Trin.,
"Perseus:abo:phi,0119,019",urn:cts:latinLit:phi0119.phi019.perseus-lat1,Pl. Trin.,Latin,Perseus:text:1999.02.0048,T. Maccius Plautus,Trinummus,Plaut. Trin.,
"Perseus:abo:phi,0119,020",urn:cts:latinLit:phi0119.phi020.perseus-eng1,Pl. Truc.,English,Perseus:text:1999.02.0111,T. Maccius Plautus,"Truculentus, or The Churl",Plaut. Truc.,
"Perseus:abo:phi,0119,020",urn:cts:latinLit:phi0119.phi020.perseus-lat1,Pl. Truc.,Latin,Perseus:text:1999.02.0049,T. Maccius Plautus,Truculentus,Plaut. Truc.,
"Perseus:abo:phi,0134,001",urn:cts:latinLit:phi0134.phi001.perseus-eng1,Ter. An.,English,Perseus:text:1999.02.0113,P. Terentius Afer (Terence),Andria: The Fair Andrian,Ter. Andr.,
"Perseus:abo:phi,0134,001",urn:cts:latinLit:phi0134.phi001.perseus-lat1,Ter. An.,Latin,Perseus:text:1999.02.0087,P. Terentius Afer (Terence),Andria,Ter. Andr.,
"Perseus:abo:phi,0134,002",urn:cts:latinLit:phi0134.phi002.perseus-eng1,Ter. Hau.,English,Perseus:text:1999.02.0115,P. Terentius Afer (Terence),Heautontimorumenos: The Self-Tormenter,Ter. Haut.,
"Perseus:abo:phi,0134,002",urn:cts:latinLit:phi0134.phi002.perseus-lat1,Ter. Hau.,Latin,Perseus:text:1999.02.0089,P. Terentius Afer (Terence),Heautontimorumenos,Ter. Haut.,
"Perseus:abo:phi,0134,003",urn:cts:latinLit:phi0134.phi003.perseus-eng1,Ter. Eu.,English,Perseus:text:1999.02.0114,P. Terentius Afer (Terence),The Eunuch,Ter. Eun.,
"Perseus:abo:phi,0134,003",urn:cts:latinLit:phi0134.phi003.perseus-lat1,Ter. Eu.,Latin,Perseus:text:1999.02.0088,P. Terentius Afer (Terence),Eunuchus,Ter. Eun.,
"Perseus:abo:phi,0134,004",urn:cts:latinLit:phi0134.phi004.perseus-eng1,Ter. Ph.,English,Perseus:text:1999.02.0117,Tertullian,"Phormio, or The Scheming Parasite",Ter. Phorm.,
"Perseus:abo:phi,0134,004",urn:cts:latinLit:phi0134.phi004.perseus-lat1,Ter. Ph.,Latin,Perseus:text:1999.02.0091,P. Terentius Afer (Terence),Phormio,Ter. Phorm.,
"Perseus:abo:phi,0134,005",urn:cts:latinLit:phi0134.phi005.perseus-eng1,Ter. Hec.,English,Perseus:text:1999.02.0116,P. Terentius Afer (Terence),Hecyra: The Mother-In-Law,,
"Perseus:abo:phi,0134,005",urn:cts:latinLit:phi0134.phi005.perseus-lat1,Ter. Hec.,Latin,Perseus:text:1999.02.0090,P. Terentius Afer (Terence),Hecyra,,
"Perseus:abo:phi,0134,006",urn:cts:latinLit:phi0134.phi006.perseus-eng1,Ter. Ad.,English,Perseus:text:1999.02.0112,P. Terentius Afer (Terence),Adelphi: The Brothers,,
"Perseus:abo:phi,0134,006",urn:cts:latinLit:phi0134.phi006.perseus-lat1,Ter. Ad.,Latin,Perseus:text:1999.02.0086,P. Terentius Afer (Terence),Adelphi,,
"Perseus:abo:phi,0448,001",urn:cts:latinLit:phi0448.phi001.perseus-eng1,Caes. Gal.,English,Perseus:text:1999.02.0001,C. Julius Caesar,Gallic War,Caes. B.G.; B.G.; Caes. BGall.; Gall.,
"Perseus:abo:phi,0448,001",urn:cts:latinLit:phi0448.phi001.perseus-lat1,Caes. Gal.,Latin,Perseus:text:1999.02.0002,C. Julius Caesar,De bello Gallico,Caes. B.G.; B.G.; Caes. BGall.; Gall.,
"Perseus:abo:phi,0448,002",urn:cts:latinLit:phi0448.phi002.perseus-eng1,Caes. Civ.,English,Perseus:text:1999.02.0076,C. Julius Caesar,Commentaries on the Civil War,Caes. B.C.; B.C.; Caes. BCiv.; Civ.,
"Perseus:abo:phi,0448,002",urn:cts:latinLit:phi0448.phi002.perseus-lat1,Caes. Civ.,Latin,Perseus:text:1999.02.0075,C. Julius Caesar,De Bello Civili,Caes. B.C.; B.C.; Caes. BCiv.; Civ.,
"Perseus:abo:phi,0472,001",urn:cts:latinLit:phi0472.phi001.perseus-eng1,Catul.,English,Perseus:text:1999.02.0005,C. Valerius Catullus,Carmina,Cat.; Catull.,
"Perseus:abo:phi,0472,001",urn:cts:latinLit:phi0472.phi001.perseus-eng2,Catul.,English,Perseus:text:1999.02.0006,C. Valerius Catullus,Carmina,Cat.; Catull.,
"Perseus:abo:phi,0472,001",urn:cts:latinLit:phi0472.phi001.perseus-lat1,Catul.,Latin,Perseus:text:1999.02.0003,C. Valerius Catullus,Carmina,Cat.; Catull.,
"Perseus:abo:phi,0474,001",urn:cts:latinLit:phi0474.phi001.perseus-eng1,Cic. Quinct.,English,Perseus:text:1999.02.0018:text=Quinct.,M. Tullius Cicero,FOr Publius Quintus,Cic. Quint. ; C. Quinct. ; C. Quint.,
"Perseus:abo:phi,0474,001",urn:cts:latinLit:phi0474.phi001.perseus-lat1,Cic. Quinct.,Latin,Perseus:text:1999.02.0013:text=Quinct.,M. Tullius Cicero,Pro P. Quinctio,Cic. Quint. ; C. Quinct. ; C. Quint.,
"Perseus:abo:phi,0474,002",urn:cts:latinLit:phi0474.phi002.perseus-eng1,Cic. S. Rosc.,English,Perseus:text:1999.02.0018:text=S. Rosc.,M. Tullius Cicero,For Sextus Roscius of Ameria,Cic. Rosc. Am.; C. S. Rosc. ; C. Rosc. Am.,
"Perseus:abo:phi,0474,002",urn:cts:latinLit:phi0474.phi002.perseus-lat1,Cic. S. Rosc.,Latin,Perseus:text:1999.02.0010:text=S. Rosc.,M. Tullius Cicero,Pro S. Roscio Amerino,Cic. Rosc. Am.; C. S. Rosc. ; C. Rosc. Am.,
"Perseus:abo:phi,0474,003",urn:cts:latinLit:phi0474.phi003.perseus-eng1,Cic. Q. Rosc.,English,Perseus:text:1999.02.0018:text=Q. Rosc.,M. Tullius Cicero,For Quintus Roscius the Actor,Cic. QRosc.; C. Q. Rosc.; Cic. Rosc. Com. ; C. Rosc. Com.,
"Perseus:abo:phi,0474,003",urn:cts:latinLit:phi0474.phi003.perseus-lat1,Cic. Q. Rosc.,Latin,Perseus:text:1999.02.0013:text=Q. Rosc.,M. Tullius Cicero,Pro Q. Roscio Comoedo,Cic. QRosc.; C. Q. Rosc.; Cic. Rosc. Com. ; C. Rosc. Com.,
"Perseus:abo:phi,0474,004",urn:cts:latinLit:phi0474.phi004.perseus-eng1,Cic. Div. Caec.,English,Perseus:text:1999.02.0018:text=Div. Caec.,M. Tullius Cicero,Divinatio against Q. Caecilius,Cic. Div.; C. Div. Caec.; Cic. Div. in Caecil. ; C. Div. in Caecil.; Cic. Caecil.,
"Perseus:abo:phi,0474,004",urn:cts:latinLit:phi0474.phi004.perseus-lat1,Cic. Div. Caec.,Latin,Perseus:text:1999.02.0012:text=Div. Caec.,M. Tullius Cicero,Divinatio in Q. Caecilium,Cic. Div.; C. Div. Caec.; Cic. Div. in Caecil. ; C. Div. in Caecil.; Cic. Caecil.,
"Perseus:abo:phi,0474,005",urn:cts:latinLit:phi0474.phi005.perseus-eng1,Cic. Ver.,English,Perseus:text:1999.02.0018:text=Ver.,M. Tullius Cicero,Against Verres,Cic. Verr.; C. Ver.; C. Verr.,
"Perseus:abo:phi,0474,005",urn:cts:latinLit:phi0474.phi005.perseus-lat1,Cic. Ver.,Latin,Perseus:text:1999.02.0012:text=Ver.,M. Tullius Cicero,In C. Verrem,Cic. Verr.; C. Ver.; C. Verr.,
"Perseus:abo:phi,0474,006",urn:cts:latinLit:phi0474.phi006.perseus-eng1,Cic. Tul.,English,Perseus:text:1999.02.0019:text=Tul.,M. Tullius Cicero,For Marcus Tullius,Cic. Tull.; C. Tul.,
"Perseus:abo:phi,0474,006",urn:cts:latinLit:phi0474.phi006.perseus-lat1,Cic. Tul.,Latin,Perseus:text:1999.02.0015:text=Tul.,M. Tullius Cicero,Pro M. Tullio,Cic. Tull.; C. Tull.,
"Perseus:abo:phi,0474,007",urn:cts:latinLit:phi0474.phi007.perseus-eng1,Cic. Font.,English,Perseus:text:1999.02.0019:text=Font.,M. Tullius Cicero,For Marcus Fonteius,C. Font. ;  Cic. Fontei. ;  C. Fontei.,
"Perseus:abo:phi,0474,007",urn:cts:latinLit:phi0474.phi007.perseus-lat1,Cic. Font.,Latin,Perseus:text:1999.02.0015:text=Font.,M. Tullius Cicero,Pro Fonteio,C. Font. ;  Cic. Fontei. ;  C. Fontei.,
"Perseus:abo:phi,0474,008",urn:cts:latinLit:phi0474.phi008.perseus-eng1,Cic. Caec.,English,Perseus:text:1999.02.0019:text=Caec.,M. Tullius Cicero,For Aulus Caecina,Cic. Caecin.; C. Caec..; C. Caecin.,
"Perseus:abo:phi,0474,008",urn:cts:latinLit:phi0474.phi008.perseus-lat1,Cic. Caec.,Latin,Perseus:text:1999.02.0013:text=Caec.,M. Tullius Cicero,Pro A. Caecina,Cic. Caecin.; C. Caec..; C. Caecin.,
"Perseus:abo:phi,0474,009",urn:cts:latinLit:phi0474.phi009.perseus-eng1,Cic. Man.,English,Perseus:text:1999.02.0019:text=Man.,M. Tullius Cicero,On Pompey's Command,Cic. Leg. Man.; C. Man.; Cic. Imp. Pomp. ; C. Imp. Pomp. ; Cic. Manil. ; C. Manil. ; Cic. Manil.                ,
"Perseus:abo:phi,0474,009",urn:cts:latinLit:phi0474.phi009.perseus-lat1,Cic. Man.,Latin,Perseus:text:1999.02.0010:text=Man.,M. Tullius Cicero,De Imperio Cn. Pompei Ad Quirites,Cic. Leg. Man.; C. Man.; Cic. Imp. Pomp. ; C. Imp. Pomp. ; Cic. Manil. ; C. Manil. ; Cic. Manil.                ,
"Perseus:abo:phi,0474,010",urn:cts:latinLit:phi0474.phi010.perseus-eng1,Cic. Clu.,English,Perseus:text:1999.02.0019:text=Clu.,M. Tullius Cicero,For Aulus Cluentius,C. Clu.,
"Perseus:abo:phi,0474,010",urn:cts:latinLit:phi0474.phi010.perseus-lat1,Cic. Clu.,Latin,Perseus:text:1999.02.0010:text=Clu.,M. Tullius Cicero,Pro A. Cluentio,C. Clu.,
"Perseus:abo:phi,0474,011",urn:cts:latinLit:phi0474.phi011.perseus-eng1,Cic. Agr.,English,Perseus:text:1999.02.0019:text=Agr.,M. Tullius Cicero,On the Agrarian Law,Cic. Leg. agr.; C. Agr.,
"Perseus:abo:phi,0474,011",urn:cts:latinLit:phi0474.phi011.perseus-lat1,Cic. Agr.,Latin,Perseus:text:1999.02.0013:text=Agr.,M. Tullius Cicero,De Lege Agraria,Cic. Leg. agr.; C. Agr.,
"Perseus:abo:phi,0474,012",urn:cts:latinLit:phi0474.phi012.perseus-eng1,Cic. Rab. Perd.,English,Perseus:text:1999.02.0019:text=Rab. Perd.,M. Tullius Cicero,For C. Rabirius,Cic. Rab. Post.; C. Rab. Perd.,
"Perseus:abo:phi,0474,012",urn:cts:latinLit:phi0474.phi012.perseus-eng2,Cic. Rab. Perd.,English,Perseus:text:1999.02.0023,M. Tullius Cicero,"Speech before Roman Citizens on Behalf of Gaius Rabirius, Defendant Against the Charge of Treason",Cic. Rab. Post.; C. Rab. Perd.,
"Perseus:abo:phi,0474,012",urn:cts:latinLit:phi0474.phi012.perseus-lat1,Cic. Rab. Perd.,Latin,Perseus:text:1999.02.0013:text=Rab. Perd.,M. Tullius Cicero,Pro Rabirio Perduellionis Reo Ad Quirites,Cic. Rab. Post.; C. Rab. Perd.,
"Perseus:abo:phi,0474,013",urn:cts:latinLit:phi0474.phi013.perseus-eng1,Cic.Catil.,Latin,Perseus:text:1999.02.0019:text=Catil.,M. Tullius Cicero,Against L. Catiline,Cic. Cat.; C.Catil.,
"Perseus:abo:phi,0474,013",urn:cts:latinLit:phi0474.phi013.perseus-lat1,Cic.Catil.,Latin,Perseus:text:1999.02.0010:text=Catil.,M. Tullius Cicero,In L. Catilinam,Cic. Cat.; C.Catil.,
"Perseus:abo:phi,0474,014",urn:cts:latinLit:phi0474.phi014.perseus-eng1,Cic. Mur.,Latin,Perseus:text:1999.02.0019:text=Mur.,M. Tullius Cicero,For L. Murena,C. Mur.,
"Perseus:abo:phi,0474,014",urn:cts:latinLit:phi0474.phi014.perseus-lat1,Cic. Mur.,Latin,Perseus:text:1999.02.0010:text=Mur.,M. Tullius Cicero,Pro L. Murena,C. Mur.,
"Perseus:abo:phi,0474,015",urn:cts:latinLit:phi0474.phi015.perseus-eng1,Cic. Sul.,Latin,Perseus:text:1999.02.0019:text=Sul.,M. Tullius Cicero,For P. Sulla,Cic. Sull.; C. Sul.,
"Perseus:abo:phi,0474,015",urn:cts:latinLit:phi0474.phi015.perseus-lat1,Cic. Sul.,Latin,Perseus:text:1999.02.0015:text=Sul.,M. Tullius Cicero,Pro P. Sulla,Cic. Sull.; C. Sul.,
"Perseus:abo:phi,0474,016",urn:cts:latinLit:phi0474.phi016.perseus-eng1,Cic. Arch.,Latin,Perseus:text:1999.02.0019:text=Arch.,M. Tullius Cicero,For A.L. Archias,C. Arch.,
"Perseus:abo:phi,0474,016",urn:cts:latinLit:phi0474.phi016.perseus-lat1,Cic. Arch.,Latin,Perseus:text:1999.02.0015:text=Arch.,M. Tullius Cicero,Pro Archia Poeta,C. Arch.,
"Perseus:abo:phi,0474,017",urn:cts:latinLit:phi0474.phi017.perseus-eng1,Cic. Flac.,Latin,Perseus:text:1999.02.0019:text=Flac.,M. Tullius Cicero,For L. Flaccus,Cic. Flacc.; C. Flac.; Cic. Fl.; C. Fl.,
"Perseus:abo:phi,0474,017",urn:cts:latinLit:phi0474.phi017.perseus-lat1,Cic. Flac.,Latin,Perseus:text:1999.02.0013:text=Flac.,M. Tullius Cicero,Pro L. Flacco,Cic. Flacc.; C. Flac.; Cic. Fl.; C. Fl.,
"Perseus:abo:phi,0474,018",urn:cts:latinLit:phi0474.phi018.perseus-eng1,Cic. Red. Pop.,Latin,Perseus:text:1999.02.0019:text=Red. Pop.,M. Tullius Cicero,To the Citizens After his Return,C. Red. Pop.; Cic. Red. Quir.; C. Red. Quir.,
"Perseus:abo:phi,0474,018",urn:cts:latinLit:phi0474.phi018.perseus-lat1,Cic. Red. Pop.,Latin,Perseus:text:1999.02.0014:text=Red. Pop.,M. Tullius Cicero,Cum populo gratias egit,C. Red. Pop.; Cic. Red. Quir.; C. Red. Quir.,
"Perseus:abo:phi,0474,019",urn:cts:latinLit:phi0474.phi019.perseus-eng1,Cic. Red. Sen.,Latin,Perseus:text:1999.02.0019:text=Red. Sen.,M. Tullius Cicero,In the Senate after his Return,C. Red. Sen.; Cic. Red. in Sen. ; C. Red. in Sen.,
"Perseus:abo:phi,0474,019",urn:cts:latinLit:phi0474.phi019.perseus-lat1,Cic. Red. Sen.,Latin,Perseus:text:1999.02.0014:text=Red. Sen.,M. Tullius Cicero,Cum Senatui gratias egit,C. Red. Sen.; Cic. Red. in Sen. ; C. Red. in Sen.,
"Perseus:abo:phi,0474,020",urn:cts:latinLit:phi0474.phi020.perseus-eng1,Cic. Dom.,Latin,Perseus:text:1999.02.0020:text=Dom.,M. Tullius Cicero,On his house,C. Dom.,
"Perseus:abo:phi,0474,020",urn:cts:latinLit:phi0474.phi020.perseus-lat1,Cic. Dom.,Latin,Perseus:text:1999.02.0014:text=Dom.,M. Tullius Cicero,De domo sua ad pontifices ,C. Dom.,
"Perseus:abo:phi,0474,021",urn:cts:latinLit:phi0474.phi021.perseus-eng1,Cic. Har.,Latin,Perseus:text:1999.02.0020:text=Har.,M. Tullius Cicero,On the Responses of the Haruspices,Cic. Har. resp.; C. Har. ; C. Har. Resp.,
"Perseus:abo:phi,0474,021",urn:cts:latinLit:phi0474.phi021.perseus-lat1,Cic. Har.,Latin,Perseus:text:1999.02.0014:text=Har.,M. Tullius Cicero,De haruspicum responso in P. Clodium,Cic. Har. resp.; C. Har. ; C. Har. Resp.,
"Perseus:abo:phi,0474,022",urn:cts:latinLit:phi0474.phi022.perseus-eng1,Cic. Sest.,Latin,Perseus:text:1999.02.0020:text=Sest.,M. Tullius Cicero,For Sestius,C. Sest. ; Cic. Sext. ; C. Sext.,
"Perseus:abo:phi,0474,022",urn:cts:latinLit:phi0474.phi022.perseus-lat1,Cic. Sest.,Latin,Perseus:text:1999.02.0014:text=Sest.,M. Tullius Cicero,Pro P. Sestio,C. Sest. ; Cic. Sext. ; C. Sext.,
"Perseus:abo:phi,0474,023",urn:cts:latinLit:phi0474.phi023.perseus-eng1,Cic. Vat.,Latin,Perseus:text:1999.02.0020:text=Vat.,M. Tullius Cicero,Against Vatinius,C. Vat.; Cic. Vatin. ; C. Vatin.,
"Perseus:abo:phi,0474,023",urn:cts:latinLit:phi0474.phi023.perseus-lat1,Cic. Vat.,Latin,Perseus:text:1999.02.0014:text=Vat.,M. Tullius Cicero,In P. Vatinium testem interrogatio,C. Vat.; Cic. Vatin. ; C. Vatin.,
"Perseus:abo:phi,0474,024",urn:cts:latinLit:phi0474.phi024.perseus-eng1,Cic. Cael.,Latin,Perseus:text:1999.02.0020:text=Cael.,M. Tullius Cicero,For Marcus Caelius,C. Cael.,
"Perseus:abo:phi,0474,024",urn:cts:latinLit:phi0474.phi024.perseus-lat1,Cic. Cael.,Latin,Perseus:text:1999.02.0010:text=Cael.,M. Tullius Cicero,Pro M. Caelio,C. Cael.,
"Perseus:abo:phi,0474,025",urn:cts:latinLit:phi0474.phi025.perseus-eng1,Cic. Prov.,Latin,Perseus:text:1999.02.0020:text=Prov.,M. Tullius Cicero,On the Consular Provinces,Cic. Prov. cons.; C. Prov. Cons.,
"Perseus:abo:phi,0474,025",urn:cts:latinLit:phi0474.phi025.perseus-lat1,Cic. Prov.,Latin,Perseus:text:1999.02.0014:text=Prov.,M. Tullius Cicero,De provinciis consularibus,Cic. Prov. cons.; C. Prov. Cons.,
"Perseus:abo:phi,0474,026",urn:cts:latinLit:phi0474.phi026.perseus-eng1,Cic. Balb.,Latin,Perseus:text:1999.02.0020:text=Balb.,M. Tullius Cicero,For Cornelius Balbus,Cic. Corn.; C. Balb.,
"Perseus:abo:phi,0474,026",urn:cts:latinLit:phi0474.phi026.perseus-lat1,Cic. Balb.,Latin,Perseus:text:1999.02.0014:text=Balb.,M. Tullius Cicero,Pro L. Cornelio Balbo,Cic. Corn.; C. Balb.,
"Perseus:abo:phi,0474,027",urn:cts:latinLit:phi0474.phi027.perseus-eng1,Cic. Pis.,Latin,Perseus:text:1999.02.0020:text=Pis.,M. Tullius Cicero,Against Piso,C. Pis.; Cic. Pison.; C. Pison.,
"Perseus:abo:phi,0474,027",urn:cts:latinLit:phi0474.phi027.perseus-lat1,Cic. Pis.,Latin,Perseus:text:1999.02.0013:text=Pis.,M. Tullius Cicero,In L. Calpurnium Pisonem,C. Pis.; Cic. Pison.; C. Pison.,
"Perseus:abo:phi,0474,028",urn:cts:latinLit:phi0474.phi028.perseus-eng1,Cic. Planc.,Latin,Perseus:text:1999.02.0020:text=Planc.,M. Tullius Cicero,For Plancius,C. Planc.,
"Perseus:abo:phi,0474,028",urn:cts:latinLit:phi0474.phi028.perseus-lat1,Cic. Planc.,Latin,Perseus:text:1999.02.0015:text=Planc.,M. Tullius Cicero,Pro Cn. Plancio,C. Planc.,
"Perseus:abo:phi,0474,029",urn:cts:latinLit:phi0474.phi029.perseus-eng1,Cic. Scaur.,Latin,Perseus:text:1999.02.0019:text=Scaur.,M. Tullius Cicero,For Aemilius Scaurus,C. Scaur.; Cic. Aem. Scaur. ; C. Aem. Scaur ,
"Perseus:abo:phi,0474,029",urn:cts:latinLit:phi0474.phi029.perseus-lat1,Cic. Scaur.,Latin,Perseus:text:1999.02.0015:text=Scaur.,M. Tullius Cicero,Pro M. Scauro,C. Scaur.; Cic. Aem. Scaur. ; C. Aem. Scaur ,
"Perseus:abo:phi,0474,030",urn:cts:latinLit:phi0474.phi030.perseus-eng1,Cic. Rab. Post.,Latin,Perseus:text:1999.02.0020:text=Rab. Post.,M. Tullius Cicero,For Rabirius Postumus,C. Rab. Post.,
"Perseus:abo:phi,0474,030",urn:cts:latinLit:phi0474.phi030.perseus-lat1,Cic. Rab. Post.,Latin,Perseus:text:1999.02.0013:text=Rab. Post.,M. Tullius Cicero,Pro C. Rabirio Postumo,C. Rab. Post.,
"Perseus:abo:phi,0474,031",urn:cts:latinLit:phi0474.phi031.perseus-eng1,Cic. Mil.,Latin,Perseus:text:1999.02.0020:text=Mil.,M. Tullius Cicero,For Milo,C. Mil.,
"Perseus:abo:phi,0474,031",urn:cts:latinLit:phi0474.phi031.perseus-lat1,Cic. Mil.,Latin,Perseus:text:1999.02.0011:text=Mil.,M. Tullius Cicero,Pro T. Annio Milone,C. Mil.,
"Perseus:abo:phi,0474,032",urn:cts:latinLit:phi0474.phi032.perseus-eng1,Cic. Marc.,Latin,Perseus:text:1999.02.0020:text=Marc.,M. Tullius Cicero,For Marcellus,Cic. Marcell.; C. Marc.; C. Marcell.,
"Perseus:abo:phi,0474,032",urn:cts:latinLit:phi0474.phi032.perseus-lat1,Cic. Marc.,Latin,Perseus:text:1999.02.0011:text=Marc.,M. Tullius Cicero,Pro M. Marcello,Cic. Marcell.; C. Marc.; C. Marcell.,
"Perseus:abo:phi,0474,033",urn:cts:latinLit:phi0474.phi033.perseus-eng1,Cic. Lig.,Latin,Perseus:text:1999.02.0020:text=Lig.,M. Tullius Cicero,For Ligarius,C. Lig.,
"Perseus:abo:phi,0474,033",urn:cts:latinLit:phi0474.phi033.perseus-lat1,Cic. Lig.,Latin,Perseus:text:1999.02.0011:text=Lig.,M. Tullius Cicero,Pro Q. Ligario,C. Lig.,
"Perseus:abo:phi,0474,034",urn:cts:latinLit:phi0474.phi034.perseus-eng1,Cic. Deiot.,Latin,Perseus:text:1999.02.0020:text=Deiot.,M. Tullius Cicero,For King Deiotarius,C. Deiot.,
"Perseus:abo:phi,0474,034",urn:cts:latinLit:phi0474.phi034.perseus-lat1,Cic. Deiot.,Latin,Perseus:text:1999.02.0011:text=Deiot.,M. Tullius Cicero,Pro Rege Deiotaro,C. Deiot.,
"Perseus:abo:phi,0474,035",urn:cts:latinLit:phi0474.phi035.perseus-eng1,Cic. Phil.,English,Perseus:text:1999.02.0021,M. Tullius Cicero,"Orations, The fourteen orations against Marcus Antonius (Philippics)",C. Phil.,
"Perseus:abo:phi,0474,035",urn:cts:latinLit:phi0474.phi035.perseus-lat1,Cic. Phil.,Latin,Perseus:text:1999.02.0011:text=Phil.,M. Tullius Cicero,Philippicae,C. Phil.,
"Perseus:abo:phi,0474,036",urn:cts:latinLit:phi0474.phi036.perseus-lat1,Cic. Inv.,Latin,Perseus:text:2008.01.0683,M. Tullius Cicero,De Inventione,Cic. Inv. Rhet.; C. Inv.,
"Perseus:abo:phi,0474,037",urn:cts:latinLit:phi0474.phi037.perseus-lat1,Cic. de Orat.,Latin,Perseus:text:1999.02.0120,M. Tullius Cicero,De Oratore,Cic. De. or.; C. de Orat.; C. De. Or.,
"Perseus:abo:phi,0474,038",urn:cts:latinLit:phi0474.phi038.perseus-lat1,Cic. Part.,Latin,Perseus:text:2008.01.0542,M. Tullius Cicero,De Partitione Oratoria,C. Part. ; Cic. Par. Or.;  C. Part. Or.,
"Perseus:abo:phi,0474,039",urn:cts:latinLit:phi0474.phi039.perseus-lat1,Cic. Brut.,Latin,Perseus:text:2008.01.0544,M. Tullius Cicero,Brutus,C. Brut.,
"Perseus:abo:phi,0474,040",urn:cts:latinLit:phi0474.phi040.perseus-lat1,Cic. Orat.,Latin,Perseus:text:2008.01.0545,M. Tullius Cicero,Orator,C. Orat.; Cic. Or.; C. Or.,
"Perseus:abo:phi,0474,041",urn:cts:latinLit:phi0474.phi041.perseus-lat1,Cic. Opt. Gen.,Latin,Perseus:text:2008.01.0543,M. Tullius Cicero,De Optimo Genere Oratorum,C. Opt. Gen.,
"Perseus:abo:phi,0474,042",urn:cts:latinLit:phi0474.phi042.perseus-lat1,Cic. Top.,Latin,Perseus:text:2008.01.0546,M. Tullius Cicero,Topica,C. Top.,
"Perseus:abo:phi,0474,043",urn:cts:latinLit:phi0474.phi043.perseus-lat1,Cic. Rep.,Latin,Perseus:text:2007.01.0031,M. Tullius Cicero,De Republica,C. Rep.,
"Perseus:abo:phi,0474,044",urn:cts:latinLit:phi0474.phi044.perseus-lat1,Cic. Leg.,Latin,Perseus:text:2007.01.0030,M. Tullius Cicero,De Legibus,C. Leg.,
"Perseus:abo:phi,0474,045",urn:cts:latinLit:phi0474.phi045.perseus-lat1,Cic. Ac.,Latin,Perseus:text:2007.01.0032,M. Tullius Cicero,Academica,Cic. Acad.; C. Ac.. ; C. Acad. ,
"Perseus:abo:phi,0474,046",urn:cts:latinLit:phi0474.phi046.perseus-lat1,Cic. Luc.,Latin,Perseus:text:2007.01.0033,M. Tullius Cicero,Lucullus,Cic. Luc.; C. Luc.,
"Perseus:abo:phi,0474,047",urn:cts:latinLit:phi0474.phi047.perseus-lat1,Cic. Parad.,Latin,Perseus:text:2007.01.0045,M. Tullius Cicero,Paradoxa stoicorum ad M. Brutum,C. Parad.; Cic. Par. ; C. Par. ,
"Perseus:abo:phi,0474,048",urn:cts:latinLit:phi0474.phi048.perseus-lat1,Cic. Fin.,Latin,Perseus:text:2007.01.0036,M. Tullius Cicero,de Finibus Bonorum et Malorum,C. Fin.,
"Perseus:abo:phi,0474,049",urn:cts:latinLit:phi0474.phi049.perseus-lat1,Cic. Tusc.,Latin,Perseus:text:2007.01.0044,Q. Tullius Cicero,Tusculanae Disputationes,C. Tusc.,
"Perseus:abo:phi,0474,050",urn:cts:latinLit:phi0474.phi050.perseus-lat1,Cic. N.D.,Latin,Perseus:text:2007.01.0037,M. Tullius Cicero,de Natura Deorum,Cic. Nat. D.; C. N.D.,
"Perseus:abo:phi,0474,051",urn:cts:latinLit:phi0474.phi051.perseus-eng1,Cic. Sen.,English,Perseus:text:2007.01.0039,M. Tullius Cicero,Cato the Elder: on old age,C. Sen.; Cic. Cat. M. ; C. Cat. M. ,
"Perseus:abo:phi,0474,051",urn:cts:latinLit:phi0474.phi051.perseus-lat1,Cic. Sen.,Latin,Perseus:text:2007.01.0038,M. Tullius Cicero,De Senectute,C. Sen.; Cic. Cat. M. ; C. Cat. M. ,
"Perseus:abo:phi,0474,052",urn:cts:latinLit:phi0474.phi052.perseus-eng1,Cic. Amic.,English,Perseus:text:2007.01.0041,M. Tullius Cicero,Laelius on friendship,C. Amic.; Cic. Am.; C. Am. ;  Cic. Lael.;  C. Lael.,
"Perseus:abo:phi,0474,052",urn:cts:latinLit:phi0474.phi052.perseus-lat1,Cic. Amic.,Latin,Perseus:text:2007.01.0040,M. Tullius Cicero,De Amicitia,C. Amic.; Cic. Am.; C. Am. ;  Cic. Lael.;  C. Lael.,
"Perseus:abo:phi,0474,053",urn:cts:latinLit:phi0474.phi053.perseus-eng1,Cic. Div.,English,Perseus:text:2007.01.0043,M. Tullius Cicero,On Divination,C. Div.,
"Perseus:abo:phi,0474,053",urn:cts:latinLit:phi0474.phi053.perseus-lat1,Cic. Div.,Latin,Perseus:text:2007.01.0034,M. Tullius Cicero,De Divinatione,C. Div.,
"Perseus:abo:phi,0474,053",urn:cts:latinLit:phi0474.phi053.perseus-lat2,Cic. Div.,Latin,Perseus:text:2007.01.0042,M. Tullius Cicero,De Divinatione,C. Div.,
"Perseus:abo:phi,0474,054",urn:cts:latinLit:phi0474.phi054.perseus-lat1,Cic. Fat.,Latin,Perseus:text:2007.01.0035,M. Tullius Cicero,De Fato,C. Fat.,
"Perseus:abo:phi,0474,055",urn:cts:latinLit:phi0474.phi055.perseus-eng1,Cic. Off.,English,Perseus:text:2007.01.0048,M. Tullius Cicero,On Duties,C. Off.,
"Perseus:abo:phi,0474,055",urn:cts:latinLit:phi0474.phi055.perseus-lat1,Cic. Off.,Latin,Perseus:text:2007.01.0047,M. Tullius Cicero,De Officiis,C. Off.,
"Perseus:abo:phi,0474,056",urn:cts:latinLit:phi0474.phi056.perseus-eng1,Cic. Fam.,English,Perseus:text:1999.02.0022:text=F,M. Tullius Cicero,Letters to His Family,C. Fam.,
"Perseus:abo:phi,0474,056",urn:cts:latinLit:phi0474.phi056.perseus-lat1,Cic. Fam.,Latin,Perseus:text:1999.02.0009,M. Tullius Cicero,Epistulae ad Familiares,C. Fam.,
"Perseus:abo:phi,0474,057",urn:cts:latinLit:phi0474.phi057.perseus-eng1,Cic. Att.,English,Perseus:text:1999.02.0022:text=A,M. Tullius Cicero,Letters to Atticus,C. Att.,
"Perseus:abo:phi,0474,057",urn:cts:latinLit:phi0474.phi057.perseus-lat1,Cic. Att.,Latin,Perseus:text:1999.02.0008,M. Tullius Cicero,Epistulae ad Atticum,C. Att.,
"Perseus:abo:phi,0474,058",urn:cts:latinLit:phi0474.phi058.perseus-eng1,Cic. Q. fr.,English,Perseus:text:1999.02.0022:text=Q FR,M. Tullius Cicero,Epistulae ad Quintum fratrem,Cic. QFr. ; C. Q. fr. ; Cic. ad. Q. Fr.,
"Perseus:abo:phi,0474,058",urn:cts:latinLit:phi0474.phi058.perseus-lat1,Cic. Q. fr.,Latin,Perseus:text:1999.02.0017,M. Tullius Cicero,Letters to and from Quintus,Cic. QFr. ; C. Q. fr. ; Cic. ad. Q. Fr.,
"Perseus:abo:phi,0474,059",urn:cts:latinLit:phi0474.phi059.perseus-eng1,Cic. ad Brut.,English,Perseus:text:1999.02.0022:text=BRUT.,M. Tullius Cicero,Epistulae ad Brutum ,Cic. Ad Brut.; C. ad Brut.,
"Perseus:abo:phi,0474,059",urn:cts:latinLit:phi0474.phi059.perseus-lat1,Cic. ad Brut.,Latin,Perseus:text:1999.02.0007,M. Tullius Cicero,Letters to and from Brutus,Cic. Ad Brut.; C. ad Brut.,
"Perseus:abo:phi,0474,072",urn:cts:latinLit:phi0474.phi072.perseus-lat1,Cic. Tim.,Latin,Perseus:text:2008.01.0676,M. Tullius Cicero,Timaeus,C. Tim.,
"Perseus:abo:phi,0478,003",urn:cts:latinLit:phi0478.phi003.perseus-eng1,Q. Cic. Pet.,English,Perseus:text:1999.02.0022:text=Pet.,"Cicero, Quintus Tullius",Commentariolum Petitionis,Q. Cic. Pet. Cons.,
"Perseus:abo:phi,0478,003",urn:cts:latinLit:phi0478.phi003.perseus-lat1,Q. Cic. Pet.,Latin,Perseus:text:1999.02.0016,"Cicero, Quintus Tullius",Essay on Running for Consul,,
"Perseus:abo:phi,0550,001",urn:cts:latinLit:phi0550.phi001.perseus-eng1,Lucr.,English,Perseus:text:1999.02.0131,Lucretius,De Rerum Natura,,
"Perseus:abo:phi,0550,001",urn:cts:latinLit:phi0550.phi001.perseus-lat1,Lucr.,Latin,Perseus:text:1999.02.0130,Lucretius,De Rerum Natura,,
"Perseus:abo:phi,0588,001",urn:cts:latinLit:phi0588.abo001.perseus-lat1,Nep. Milt.,Latin,Perseus:text:1999.02.0136:life=milt.,"Nepos, Cornelius",Miltiades,,
"Perseus:abo:phi,0588,002",urn:cts:latinLit:phi0588.abo002.perseus-lat1,Nep. Them.,Latin,Perseus:text:1999.02.0136:life=them.,"Nepos, Cornelius",Themistocles,,
"Perseus:abo:phi,0588,003",urn:cts:latinLit:phi0588.abo003.perseus-lat1,Nep. Ar.,Latin,Perseus:text:1999.02.0136:life=ar.,"Nepos, Cornelius",Aristides,Nep. Arist.,
"Perseus:abo:phi,0588,004",urn:cts:latinLit:phi0588.abo004.perseus-lat1,Nep. Paus.,Latin,Perseus:text:1999.02.0136:life=paus.,"Nepos, Cornelius",Pausanias,,
"Perseus:abo:phi,0588,005",urn:cts:latinLit:phi0588.abo005.perseus-lat1,Nep. Cim.,Latin,Perseus:text:1999.02.0136:life=cim.,"Nepos, Cornelius",Cimon,,
"Perseus:abo:phi,0588,006",urn:cts:latinLit:phi0588.abo006.perseus-lat1,Nep. Lys.,Latin,Perseus:text:1999.02.0136:life=lys.,"Nepos, Cornelius",Lysander,,
"Perseus:abo:phi,0588,007",urn:cts:latinLit:phi0588.abo007.perseus-lat1,Nep. Alc.,Latin,Perseus:text:1999.02.0136:life=alc.,"Nepos, Cornelius",Alcibiades,Nep. Alcib.,
"Perseus:abo:phi,0588,008",urn:cts:latinLit:phi0588.abo008.perseus-lat1,Nep. Thr.,Latin,Perseus:text:1999.02.0136:life=thr.,"Nepos, Cornelius",Thrasybulus,,
"Perseus:abo:phi,0588,009",urn:cts:latinLit:phi0588.abo009.perseus-lat1,Nep. Con.,Latin,Perseus:text:1999.02.0136:life=con.,"Nepos, Cornelius",Conon,,
"Perseus:abo:phi,0588,010",urn:cts:latinLit:phi0588.abo010.perseus-lat1,Nep. Di.,Latin,Perseus:text:1999.02.0136:life=di.,"Nepos, Cornelius",Dion,Nep. Dion,
"Perseus:abo:phi,0588,011",urn:cts:latinLit:phi0588.abo011.perseus-lat1,Nep. Iph.,Latin,Perseus:text:1999.02.0136:life=iph.,"Nepos, Cornelius",Iphicrates,,
"Perseus:abo:phi,0588,012",urn:cts:latinLit:phi0588.abo012.perseus-lat1,Nep. Cha.,Latin,Perseus:text:1999.02.0136:life=cha.,"Nepos, Cornelius",Chabrias,Nep. Chabr.,
"Perseus:abo:phi,0588,013",urn:cts:latinLit:phi0588.abo013.perseus-lat1,Nep. Timoth.,Latin,Perseus:text:1999.02.0136:life=timoth.,"Nepos, Cornelius",Timotheus,Nep. Tim.,
"Perseus:abo:phi,0588,014",urn:cts:latinLit:phi0588.abo014.perseus-lat1,Nep. Dat.,Latin,Perseus:text:1999.02.0136:life=dat.,"Nepos, Cornelius",Datames,,
"Perseus:abo:phi,0588,015",urn:cts:latinLit:phi0588.abo015.perseus-lat1,Nep. Ep.,Latin,Perseus:text:1999.02.0136:life=ep.,"Nepos, Cornelius",Epaminondas,Nep. Epam.,
"Perseus:abo:phi,0588,016",urn:cts:latinLit:phi0588.abo016.perseus-lat1,Nep. Pel.,Latin,Perseus:text:1999.02.0136:life=pel.,"Nepos, Cornelius",Pelopidas,Nep. Pelop.,
"Perseus:abo:phi,0588,017",urn:cts:latinLit:phi0588.abo017.perseus-lat1,Nep. Ag.,Latin,Perseus:text:1999.02.0136:life=ag.,"Nepos, Cornelius",Agesilaus,Nep. Ages,
"Perseus:abo:phi,0588,018",urn:cts:latinLit:phi0588.abo018.perseus-lat1,Nep. Eum.,Latin,Perseus:text:1999.02.0136:life=eum.,"Nepos, Cornelius",Eumenes,,
"Perseus:abo:phi,0588,019",urn:cts:latinLit:phi0588.abo019.perseus-lat1,Nep. Phoc.,Latin,Perseus:text:1999.02.0136:life=phoc.,"Nepos, Cornelius",Phocion,,
"Perseus:abo:phi,0588,020",urn:cts:latinLit:phi0588.abo020.perseus-lat1,Nep. Timol.,Latin,Perseus:text:1999.02.0136:life=timol.,"Nepos, Cornelius",Timoleon,,
"Perseus:abo:phi,0588,021",urn:cts:latinLit:phi0588.abo021.perseus-lat1,Nep. Reg.,Latin,Perseus:text:1999.02.0136:life=reg.,"Nepos, Cornelius",De Regibus,,
"Perseus:abo:phi,0588,022",urn:cts:latinLit:phi0588.abo022.perseus-lat1,Nep. Ham.,Latin,Perseus:text:1999.02.0136:life=ham.,"Nepos, Cornelius",Hamilcar,,
"Perseus:abo:phi,0588,023",urn:cts:latinLit:phi0588.abo023.perseus-lat1,Nep. Han.,Latin,Perseus:text:1999.02.0136:life=han.,"Nepos, Cornelius",Hannibal,Nep. Hann.,
"Perseus:abo:phi,0588,024",urn:cts:latinLit:phi0588.abo024.perseus-lat1,Nep. Ca.,Latin,Perseus:text:1999.02.0136:life=ca.,"Nepos, Cornelius",Cato,Nep. Cat.,
"Perseus:abo:phi,0588,025",urn:cts:latinLit:phi0588.abo025.perseus-lat1,Nep. Att.,Latin,Perseus:text:1999.02.0136:life=att.,"Nepos, Cornelius",Atticus,,
"Perseus:abo:phi,0620,001",urn:cts:latinLit:phi0620.phi001.perseus-eng1,Prop.,English,Perseus:text:1999.02.0067,Sextus Propertius,Elegies,,
"Perseus:abo:phi,0620,001",urn:cts:latinLit:phi0620.phi001.perseus-lat1,Prop.,Latin,Perseus:text:1999.02.0066,Sextus Propertius,Elegies,,
"Perseus:abo:phi,0620,001",urn:cts:latinLit:phi0620.phi001.perseus-lat2,Prop.,Latin,Perseus:text:2008.01.0494,Propertius,Elegies,,
"Perseus:abo:phi,0631,001",urn:cts:latinLit:phi0631.phi001.perseus-eng1,Sal. Cat.,English,Perseus:text:1999.02.0124,Sallust,Conspiracy of Catiline,Sall. Cat.,
"Perseus:abo:phi,0631,001",urn:cts:latinLit:phi0631.phi001.perseus-lat1,Sal. Cat.,Latin,Perseus:text:2008.01.0002:text=Cat.,Sallust,Catilina,Sall. Cat.; Sall. Catil.,
"Perseus:abo:phi,0631,001",urn:cts:latinLit:phi0631.phi001.perseus-lat2,Sal. Cat.,Latin,Perseus:text:1999.02.0123,Sallust,Catlina,Sall. Cat.; Sall. Catil.,
"Perseus:abo:phi,0631,002",urn:cts:latinLit:phi0631.phi002.perseus-eng1,Sal. Jug.,English,Perseus:text:1999.02.0126,Sallust,The Jugurthine War,Sall. Iug.; Sall. J.,
"Perseus:abo:phi,0631,002",urn:cts:latinLit:phi0631.phi002.perseus-lat1,Sal. Jug.,Latin,Perseus:text:2008.01.0002:text=Jug.,Sallust,Bellum Iugurthinum,Sall. Iug.; Sall. J.,
"Perseus:abo:phi,0631,002",urn:cts:latinLit:phi0631.phi002.perseus-lat2,Sal. Jug.,Latin,Perseus:text:1999.02.0125,Sallust,Bellum Iugurthinum,Sall. Iug.; Sall. J.,
"Perseus:abo:phi,0631,003",urn:cts:latinLit:phi0631.phi003.perseus-lat1,Sal. Hist.,Latin,Perseus:text:2008.01.0002:text=Hist.,Sallust,Historiae  ,Sall. Hist.; Sall. H.,
"Perseus:abo:phi,0660,001",urn:cts:latinLit:phi0660.phi001.perseus-lat1,Tib.,Latin,Perseus:text:2008.01.0507,Tibullus,Elegiae,,
"Perseus:abo:phi,0660,003",urn:cts:latinLit:phi0660.phi003.perseus-eng1,Sulpicia,English,Perseus:text:1999.02.0071,Sulpicia,Six Poems,,
"Perseus:abo:phi,0660,003",urn:cts:latinLit:phi0660.phi003.perseus-lat1,Sulpicia,Latin,Perseus:text:1999.02.0070:text=orig,Sulpicia,Sulpicia Elegiae,,
"Perseus:abo:phi,0690,001",urn:cts:latinLit:phi0690.phi001.perseus-eng1,Verg. Ecl.,English,Perseus:text:1999.02.0057,P. Vergilius Maro (Virgil),Eclogues,Verg. E.,
"Perseus:abo:phi,0690,001",urn:cts:latinLit:phi0690.phi001.perseus-lat1,Verg. Ecl.,Latin,Perseus:text:1999.02.0056,P. Vergilius Maro (Virgil),Eclogues,Verg. E.,
"Perseus:abo:phi,0690,002",urn:cts:latinLit:phi0690.phi002.perseus-eng1,Verg. G.,English,Perseus:text:1999.02.0058,P. Vergilius Maro (Virgil),Georgics,Verg. Georg.,
"Perseus:abo:phi,0690,002",urn:cts:latinLit:phi0690.phi002.perseus-lat1,Verg. G.,Latin,Perseus:text:1999.02.0059,P. Vergilius Maro (Virgil),Georgicon,Verg. Georg.,
"Perseus:abo:phi,0690,003",urn:cts:latinLit:phi0690.phi003.perseus-eng1,Verg. A.,English,Perseus:text:1999.02.0052,P. Vergilius Maro (Virgil),Aeneid,Verg. Aen.,
"Perseus:abo:phi,0690,003",urn:cts:latinLit:phi0690.phi003.perseus-eng2,Verg. A.,English,Perseus:text:1999.02.0054,P. Vergilius Maro (Virgil),Aeneid,Verg. Aen.,
"Perseus:abo:phi,0690,003",urn:cts:latinLit:phi0690.phi003.perseus-lat1,Verg. A.,Latin,Perseus:text:1999.02.0055,P. Vergilius Maro (Virgil),Aeneid,Verg. Aen.,
"Perseus:abo:phi,0836,002",urn:cts:latinLit:phi0836.phi002.perseus-eng1,Cels.,English,Perseus:text:1999.02.0142,Celsus,De Medicina,"Celsus, Med.",
"Perseus:abo:phi,0836,002",urn:cts:latinLit:phi0836.phi002.perseus-lat1,Cels.,Latin,Perseus:text:1999.02.0141,Celsus,De Medicina,"Celsus, Med.",
"Perseus:abo:phi,0836,002",urn:cts:latinLit:phi0836.phi002.perseus-lat2,Cels.,Latin,Perseus:text:2007.01.0086,Celsus,De Medicina,"Celsus, Med.",
"Perseus:abo:phi,0836,002",urn:cts:latinLit:phi0836.phi002.perseus-lat3,Cels.,Latin,Perseus:text:2007.01.0088,Celsus,De Medicina,"Celsus, Med.",
"Perseus:abo:phi,0845,002",urn:cts:latinLit:phi0845.phi002.perseus-lat1,Col.,Latin,Perseus:text:2008.01.0504,Columella,"Res Rustica, Books I-IV","Colum.; Columella, Rust.; Col. R. R.",
"Perseus:abo:phi,0845,002",urn:cts:latinLit:phi0845.phi002.perseus-lat2,Col.,Latin,Perseus:text:2008.01.0505,Columella,"Res Rustica, Books V-IX","Colum.; Columella, Rust.; Col. R. R.",
none,urn:cts:latinLit:phi0860.phi001.perseus-lat1,Curt.,Latin,Perseus:text:2008.01.0536,Curtius Rufus,Historiae Alexandri Magni,Q. C.,
"Perseus:abo:phi,0893,001",urn:cts:latinLit:phi0893.phi001.perseus-eng1,Hor. Od.,English,Perseus:text:1999.02.0025,Q. Horatius Flaccus (Horace),Odes,Hor. Carm.; Hor. C.,
"Perseus:abo:phi,0893,001",urn:cts:latinLit:phi0893.phi001.perseus-lat1,Hor. Od.,Latin,Perseus:text:1999.02.0024,Q. Horatius Flaccus (Horace),Carmina,Hor. Carm.; Hor. C.,
"Perseus:abo:phi,0893,002",urn:cts:latinLit:phi0893.phi002.perseus-lat1,Hor. Carm.,Latin,Perseus:text:2008.01.0537,Q. Horatius Flaccus (Horace),Carmen Saeculare,Hor. C.S.; Hor. Saec.; Hor. Carm. Saec.,
"Perseus:abo:phi,0893,003",urn:cts:latinLit:phi0893.phi003.perseus-lat1,Hor. Epod.,Latin,Perseus:text:2008.01.0538,Q. Horatius Flaccus (Horace),Epodon,,
"Perseus:abo:phi,0893,004",urn:cts:latinLit:phi0893.phi004.perseus-eng1,Hor. S.,English,Perseus:text:1999.02.0063,Q. Horatius Flaccus (Horace),Satires,Hor. Sat.; Hor. Serm.,
"Perseus:abo:phi,0893,004",urn:cts:latinLit:phi0893.phi004.perseus-lat1,Hor. S.,Latin,Perseus:text:1999.02.0062,Q. Horatius Flaccus (Horace),Satyrarum libri,Hor. Sat.; Hor. Serm.,
"Perseus:abo:phi,0893,005",urn:cts:latinLit:phi0893.phi005.perseus-lat1,Hor. Ep.,Latin,Perseus:text:2008.01.0539,Paul Shorey,Epistles,Hor. Epist.,
"Perseus:abo:phi,0893,006",urn:cts:latinLit:phi0893.phi006.perseus-eng1,Hor. Ars,English,Perseus:text:1999.02.0065,Q. Horatius Flaccus (Horace),The Art of Poetry: To the Pisos,Hor. A. P.; Hor. Ars. P.,
"Perseus:abo:phi,0893,006",urn:cts:latinLit:phi0893.phi006.perseus-lat1,Hor. Ars,Latin,Perseus:text:1999.02.0064,Q. Horatius Flaccus (Horace),De Arte Poetica liber,Hor. A. P.; Hor. Ars. P.,
"Perseus:abo:phi,0914,001",urn:cts:latinLit:phi0914.phi001.perseus-eng3,Liv. ,English,Perseus:text:1999.02.0026,Titus Livius (Livy),Ab Urbe Condita,,The large majority of these URNs will be deprecated and files recompiled?
"Perseus:abo:phi,0914,00141",urn:cts:latinLit:phi0914.phi00141.perseus-lat3,Liv. 41,Latin,Perseus:text:1999.02.0140:book=41,Titus Livius (Livy),"Ab Urbe Condita, Book 41",,
"Perseus:abo:phi,0914,00142",urn:cts:latinLit:phi0914.phi00142.perseus-lat3,Liv. 42,Latin,Perseus:text:1999.02.0140:book=42,Titus Livius (Livy),"Ab Urbe Condita, Book 42",,
"Perseus:abo:phi,0914,00143",urn:cts:latinLit:phi0914.phi00143.perseus-lat2,Liv. 43,Latin,Perseus:text:1999.02.0140:book=43,Titus Livius (Livy),"Ab Urbe Condita, Book 43",,
"Perseus:abo:phi,0914,00144",urn:cts:latinLit:phi0914.phi00144.perseus-lat2,Liv. 44,Latin,Perseus:text:1999.02.0140:book=44,Titus Livius (Livy),"Ab Urbe Condita, Book 44",,
"Perseus:abo:phi,0914,00145",urn:cts:latinLit:phi0914.phi00145.perseus-lat2,Liv. 45,Latin,Perseus:text:1999.02.0140:book=45,Titus Livius (Livy),"Ab Urbe Condita, Book 45",,
"Perseus:abo:phi,0914,00121",urn:cts:latinLit:phi0914.phi00121.perseus-eng3,Liv. 21,English,Perseus:text:1999.02.0144:book=21,Titus Livius (Livy),"The History of Rome, Book 21",,
"Perseus:abo:phi,0914,00122",urn:cts:latinLit:phi0914.phi00122.perseus-eng3,Liv. 22,English,Perseus:text:1999.02.0144:book=22,Titus Livius (Livy),"The History of Rome, Book 22",,
"Perseus:abo:phi,0914,00123",urn:cts:latinLit:phi0914.phi00123.perseus-eng3,Liv. 23,English,Perseus:text:1999.02.0144:book=23,Titus Livius (Livy),"The History of Rome, Book 23",,
"Perseus:abo:phi,0914,00124",urn:cts:latinLit:phi0914.phi00124.perseus-eng3,Liv. 24,English,Perseus:text:1999.02.0144:book=24,Titus Livius (Livy),"The History of Rome, Book 24",,
"Perseus:abo:phi,0914,00125",urn:cts:latinLit:phi0914.phi00125.perseus-eng3,Liv. 25,English,Perseus:text:1999.02.0144:book=25,Titus Livius (Livy),"The History of Rome, Book 25",,
"Perseus:abo:phi,0914,00126",urn:cts:latinLit:phi0914.phi00126.perseus-eng3,Liv. 26,English,Perseus:text:1999.02.0144:book=26,Titus Livius (Livy),"The History of Rome, Book 26",,
"Perseus:abo:phi,0914,00127",urn:cts:latinLit:phi0914.phi00127.perseus-eng3,Liv. 27,English,Perseus:text:1999.02.0144:book=27,Titus Livius (Livy),"The History of Rome, Book 27",,
"Perseus:abo:phi,0914,00128",urn:cts:latinLit:phi0914.phi00128.perseus-eng3,Liv. 28,English,Perseus:text:1999.02.0144:book=28,Titus Livius (Livy),"The History of Rome, Book 28",,
"Perseus:abo:phi,0914,00129",urn:cts:latinLit:phi0914.phi00129.perseus-eng3,Liv. 29,English,Perseus:text:1999.02.0144:book=29,Titus Livius (Livy),"The History of Rome, Book 29",,
"Perseus:abo:phi,0914,00130",urn:cts:latinLit:phi0914.phi00130.perseus-eng3,Liv. 30,English,Perseus:text:1999.02.0144:book=30,Titus Livius (Livy),"The History of Rome, Book 30",,
"Perseus:abo:phi,0914,00131",urn:cts:latinLit:phi0914.phi00131.perseus-eng3,Liv. 31,English,Perseus:text:1999.02.0144:book=31,Titus Livius (Livy),"The History of Rome, Book 31",,
"Perseus:abo:phi,0914,00132",urn:cts:latinLit:phi0914.phi00132.perseus-eng3,Liv. 32,English,Perseus:text:1999.02.0144:book=32,Titus Livius (Livy),"The History of Rome, Book 32",,
"Perseus:abo:phi,0914,00133",urn:cts:latinLit:phi0914.phi00133.perseus-eng3,Liv. 33,English,Perseus:text:1999.02.0144:book=33,Titus Livius (Livy),"The History of Rome, Book 33",,
"Perseus:abo:phi,0914,00134",urn:cts:latinLit:phi0914.phi00134.perseus-eng3,Liv. 34,English,Perseus:text:1999.02.0144:book=34,Titus Livius (Livy),"The History of Rome, Book 34",,
"Perseus:abo:phi,0914,00135",urn:cts:latinLit:phi0914.phi00135.perseus-eng3,Liv. 35,English,Perseus:text:1999.02.0144:book=35,Titus Livius (Livy),"The History of Rome, Book 35",,
"Perseus:abo:phi,0914,00136",urn:cts:latinLit:phi0914.phi00136.perseus-eng3,Liv. 36,English,Perseus:text:1999.02.0144:book=36,Titus Livius (Livy),"The History of Rome, Book 36",,
"Perseus:abo:phi,0914,00137",urn:cts:latinLit:phi0914.phi00137.perseus-eng3,Liv. 37,English,Perseus:text:1999.02.0144:book=37,Titus Livius (Livy),"The History of Rome, Book 37",,
"Perseus:abo:phi,0914,00138",urn:cts:latinLit:phi0914.phi00138.perseus-eng3,Liv. 38,English,Perseus:text:1999.02.0144:book=38,Titus Livius (Livy),"The History of Rome, Book 38",,
"Perseus:abo:phi,0914,00139",urn:cts:latinLit:phi0914.phi00139.perseus-eng3,Liv. 39,English,Perseus:text:1999.02.0144:book=39,Titus Livius (Livy),"The History of Rome, Book 39",,
"Perseus:abo:phi,0914,00140",urn:cts:latinLit:phi0914.phi00140.perseus-eng3,Liv. 40,English,Perseus:text:1999.02.0144:book=40,Titus Livius (Livy),"The History of Rome, Book 40",,
"Perseus:abo:phi,0914,00141",urn:cts:latinLit:phi0914.phi00141.perseus-eng3,Liv. 41,English,Perseus:text:1999.02.0144:book=41,Titus Livius (Livy),"The History of Rome, Book 41",,
"Perseus:abo:phi,0914,00142",urn:cts:latinLit:phi0914.phi00142.perseus-eng3,Liv. 42,English,Perseus:text:1999.02.0144:book=42,Titus Livius (Livy),"The History of Rome, Book 42",,
"Perseus:abo:phi,0914,00143",urn:cts:latinLit:phi0914.phi00143.perseus-eng3,Liv. 43,English,Perseus:text:1999.02.0144:book=43,Titus Livius (Livy),"The History of Rome, Book 43",,
"Perseus:abo:phi,0914,00144",urn:cts:latinLit:phi0914.phi00144.perseus-eng3,Liv. 44,English,Perseus:text:1999.02.0144:book=44,Titus Livius (Livy),"The History of Rome, Book 44",,
"Perseus:abo:phi,0914,00145",urn:cts:latinLit:phi0914.phi00145.perseus-eng3,Liv. 45,English,Perseus:text:1999.02.0144:book=45,Titus Livius (Livy),"The History of Rome, Book 45",,
"Perseus:abo:phi,0914,0011",urn:cts:latinLit:phi0914.phi0011.perseus-eng2,Liv. 1,English,Perseus:text:1999.02.0145:book=1,Titus Livius (Livy),"The History of Rome, Book 1",,
"Perseus:abo:phi,0914,0012",urn:cts:latinLit:phi0914.phi0012.perseus-eng2,Liv. 2,English,Perseus:text:1999.02.0145:book=2,Titus Livius (Livy),"The History of Rome, Book 2",,
"Perseus:abo:phi,0914,0013",urn:cts:latinLit:phi0914.phi0013.perseus-eng2,Liv. 3,English,Perseus:text:1999.02.0145:book=3,Titus Livius (Livy),"The History of Rome, Book 3",,
"Perseus:abo:phi,0914,0014",urn:cts:latinLit:phi0914.phi0014.perseus-eng2,Liv. 4,English,Perseus:text:1999.02.0145:book=4,Titus Livius (Livy),"The History of Rome, Book 4",,
"Perseus:abo:phi,0914,0015",urn:cts:latinLit:phi0914.phi0015.perseus-eng2,Liv. 5,English,Perseus:text:1999.02.0145:book=5,Titus Livius (Livy),"The History of Rome, Book 5",,
"Perseus:abo:phi,0914,0016",urn:cts:latinLit:phi0914.phi0016.perseus-eng2,Liv. 6,English,Perseus:text:1999.02.0145:book=6,Titus Livius (Livy),"The History of Rome, Book 6",,
"Perseus:abo:phi,0914,0017",urn:cts:latinLit:phi0914.phi0017.perseus-eng2,Liv. 7,English,Perseus:text:1999.02.0145:book=7,Titus Livius (Livy),"The History of Rome, Book 7",,
"Perseus:abo:phi,0914,0018",urn:cts:latinLit:phi0914.phi0018.perseus-eng2,Liv. 8,English,Perseus:text:1999.02.0145:book=8,Titus Livius (Livy),"The History of Rome, Book 8",,
"Perseus:abo:phi,0914,00110",urn:cts:latinLit:phi0914.phi00110.perseus-eng2,Liv. 10,English,Perseus:text:1999.02.0147:book=10,Titus Livius (Livy),"The History of Rome, Book 10",,
"Perseus:abo:phi,0914,00111s",urn:cts:latinLit:phi0914.phi00111s.perseus-eng2,Liv. 11,English,Perseus:text:1999.02.0147:book=11s,Titus Livius (Livy),"The History of Rome, Book 11, Summary ",,
"Perseus:abo:phi,0914,00112s",urn:cts:latinLit:phi0914.phi00112s.perseus-eng2,Liv. 12,English,Perseus:text:1999.02.0147:book=12s,Titus Livius (Livy),"The History of Rome, Book 12, Summary ",,
"Perseus:abo:phi,0914,00113s",urn:cts:latinLit:phi0914.phi00113s.perseus-eng2,Liv. 13,English,Perseus:text:1999.02.0147:book=13s,Titus Livius (Livy),"The History of Rome, Book 13, Summary ",,
"Perseus:abo:phi,0914,00114s",urn:cts:latinLit:phi0914.phi00114s.perseus-eng2,Liv. 14,English,Perseus:text:1999.02.0147:book=14s,Titus Livius (Livy),"The History of Rome, Book 14, Summary ",,
"Perseus:abo:phi,0914,00115s",urn:cts:latinLit:phi0914.phi00115s.perseus-eng2,Liv. 15,English,Perseus:text:1999.02.0147:book=15s,Titus Livius (Livy),"The History of Rome, Book 15, Summary ",,
"Perseus:abo:phi,0914,00116s",urn:cts:latinLit:phi0914.phi00116s.perseus-eng2,Liv. 16,English,Perseus:text:1999.02.0147:book=16s,Titus Livius (Livy),"The History of Rome, Book 16, Summary ",,
"Perseus:abo:phi,0914,00117s",urn:cts:latinLit:phi0914.phi00117s.perseus-eng2,Liv. 17,English,Perseus:text:1999.02.0147:book=17s,Titus Livius (Livy),"The History of Rome, Book 17, Summary ",,
"Perseus:abo:phi,0914,00118s",urn:cts:latinLit:phi0914.phi00118s.perseus-eng2,Liv. 18,English,Perseus:text:1999.02.0147:book=18s,Titus Livius (Livy),"The History of Rome, Book 18, Summary ",,
"Perseus:abo:phi,0914,00119s",urn:cts:latinLit:phi0914.phi00119s.perseus-eng2,Liv. 19,English,Perseus:text:1999.02.0147:book=19s,Titus Livius (Livy),"The History of Rome, Book 19, Summary ",,
"Perseus:abo:phi,0914,00120s",urn:cts:latinLit:phi0914.phi00120s.perseus-eng2,Liv. 20,English,Perseus:text:1999.02.0147:book=20s,Titus Livius (Livy),"The History of Rome, Book 20, Summary ",,
"Perseus:abo:phi,0914,00121",urn:cts:latinLit:phi0914.phi00121.perseus-eng2,Liv. 21,English,Perseus:text:1999.02.0147:book=21,Titus Livius (Livy),"The History of Rome, Book 21",,
"Perseus:abo:phi,0914,00122",urn:cts:latinLit:phi0914.phi00122.perseus-eng2,Liv. 22,English,Perseus:text:1999.02.0147:book=22,Titus Livius (Livy),"The History of Rome, Book 22",,
"Perseus:abo:phi,0914,00123",urn:cts:latinLit:phi0914.phi00123.perseus-eng2,Liv. 23,English,Perseus:text:1999.02.0147:book=23,Titus Livius (Livy),"The History of Rome, Book 23",,
"Perseus:abo:phi,0914,00124",urn:cts:latinLit:phi0914.phi00124.perseus-eng2,Liv. 24,English,Perseus:text:1999.02.0147:book=24,Titus Livius (Livy),"The History of Rome, Book 24",,
"Perseus:abo:phi,0914,00125",urn:cts:latinLit:phi0914.phi00125.perseus-eng2,Liv. 25,English,Perseus:text:1999.02.0147:book=25,Titus Livius (Livy),"The History of Rome, Book 25",,
"Perseus:abo:phi,0914,00126",urn:cts:latinLit:phi0914.phi00126.perseus-eng2,Liv. 26,English,Perseus:text:1999.02.0147:book=26,Titus Livius (Livy),"The History of Rome, Book 26",,
"Perseus:abo:phi,0914,0019",urn:cts:latinLit:phi0914.phi0019.perseus-eng2,Liv. 9,English,Perseus:text:1999.02.0147:book=9,Titus Livius (Livy),"The History of Rome, Book 9",,
"Perseus:abo:phi,0914,00127",urn:cts:latinLit:phi0914.phi00127.perseus-eng2,Liv. 27,English,Perseus:text:1999.02.0148:book=27,Titus Livius (Livy),"The History of Rome, Book 27",,
"Perseus:abo:phi,0914,00128",urn:cts:latinLit:phi0914.phi00128.perseus-eng2,LIv. 28,English,Perseus:text:1999.02.0148:book=28,Titus Livius (Livy),"The History of Rome, Book 28",,
"Perseus:abo:phi,0914,00129",urn:cts:latinLit:phi0914.phi00129.perseus-eng2,Liv. 29,English,Perseus:text:1999.02.0148:book=29,Titus Livius (Livy),"The History of Rome, Book 29",,
"Perseus:abo:phi,0914,00130",urn:cts:latinLit:phi0914.phi00130.perseus-eng2,Liv. 30,English,Perseus:text:1999.02.0148:book=30,Titus Livius (Livy),"The History of Rome, Book 30",,
"Perseus:abo:phi,0914,00131",urn:cts:latinLit:phi0914.phi00131.perseus-eng2,Liv. 31,English,Perseus:text:1999.02.0148:book=31,Titus Livius (Livy),"The History of Rome, Book 31",,
"Perseus:abo:phi,0914,00132",urn:cts:latinLit:phi0914.phi00132.perseus-eng2,Liv. 32,English,Perseus:text:1999.02.0148:book=32,Titus Livius (Livy),"The History of Rome, Book 32",,
"Perseus:abo:phi,0914,00133",urn:cts:latinLit:phi0914.phi00133.perseus-eng2,Liv. 33,English,Perseus:text:1999.02.0148:book=33,Titus Livius (Livy),"The History of Rome, Book 33",,
"Perseus:abo:phi,0914,00134",urn:cts:latinLit:phi0914.phi00134.perseus-eng2,Liv. 34,English,Perseus:text:1999.02.0148:book=34,Titus Livius (Livy),"The History of Rome, Book 34",,
"Perseus:abo:phi,0914,00135",urn:cts:latinLit:phi0914.phi00135.perseus-eng2,Liv. 35,English,Perseus:text:1999.02.0148:book=35,Titus Livius (Livy),"The History of Rome, Book 35",,
"Perseus:abo:phi,0914,00136",urn:cts:latinLit:phi0914.phi00136.perseus-eng2,Liv. 36,English,Perseus:text:1999.02.0148:book=36,Titus Livius (Livy),"The History of Rome, Book 36",,
"Perseus:abo:phi,0914,00137",urn:cts:latinLit:phi0914.phi00137.perseus-eng2,Liv. 37,English,Perseus:text:1999.02.0149:book=37,Titus Livius (Livy),"The History of Rome, Book 37",,
"Perseus:abo:phi,0914,00138",urn:cts:latinLit:phi0914.phi00138.perseus-eng2,Liv. 38,English,Perseus:text:1999.02.0149:book=38,Titus Livius (Livy),"The History of Rome, Book 38",,
"Perseus:abo:phi,0914,00139",urn:cts:latinLit:phi0914.phi00139.perseus-eng2,Liv. 39,English,Perseus:text:1999.02.0149:book=39,Titus Livius (Livy),"The History of Rome, Book 39",,
"Perseus:abo:phi,0914,00140",urn:cts:latinLit:phi0914.phi00140.perseus-eng2,Liv. 40,English,Perseus:text:1999.02.0149:book=40,Titus Livius (Livy),"The History of Rome, Book 40",,
"Perseus:abo:phi,0914,00141",urn:cts:latinLit:phi0914.phi00141.perseus-eng2,Liv. 41,English,Perseus:text:1999.02.0149:book=41,Titus Livius (Livy),"The History of Rome, Book 41",,
"Perseus:abo:phi,0914,00142",urn:cts:latinLit:phi0914.phi00142.perseus-eng2,Liv. 42,English,Perseus:text:1999.02.0149:book=42,Titus Livius (Livy),"The History of Rome, Book 42",,
"Perseus:abo:phi,0914,00143",urn:cts:latinLit:phi0914.phi00143.perseus-eng2,Liv. 43,English,Perseus:text:1999.02.0149:book=43,Titus Livius (Livy),"The History of Rome, Book 43",,
"Perseus:abo:phi,0914,00144",urn:cts:latinLit:phi0914.phi00144.perseus-eng2,Liv. 44,English,Perseus:text:1999.02.0149:book=44,Titus Livius (Livy),"The History of Rome, Book 44",,
"Perseus:abo:phi,0914,00145",urn:cts:latinLit:phi0914.phi00145.perseus-eng2,Liv. 45,English,Perseus:text:1999.02.0149:book=45,Titus Livius (Livy),"The History of Rome, Book 45",,
"Perseus:abo:phi,0914,0011",urn:cts:latinLit:phi0914.phi0011.perseus-eng1,Liv. 1,English,Perseus:text:1999.02.0151:book=1,Titus Livius (Livy),"The History of Rome, Book 1",,
"Perseus:abo:phi,0914,0012",urn:cts:latinLit:phi0914.phi0012.perseus-eng1,Liv. 2,English,Perseus:text:1999.02.0151:book=2,Titus Livius (Livy),"The History of Rome, Book 2",,
"Perseus:abo:phi,0914,00121",urn:cts:latinLit:phi0914.phi00121.perseus-eng1,Liv. 21,English,Perseus:text:1999.02.0152:book=21,Titus Livius (Livy),"The History of Rome, Book 21",,
"Perseus:abo:phi,0914,00122",urn:cts:latinLit:phi0914.phi00122.perseus-eng1,Liv. 22,English,Perseus:text:1999.02.0152:book=22,Titus Livius (Livy),"The History of Rome, Book 22",,
"Perseus:abo:phi,0914,0013",urn:cts:latinLit:phi0914.phi0013.perseus-eng1,Liv. 3,English,Perseus:text:1999.02.0153:book=3,Titus Livius (Livy),"The History of Rome, Book 3",,
"Perseus:abo:phi,0914,0014",urn:cts:latinLit:phi0914.phi0014.perseus-eng1,Liv. 4,English,Perseus:text:1999.02.0153:book=4,Titus Livius (Livy),"The History of Rome, Book 4",,
"Perseus:abo:phi,0914,0015",urn:cts:latinLit:phi0914.phi0015.perseus-eng1,Liv. 5,English,Perseus:text:1999.02.0154:book=5,Titus Livius (Livy),"The History of Rome, Book 5",,
"Perseus:abo:phi,0914,0016",urn:cts:latinLit:phi0914.phi0016.perseus-eng1,Liv. 6,English,Perseus:text:1999.02.0154:book=6,Titus Livius (Livy),"The History of Rome, Book 6",,
"Perseus:abo:phi,0914,0017",urn:cts:latinLit:phi0914.phi0017.perseus-eng1,Liv. 7,English,Perseus:text:1999.02.0154:book=7,Titus Livius (Livy),"The History of Rome, Book 7",,
"Perseus:abo:phi,0914,00110",urn:cts:latinLit:phi0914.phi00110.perseus-eng1,Liv. 10,English,Perseus:text:1999.02.0155:book=10,Titus Livius (Livy),"The History of Rome, Book 10",,
"Perseus:abo:phi,0914,00111s",urn:cts:latinLit:phi0914.phi00111s.perseus-eng1,Liv. 11,English,Perseus:text:1999.02.0155:book=11s,Titus Livius (Livy),"The History of Rome, Book 11, Summary ",,
"Perseus:abo:phi,0914,00112s",urn:cts:latinLit:phi0914.phi00112s.perseus-eng1,Liv. 12,English,Perseus:text:1999.02.0155:book=12s,Titus Livius (Livy),"The History of Rome, Book 12, Summary ",,
"Perseus:abo:phi,0914,00113s",urn:cts:latinLit:phi0914.phi00113s.perseus-eng1,Liv. 13,English,Perseus:text:1999.02.0155:book=13s,Titus Livius (Livy),"The History of Rome, Book 13, Summary ",,
"Perseus:abo:phi,0914,00114s",urn:cts:latinLit:phi0914.phi00114s.perseus-eng1,Liv. 14,English,Perseus:text:1999.02.0155:book=14s,Titus Livius (Livy),"The History of Rome, Book 14, Summary ",,
"Perseus:abo:phi,0914,00115s",urn:cts:latinLit:phi0914.phi00115s.perseus-eng1,Liv. 15,English,Perseus:text:1999.02.0155:book=15s,Titus Livius (Livy),"The History of Rome, Book 15, Summary ",,
"Perseus:abo:phi,0914,00116s",urn:cts:latinLit:phi0914.phi00116s.perseus-eng1,Liv. 16,English,Perseus:text:1999.02.0155:book=16s,Titus Livius (Livy),"The History of Rome, Book 16, Summary ",,
"Perseus:abo:phi,0914,00117s",urn:cts:latinLit:phi0914.phi00117s.perseus-eng1,Liv. 17,English,Perseus:text:1999.02.0155:book=17s,Titus Livius (Livy),"The History of Rome, Book 17, Summary ",,
"Perseus:abo:phi,0914,00118s",urn:cts:latinLit:phi0914.phi00118s.perseus-eng1,Liv. 18,English,Perseus:text:1999.02.0155:book=18s,Titus Livius (Livy),"The History of Rome, Book 18, Summary ",,
"Perseus:abo:phi,0914,00119s",urn:cts:latinLit:phi0914.phi00119s.perseus-eng1,Liv. 19,English,Perseus:text:1999.02.0155:book=19s,Titus Livius (Livy),"The History of Rome, Book 19, Summary ",,
"Perseus:abo:phi,0914,00120s",urn:cts:latinLit:phi0914.phi00120s.perseus-eng1,Liv. 20,English,Perseus:text:1999.02.0155:book=20s,Titus Livius (Livy),"The History of Rome, Book 20, Summary ",,
"Perseus:abo:phi,0914,0018",urn:cts:latinLit:phi0914.phi0018.perseus-eng1,Liv. 8,English,Perseus:text:1999.02.0155:book=8,Titus Livius (Livy),"The History of Rome, Book 8",,
"Perseus:abo:phi,0914,0019",urn:cts:latinLit:phi0914.phi0019.perseus-eng1,Liv. 9,English,Perseus:text:1999.02.0155:book=9,Titus Livius (Livy),"The History of Rome, Book 9",,
"Perseus:abo:phi,0914,00110",urn:cts:latinLit:phi0914.phi00110.perseus-lat3,Liv. 10,English,Perseus:text:1999.02.0156:book=10,Titus Livius (Livy),"The History of Rome, Book 10",,
"Perseus:abo:phi,0914,00111s",urn:cts:latinLit:phi0914.phi00111s.perseus-lat2,Liv. 11,Latin,Perseus:text:1999.02.0156:book=11s,Titus Livius (Livy),"Ab Urbe Condita, Book 11, Summary",,
"Perseus:abo:phi,0914,00112s",urn:cts:latinLit:phi0914.phi00112s.perseus-lat2,Liv. 12,Latin,Perseus:text:1999.02.0156:book=12s,Titus Livius (Livy),"Ab Urbe Condita, Book 12, Summary",,
"Perseus:abo:phi,0914,00113s",urn:cts:latinLit:phi0914.phi00113s.perseus-lat2,Liv. 13,Latin,Perseus:text:1999.02.0156:book=13s,Titus Livius (Livy),"Ab Urbe Condita, Book 13, Summary",,
"Perseus:abo:phi,0914,00114s",urn:cts:latinLit:phi0914.phi00114s.perseus-lat2,Liv. 14,Latin,Perseus:text:1999.02.0156:book=14s,Titus Livius (Livy),"Ab Urbe Condita, Book 14, Summary",,
"Perseus:abo:phi,0914,00115s",urn:cts:latinLit:phi0914.phi00115s.perseus-lat2,Liv. 15,Latin,Perseus:text:1999.02.0156:book=15s,Titus Livius (Livy),"Ab Urbe Condita, Book 15, Summary",,
"Perseus:abo:phi,0914,00116s",urn:cts:latinLit:phi0914.phi00116s.perseus-lat2,Liv. 16,Latin,Perseus:text:1999.02.0156:book=16s,Titus Livius (Livy),"Ab Urbe Condita, Book 16, Summary",,
"Perseus:abo:phi,0914,00117s",urn:cts:latinLit:phi0914.phi00117s.perseus-lat2,Liv. 17,Latin,Perseus:text:1999.02.0156:book=17s,Titus Livius (Livy),"Ab Urbe Condita, Book 17, Summary",,
"Perseus:abo:phi,0914,00118s",urn:cts:latinLit:phi0914.phi00118s.perseus-lat2,Liv. 18,Latin,Perseus:text:1999.02.0156:book=18s,Titus Livius (Livy),"Ab Urbe Condita, Book 18, Summary",,
"Perseus:abo:phi,0914,00119s",urn:cts:latinLit:phi0914.phi00119s.perseus-lat2,Liv. 19,Latin,Perseus:text:1999.02.0156:book=19s,Titus Livius (Livy),"Ab Urbe Condita, Book 19, Summary",,
"Perseus:abo:phi,0914,00120s",urn:cts:latinLit:phi0914.phi00120s.perseus-lat2,Liv. 20,Latin,Perseus:text:1999.02.0156:book=20s,Titus Livius (Livy),"Ab Urbe Condita, Book 20, Summary",,
"Perseus:abo:phi,0914,0018",urn:cts:latinLit:phi0914.phi0018.perseus-lat3,Liv. 8,Latin,Perseus:text:1999.02.0156:book=8,Titus Livius (Livy),"Ab Urbe Condita, Book 8",,
"Perseus:abo:phi,0914,0019",urn:cts:latinLit:phi0914.phi0019.perseus-lat3,Liv. 9,Latin,Perseus:text:1999.02.0156:book=9,Titus Livius (Livy),"Ab Urbe Condita, Book 9",,
"Perseus:abo:phi,0914,00123",urn:cts:latinLit:phi0914.phi00123.perseus-eng1,Liv. 23,English,Perseus:text:1999.02.0157:book=23,Titus Livius (Livy),"The History of Rome, Book 23",,
"Perseus:abo:phi,0914,00124",urn:cts:latinLit:phi0914.phi00124.perseus-eng1,Liv. 24,English,Perseus:text:1999.02.0157:book=24,Titus Livius (Livy),"The History of Rome, Book 24",,
"Perseus:abo:phi,0914,00125",urn:cts:latinLit:phi0914.phi00125.perseus-eng1,Liv. 25,English,Perseus:text:1999.02.0157:book=25,Titus Livius (Livy),"The History of Rome, Book 25",,
"Perseus:abo:phi,0914,00126",urn:cts:latinLit:phi0914.phi00126.perseus-eng1,Liv. 26,English,Perseus:text:1999.02.0158:book=26,Titus Livius (Livy),"The History of Rome, Book 26",,
"Perseus:abo:phi,0914,00127",urn:cts:latinLit:phi0914.phi00127.perseus-eng1,Liv. 27,English,Perseus:text:1999.02.0158:book=27,Titus Livius (Livy),"The History of Rome, Book 27",,
"Perseus:abo:phi,0914,00128",urn:cts:latinLit:phi0914.phi00128.perseus-eng1,Liv. 28,English,Perseus:text:1999.02.0159:book=28,Titus Livius (Livy),"The History of Rome, Book 28",,
"Perseus:abo:phi,0914,00129",urn:cts:latinLit:phi0914.phi00129.perseus-eng1,Liv. 29,English,Perseus:text:1999.02.0159:book=29,Titus Livius (Livy),"The History of Rome, Book 29",,
"Perseus:abo:phi,0914,00130",urn:cts:latinLit:phi0914.phi00130.perseus-eng1,Liv. 30,English,Perseus:text:1999.02.0159:book=30,Titus Livius (Livy),"The History of Rome, Book 30",,
"Perseus:abo:phi,0914,0011",urn:cts:latinLit:phi0914.phi0011.perseus-lat3,Liv. 11,Latin,Perseus:text:1999.02.0160:book=1,Titus Livius (Livy),"Ab Urbe Condita, Book 1",,
"Perseus:abo:phi,0914,0012",urn:cts:latinLit:phi0914.phi0012.perseus-lat3,Liv. 12,Latin,Perseus:text:1999.02.0160:book=2,Titus Livius (Livy),"Ab Urbe Condita, Book 2",,
"Perseus:abo:phi,0914,0013",urn:cts:latinLit:phi0914.phi0013.perseus-lat2,Liv. 13,Latin,Perseus:text:1999.02.0160:book=3,Titus Livius (Livy),"Ab Urbe Condita, Book 3",,
"Perseus:abo:phi,0914,0014",urn:cts:latinLit:phi0914.phi0014.perseus-lat2,Liv. 14,Latin,Perseus:text:1999.02.0160:book=4,Titus Livius (Livy),"Ab Urbe Condita, Book 4",,
"Perseus:abo:phi,0914,0015",urn:cts:latinLit:phi0914.phi0015.perseus-lat2,Liv. 15,Latin,Perseus:text:1999.02.0160:book=5,Titus Livius (Livy),"Ab Urbe Condita, Book 5",,
"Perseus:abo:phi,0914,00121",urn:cts:latinLit:phi0914.phi00121.perseus-lat2,Liv. 21,Latin,Perseus:text:1999.02.0161:book=21,Titus Livius (Livy),"Ab Urbe Condita, Book 21
",,
"Perseus:abo:phi,0914,00122",urn:cts:latinLit:phi0914.phi00122.perseus-lat2,Liv. 22,Latin,Perseus:text:1999.02.0161:book=22,Titus Livius (Livy),"Ab Urbe Condita, Book 22
",,
"Perseus:abo:phi,0914,00123",urn:cts:latinLit:phi0914.phi00123.perseus-lat1,Liv. 23,Latin,Perseus:text:1999.02.0161:book=23,Titus Livius (Livy),"Ab Urbe Condita, Book 23",,
"Perseus:abo:phi,0914,00124",urn:cts:latinLit:phi0914.phi00124.perseus-lat1,Liv. 24,Latin,Perseus:text:1999.02.0161:book=24,Titus Livius (Livy),"Ab Urbe Condita, Book 24",,
"Perseus:abo:phi,0914,00125",urn:cts:latinLit:phi0914.phi00125.perseus-lat1,Liv. 25,Latin,Perseus:text:1999.02.0161:book=25,Titus Livius (Livy),"Ab Urbe Condita, Book 25",,
"Perseus:abo:phi,0914,00126",urn:cts:latinLit:phi0914.phi00126.perseus-lat3,Liv. 26,Latin,Perseus:text:1999.02.0162:book=26,Titus Livius (Livy),"Ab Urbe Condita, Book 26",,
"Perseus:abo:phi,0914,00127",urn:cts:latinLit:phi0914.phi00127.perseus-lat3,Liv. 27,Latin,Perseus:text:1999.02.0162:book=27,Titus Livius (Livy),"Ab Urbe Condita, Book 27",,
"Perseus:abo:phi,0914,00128",urn:cts:latinLit:phi0914.phi00128.perseus-lat2,Liv. 28,Latin,Perseus:text:1999.02.0162:book=28,Titus Livius (Livy),"Ab Urbe Condita, Book 28",,
"Perseus:abo:phi,0914,00129",urn:cts:latinLit:phi0914.phi00129.perseus-lat2,Liv. 29,Latin,Perseus:text:1999.02.0162:book=29,Titus Livius (Livy),"Ab Urbe Condita, Book 29",,
"Perseus:abo:phi,0914,00130",urn:cts:latinLit:phi0914.phi00130.perseus-lat2,Liv. 30,Latin,Perseus:text:1999.02.0162:book=30,Titus Livius (Livy),"Ab Urbe Condita, Book 30",,
"Perseus:abo:phi,0914,00110",urn:cts:latinLit:phi0914.phi00110.perseus-lat2,Liv. 10,Latin,Perseus:text:1999.02.0163:book=10,Titus Livius (Livy),"Ab Urbe Condita, Book 10",,
"Perseus:abo:phi,0914,0016",urn:cts:latinLit:phi0914.phi0016.perseus-lat3,Liv. 6,Latin,Perseus:text:1999.02.0163:book=6,Titus Livius (Livy),"Ab Urbe Condita, Book 6",,
"Perseus:abo:phi,0914,0017",urn:cts:latinLit:phi0914.phi0017.perseus-lat3,Liv. 7,Latin,Perseus:text:1999.02.0163:book=7,Titus Livius (Livy),"Ab Urbe Condita, Book 7",,
"Perseus:abo:phi,0914,0018",urn:cts:latinLit:phi0914.phi0018.perseus-lat2,Liv. 8,Latin,Perseus:text:1999.02.0163:book=8,Titus Livius (Livy),"Ab Urbe Condita, Book 8",,
"Perseus:abo:phi,0914,0019",urn:cts:latinLit:phi0914.phi0019.perseus-lat2,Liv. 9,Latin,Perseus:text:1999.02.0163:book=9,Titus Livius (Livy),"Ab Urbe Condita, Book 9",,
"Perseus:abo:phi,0914,00131",urn:cts:latinLit:phi0914.phi00131.perseus-eng1,Liv. 31,English,Perseus:text:1999.02.0164:book=31,Titus Livius (Livy),"The History of Rome, Book 31",,
"Perseus:abo:phi,0914,00132",urn:cts:latinLit:phi0914.phi00132.perseus-eng1,Liv. 32,English,Perseus:text:1999.02.0164:book=32,Titus Livius (Livy),"The History of Rome, Book 32",,
"Perseus:abo:phi,0914,00133",urn:cts:latinLit:phi0914.phi00133.perseus-eng1,Liv. 33,English,Perseus:text:1999.02.0164:book=33,Titus Livius (Livy),"The History of Rome, Book 33",,
"Perseus:abo:phi,0914,00134",urn:cts:latinLit:phi0914.phi00134.perseus-eng1,Liv. 34,English,Perseus:text:1999.02.0164:book=34,Titus Livius (Livy),"The History of Rome, Book 34",,
"Perseus:abo:phi,0914,00135",urn:cts:latinLit:phi0914.phi00135.perseus-eng1,Liv. 35,English,Perseus:text:1999.02.0165:book=35,Titus Livius (Livy),"The History of Rome, Book 35",,
"Perseus:abo:phi,0914,00136",urn:cts:latinLit:phi0914.phi00136.perseus-eng1,Liv. 36,English,Perseus:text:1999.02.0165:book=36,Titus Livius (Livy),"The History of Rome, Book 36",,
"Perseus:abo:phi,0914,00137",urn:cts:latinLit:phi0914.phi00137.perseus-eng1,Liv. 37,English,Perseus:text:1999.02.0165:book=37,Titus Livius (Livy),"The History of Rome, Book 37",,
"Perseus:abo:phi,0914,00138",urn:cts:latinLit:phi0914.phi00138.perseus-eng1,Liv. 38,English,Perseus:text:1999.02.0166:book=38,Titus Livius (Livy),"The History of Rome, Book 38",,
"Perseus:abo:phi,0914,00139",urn:cts:latinLit:phi0914.phi00139.perseus-eng1,Liv. 39,English,Perseus:text:1999.02.0166:book=39,Titus Livius (Livy),"The History of Rome, Book 39",,
"Perseus:abo:phi,0914,00140",urn:cts:latinLit:phi0914.phi00140.perseus-eng1,Liv. 40,English,Perseus:text:1999.02.0167:book=40,Titus Livius (Livy),"The History of Rome, Book 40",,
"Perseus:abo:phi,0914,00141",urn:cts:latinLit:phi0914.phi00141.perseus-eng1,Liv. 41,English,Perseus:text:1999.02.0167:book=41,Titus Livius (Livy),"The History of Rome, Book 41",,
"Perseus:abo:phi,0914,00142",urn:cts:latinLit:phi0914.phi00142.perseus-eng1,Liv. 42,English,Perseus:text:1999.02.0167:book=42,Titus Livius (Livy),"The History of Rome, Book 42",,
"Perseus:abo:phi,0914,00143",urn:cts:latinLit:phi0914.phi00143.perseus-eng1,Liv. 43,English,Perseus:text:1999.02.0168:book=43,Titus Livius (Livy),"The History of Rome, Book 43",,
"Perseus:abo:phi,0914,00144",urn:cts:latinLit:phi0914.phi00144.perseus-eng1,Liv. 44,English,Perseus:text:1999.02.0168:book=44,Titus Livius (Livy),"The History of Rome, Book 44",,
"Perseus:abo:phi,0914,00145",urn:cts:latinLit:phi0914.phi00145.perseus-eng1,Liv. 45,English,Perseus:text:1999.02.0168:book=45,Titus Livius (Livy),"The History of Rome, Book 45",,
"Perseus:abo:phi,0914,0011",urn:cts:latinLit:phi0914.phi0011.perseus-lat1,Liv. 1,Latin,Perseus:text:1999.02.0169:book=1,Titus Livius (Livy),"Ab Urbe Condita, Book 1",,
"Perseus:abo:phi,0914,00110",urn:cts:latinLit:phi0914.phi00110.perseus-lat1,Liv. 10,Latin,Perseus:text:1999.02.0169:book=10,Titus Livius (Livy),"Ab Urbe Condita, Book 10",,
"Perseus:abo:phi,0914,00111s",urn:cts:latinLit:phi0914.phi00111s.perseus-lat1,LIv. 11,Latin,Perseus:text:1999.02.0169:book=11s,Titus Livius (Livy),"Ab Urbe Condita, Book 11, Summary",,
"Perseus:abo:phi,0914,00112s",urn:cts:latinLit:phi0914.phi00112s.perseus-lat1,Liv. 12,Latin,Perseus:text:1999.02.0169:book=12s,Titus Livius (Livy),"Ab Urbe Condita, Book 12, Summary",,
"Perseus:abo:phi,0914,00113s",urn:cts:latinLit:phi0914.phi00113s.perseus-lat1,Liv. 13,Latin,Perseus:text:1999.02.0169:book=13s,Titus Livius (Livy),"Ab Urbe Condita, Book 13, Summary",,
"Perseus:abo:phi,0914,00114s",urn:cts:latinLit:phi0914.phi00114s.perseus-lat1,Liv. 14,Latin,Perseus:text:1999.02.0169:book=14s,Titus Livius (Livy),"Ab Urbe Condita, Book 14, Summary",,
"Perseus:abo:phi,0914,00115s",urn:cts:latinLit:phi0914.phi00115s.perseus-lat1,Liv. 15,Latin,Perseus:text:1999.02.0169:book=15s,Titus Livius (Livy),"Ab Urbe Condita, Book 15, Summary",,
"Perseus:abo:phi,0914,00116s",urn:cts:latinLit:phi0914.phi00116s.perseus-lat1,Liv. 16,Latin,Perseus:text:1999.02.0169:book=16s,Titus Livius (Livy),"Ab Urbe Condita, Book 16, Summary",,
"Perseus:abo:phi,0914,00117s",urn:cts:latinLit:phi0914.phi00117s.perseus-lat1,Liv. 17,Latin,Perseus:text:1999.02.0169:book=17s,Titus Livius (Livy),"Ab Urbe Condita, Book 17, Summary",,
"Perseus:abo:phi,0914,00118s",urn:cts:latinLit:phi0914.phi00118s.perseus-lat1,Liv. 18,Latin,Perseus:text:1999.02.0169:book=18s,Titus Livius (Livy),"Ab Urbe Condita, Book 18, Summary",,
"Perseus:abo:phi,0914,00119s",urn:cts:latinLit:phi0914.phi00119s.perseus-lat1,Liv. 19,Latin,Perseus:text:1999.02.0169:book=19s,Titus Livius (Livy),"Ab Urbe Condita, Book 19, Summary",,
"Perseus:abo:phi,0914,0012",urn:cts:latinLit:phi0914.phi0012.perseus-lat1,Liv. 2,Latin,Perseus:text:1999.02.0169:book=2,Titus Livius (Livy),"Ab Urbe Condita, Book 1",,
"Perseus:abo:phi,0914,00120s",urn:cts:latinLit:phi0914.phi00120s.perseus-lat1,Liv. 20,Latin,Perseus:text:1999.02.0169:book=20s,Titus Livius (Livy),"Ab Urbe Condita, Book 20, Summary",,
"Perseus:abo:phi,0914,0013",urn:cts:latinLit:phi0914.phi0013.perseus-lat1,Liv. 3,Latin,Perseus:text:1999.02.0169:book=3,Titus Livius (Livy),"Ab Urbe Condita, Book 3",,
"Perseus:abo:phi,0914,0014",urn:cts:latinLit:phi0914.phi0014.perseus-lat1,Liv. 4,Latin,Perseus:text:1999.02.0169:book=4,Titus Livius (Livy),"Ab Urbe Condita, Book 4",,
"Perseus:abo:phi,0914,0015",urn:cts:latinLit:phi0914.phi0015.perseus-lat1,Liv. 5,Latin,Perseus:text:1999.02.0169:book=5,Titus Livius (Livy),"Ab Urbe Condita, Book 5",,
"Perseus:abo:phi,0914,0016",urn:cts:latinLit:phi0914.phi0016.perseus-lat1,Liv. 6,Latin,Perseus:text:1999.02.0169:book=6,Titus Livius (Livy),"Ab Urbe Condita, Book 6",,
"Perseus:abo:phi,0914,0017",urn:cts:latinLit:phi0914.phi0017.perseus-lat1,Liv. 7,Latin,Perseus:text:1999.02.0169:book=7,Titus Livius (Livy),"Ab Urbe Condita, Book 7",,
"Perseus:abo:phi,0914,0018",urn:cts:latinLit:phi0914.phi0018.perseus-lat1,Liv. 8,Latin,Perseus:text:1999.02.0169:book=8,Titus Livius (Livy),"Ab Urbe Condita, Book 8",,
"Perseus:abo:phi,0914,0019",urn:cts:latinLit:phi0914.phi0019.perseus-lat1,Liv. 9,Latin,Perseus:text:1999.02.0169:book=9,Titus Livius (Livy),"Ab Urbe Condita, Book 9",,
"Perseus:abo:phi,0914,00121",urn:cts:latinLit:phi0914.phi00121.perseus-lat3,Liv. 21,Latin,Perseus:text:1999.02.0170:book=21,Titus Livius (Livy),"Ab Urbe Condita, Book 21
",,
"Perseus:abo:phi,0914,00122",urn:cts:latinLit:phi0914.phi00122.perseus-lat3,Liv. 22,Latin,Perseus:text:1999.02.0170:book=22,Titus Livius (Livy),"Ab Urbe Condita, Book 22
",,
"Perseus:abo:phi,0914,00123",urn:cts:latinLit:phi0914.phi00123.perseus-lat2,Liv. 23,Latin,Perseus:text:1999.02.0170:book=23,Titus Livius (Livy),"Ab Urbe Condita, Book 23
",,
"Perseus:abo:phi,0914,00124",urn:cts:latinLit:phi0914.phi00124.perseus-lat2,Liv. 24,Latin,Perseus:text:1999.02.0170:book=24,Titus Livius (Livy),"Ab Urbe Condita, Book 24
",,
"Perseus:abo:phi,0914,00125",urn:cts:latinLit:phi0914.phi00125.perseus-lat2,Liv. 25,Latin,Perseus:text:1999.02.0170:book=25,Titus Livius (Livy),"Ab Urbe Condita, Book 25
",,
"Perseus:abo:phi,0914,00126",urn:cts:latinLit:phi0914.phi00126.perseus-lat1,Liv. 26,Latin,Perseus:text:1999.02.0170:book=26,Titus Livius (Livy),"Ab Urbe Condita, Book 26
",,
"Perseus:abo:phi,0914,00127",urn:cts:latinLit:phi0914.phi00127.perseus-lat1,Liv. 27,Latin,Perseus:text:1999.02.0170:book=27,Titus Livius (Livy),"Ab Urbe Condita, Book 27
",,
"Perseus:abo:phi,0914,00128",urn:cts:latinLit:phi0914.phi00128.perseus-lat1,Liv. 28,Latin,Perseus:text:1999.02.0170:book=28,Titus Livius (Livy),"Ab Urbe Condita, Book 28
",,
"Perseus:abo:phi,0914,00129",urn:cts:latinLit:phi0914.phi00129.perseus-lat1,Liv. 29,Latin,Perseus:text:1999.02.0170:book=29,Titus Livius (Livy),"Ab Urbe Condita, Book 29
",,
"Perseus:abo:phi,0914,00130",urn:cts:latinLit:phi0914.phi00130.perseus-lat1,Liv. 30,Latin,Perseus:text:1999.02.0170:book=30,Titus Livius (Livy),"Ab Urbe Condita, Book 30
",,
"Perseus:abo:phi,0914,00131",urn:cts:latinLit:phi0914.phi00131.perseus-lat3,Liv. 31,Latin,Perseus:text:1999.02.0172:book=31,Titus Livius (Livy),"Ab Urbe Condita, Book 31
",,
"Perseus:abo:phi,0914,00132",urn:cts:latinLit:phi0914.phi00132.perseus-lat3,Liv. 32,Latin,Perseus:text:1999.02.0172:book=32,Titus Livius (Livy),"Ab Urbe Condita, Book 32
",,
"Perseus:abo:phi,0914,00133",urn:cts:latinLit:phi0914.phi00133.perseus-lat3,Liv. 33,Latin,Perseus:text:1999.02.0172:book=33,Titus Livius (Livy),"Ab Urbe Condita, Book 33
",,
"Perseus:abo:phi,0914,00134",urn:cts:latinLit:phi0914.phi00134.perseus-lat3,Liv. 34,Latin,Perseus:text:1999.02.0172:book=34,Titus Livius (Livy),"Ab Urbe Condita, Book 34
",,
"Perseus:abo:phi,0914,00135",urn:cts:latinLit:phi0914.phi00135.perseus-lat2,Liv. 35,Latin,Perseus:text:1999.02.0172:book=35,Titus Livius (Livy),"Ab Urbe Condita, Book 35
",,
"Perseus:abo:phi,0914,00136",urn:cts:latinLit:phi0914.phi00136.perseus-lat2,Liv. 36,Latin,Perseus:text:1999.02.0172:book=36,Titus Livius (Livy),"Ab Urbe Condita, Book 36
",,
"Perseus:abo:phi,0914,00137",urn:cts:latinLit:phi0914.phi00137.perseus-lat2,Liv. 37,Latin,Perseus:text:1999.02.0172:book=37,Titus Livius (Livy),"Ab Urbe Condita, Book 37
",,
"Perseus:abo:phi,0914,00138",urn:cts:latinLit:phi0914.phi00138.perseus-lat2,Liv. 38,Latin,Perseus:text:1999.02.0172:book=38,Titus Livius (Livy),"Ab Urbe Condita, Book 38
",,
"Perseus:abo:phi,0914,00139",urn:cts:latinLit:phi0914.phi00139.perseus-lat3,Liv. 39,Latin,Perseus:text:1999.02.0174:book=39,Titus Livius (Livy),"Ab Urbe Condita, Book 39
",,
"Perseus:abo:phi,0914,00140",urn:cts:latinLit:phi0914.phi00140.perseus-lat2,Liv. 40,Latin,Perseus:text:1999.02.0174:book=40,Titus Livius (Livy),"Ab Urbe Condita, Book 40
",,
"Perseus:abo:phi,0914,00131",urn:cts:latinLit:phi0914.phi00131.perseus-lat1,Liv. 31,Latin,Perseus:text:1999.02.0176:book=31,Titus Livius (Livy),"Ab Urbe Condita, Book 31
",,
"Perseus:abo:phi,0914,00132",urn:cts:latinLit:phi0914.phi00132.perseus-lat1,Liv. 32,Latin,Perseus:text:1999.02.0176:book=32,Titus Livius (Livy),"Ab Urbe Condita, Book 32
",,
"Perseus:abo:phi,0914,00133",urn:cts:latinLit:phi0914.phi00133.perseus-lat1,Liv. 33,Latin,Perseus:text:1999.02.0177:book=33,Titus Livius (Livy),"Ab Urbe Condita, Book 33
",,
"Perseus:abo:phi,0914,00134",urn:cts:latinLit:phi0914.phi00134.perseus-lat1,Liv. 34,Latin,Perseus:text:1999.02.0177:book=34,Titus Livius (Livy),"Ab Urbe Condita, Book 34
",,
"Perseus:abo:phi,0914,00135",urn:cts:latinLit:phi0914.phi00135.perseus-lat1,Liv. 35,Latin,Perseus:text:1999.02.0178:book=35,Titus Livius (Livy),"Ab Urbe Condita, Book 35
",,
"Perseus:abo:phi,0914,00136",urn:cts:latinLit:phi0914.phi00136.perseus-lat1,Liv. 36,Latin,Perseus:text:1999.02.0178:book=36,Titus Livius (Livy),"Ab Urbe Condita, Book 36
",,
"Perseus:abo:phi,0914,00137",urn:cts:latinLit:phi0914.phi00137.perseus-lat1,Liv. 37,Latin,Perseus:text:1999.02.0178:book=37,Titus Livius (Livy),"Ab Urbe Condita, Book 37
",,
"Perseus:abo:phi,0914,00138",urn:cts:latinLit:phi0914.phi00138.perseus-lat1,Liv. 38,Latin,Perseus:text:1999.02.0178:book=38,Titus Livius (Livy),"Ab Urbe Condita, Book 38
",,
"Perseus:abo:phi,0914,00139",urn:cts:latinLit:phi0914.phi00139.perseus-lat1,Liv. 39,Latin,Perseus:text:1999.02.0179:book=39,Titus Livius (Livy),"Ab Urbe Condita, Book 39
",,
"Perseus:abo:phi,0914,00140",urn:cts:latinLit:phi0914.phi00140.perseus-lat1,Liv. 40,Latin,Perseus:text:1999.02.0179:book=40,Titus Livius (Livy),"Ab Urbe Condita, Book 40
",,
"Perseus:abo:phi,0914,00141",urn:cts:latinLit:phi0914.phi00141.perseus-lat1,Liv. 41,Latin,Perseus:text:1999.02.0180:book=41,Titus Livius (Livy),"Ab Urbe Condita, Book 41
",,
"Perseus:abo:phi,0914,00142",urn:cts:latinLit:phi0914.phi00142.perseus-lat1,Liv. 42,Latin,Perseus:text:1999.02.0180:book=42,Titus Livius (Livy),"Ab Urbe Condita, Book 42
",,
"Perseus:abo:phi,0914,00143",urn:cts:latinLit:phi0914.phi00143.perseus-lat1,Liv. 43,Latin,Perseus:text:1999.02.0181:book=43,Titus Livius (Livy),"Ab Urbe Condita, Book 43
",,
"Perseus:abo:phi,0914,00144",urn:cts:latinLit:phi0914.phi00144.perseus-lat1,Liv. 44,Latin,Perseus:text:1999.02.0181:book=44,Titus Livius (Livy),"Ab Urbe Condita, Book 44
",,
"Perseus:abo:phi,0914,00145",urn:cts:latinLit:phi0914.phi00145.perseus-lat1,Liv. 45,Latin,Perseus:text:1999.02.0182,Titus Livius (Livy),"Ab Urbe Condita, Book 45
",,
"Perseus:abo:phi,0914,0011",urn:cts:latinLit:phi0914.phi0011.perseus-lat2,Liv. 1,Latin,Perseus:text:1999.02.0199:book=1,Titus Livius (Livy),"Ab Urbe Condita, Book 1
",,
"Perseus:abo:phi,0914,0012",urn:cts:latinLit:phi0914.phi0012.perseus-lat2,Liv. 2,Latin,Perseus:text:1999.02.0199:book=2,Titus Livius (Livy),"Ab Urbe Condita, Book 2
",,
"Perseus:abo:phi,0914,00121",urn:cts:latinLit:phi0914.phi00121.perseus-lat1,Liv. 21,Latin,Perseus:text:1999.02.0200:book=21,Titus Livius (Livy),"Ab Urbe Condita, Book 21
",,
"Perseus:abo:phi,0914,00122",urn:cts:latinLit:phi0914.phi00122.perseus-lat1,Liv. 22,Latin,Perseus:text:1999.02.0200:book=22,Titus Livius (Livy),"Ab Urbe Condita, Book 22
",,
"Perseus:abo:phi,0914,0013",urn:cts:latinLit:phi0914.phi0013.perseus-lat3,Liv. 3,Latin,Perseus:text:1999.02.0201:book=3,Titus Livius (Livy),"Ab Urbe Condita, Book 3
",,
"Perseus:abo:phi,0914,0014",urn:cts:latinLit:phi0914.phi0014.perseus-lat3,Liv. 4,Latin,Perseus:text:1999.02.0201:book=4,Titus Livius (Livy),"Ab Urbe Condita, Book 4",,
"Perseus:abo:phi,0914,0015",urn:cts:latinLit:phi0914.phi0015.perseus-lat3,Liv. 5,Latin,Perseus:text:1999.02.0202:book=5,Titus Livius (Livy),"Ab Urbe Condita, Book 5",,
"Perseus:abo:phi,0914,0016",urn:cts:latinLit:phi0914.phi0016.perseus-lat2,Liv. 6,Latin,Perseus:text:1999.02.0202:book=6,Titus Livius (Livy),"Ab Urbe Condita, Book 6",,
"Perseus:abo:phi,0914,0017",urn:cts:latinLit:phi0914.phi0017.perseus-lat2,Liv. 7,Latin,Perseus:text:1999.02.0202:book=7,Titus Livius (Livy),"Ab Urbe Condita, Book 7",,
"Perseus:abo:phi,0914,00123",urn:cts:latinLit:phi0914.phi00123.perseus-lat3,Liv. 23,Latin,Perseus:text:1999.02.0204:book=23,Titus Livius (Livy),"Ab Urbe Condita, Book 23",,
"Perseus:abo:phi,0914,00124",urn:cts:latinLit:phi0914.phi00124.perseus-lat3,Liv. 24,Latin,Perseus:text:1999.02.0204:book=24,Titus Livius (Livy),"Ab Urbe Condita, Book 24",,
"Perseus:abo:phi,0914,00125",urn:cts:latinLit:phi0914.phi00125.perseus-lat3,Liv. 25,Latin,Perseus:text:1999.02.0204:book=25,Titus Livius (Livy),"Ab Urbe Condita, Book 25",,
"Perseus:abo:phi,0914,00126",urn:cts:latinLit:phi0914.phi00126.perseus-lat2,Liv. 26,Latin,Perseus:text:1999.02.0205:book=26,Titus Livius (Livy),"Ab Urbe Condita, Book 26",,
"Perseus:abo:phi,0914,00127",urn:cts:latinLit:phi0914.phi00127.perseus-lat2,Liv. 27,Latin,Perseus:text:1999.02.0205:book=27,Titus Livius (Livy),"Ab Urbe Condita, Book 27",,
"Perseus:abo:phi,0914,00128",urn:cts:latinLit:phi0914.phi00128.perseus-lat3,Liv. 28,Latin,Perseus:text:1999.02.0206:book=28,Titus Livius (Livy),"Ab Urbe Condita, Book 28",,
"Perseus:abo:phi,0914,00129",urn:cts:latinLit:phi0914.phi00129.perseus-lat3,Liv. 29,Latin,Perseus:text:1999.02.0206:book=29,Titus Livius (Livy),"Ab Urbe Condita, Book 29",,
"Perseus:abo:phi,0914,00130",urn:cts:latinLit:phi0914.phi00130.perseus-lat3,Liv. 30,Latin,Perseus:text:1999.02.0206:book=30,Titus Livius (Livy),"Ab Urbe Condita, Book 30",,
"Perseus:abo:phi,0914,00131",urn:cts:latinLit:phi0914.phi00131.perseus-lat2,Liv. 31,Latin,Perseus:text:1999.02.0207:book=31,Titus Livius (Livy),"Ab Urbe Condita, Book 31
",,
"Perseus:abo:phi,0914,00132",urn:cts:latinLit:phi0914.phi00132.perseus-lat2,Liv. 32,Latin,Perseus:text:1999.02.0207:book=32,Titus Livius (Livy),"Ab Urbe Condita, Book 32
",,
"Perseus:abo:phi,0914,00133",urn:cts:latinLit:phi0914.phi00133.perseus-lat2,Liv. 33,Latin,Perseus:text:1999.02.0207:book=33,Titus Livius (Livy),"Ab Urbe Condita, Book 33
",,
"Perseus:abo:phi,0914,00134",urn:cts:latinLit:phi0914.phi00134.perseus-lat2,Liv. 34,Latin,Perseus:text:1999.02.0207:book=34,Titus Livius (Livy),"Ab Urbe Condita, Book 34
",,
"Perseus:abo:phi,0914,00135",urn:cts:latinLit:phi0914.phi00135.perseus-lat3,Liv. 35,Latin,Perseus:text:1999.02.0208:book=35,Titus Livius (Livy),"Ab Urbe Condita, Book 35
",,
"Perseus:abo:phi,0914,00136",urn:cts:latinLit:phi0914.phi00136.perseus-lat3,Liv. 36,Latin,Perseus:text:1999.02.0208:book=36,Titus Livius (Livy),"Ab Urbe Condita, Book 36
",,
"Perseus:abo:phi,0914,00137",urn:cts:latinLit:phi0914.phi00137.perseus-lat3,Liv. 37,Latin,Perseus:text:1999.02.0208:book=37,Titus Livius (Livy),"Ab Urbe Condita, Book 37
",,
"Perseus:abo:phi,0914,00138",urn:cts:latinLit:phi0914.phi00138.perseus-lat3,Liv. 38,Latin,Perseus:text:1999.02.0209:book=38,Titus Livius (Livy),"Ab Urbe Condita, Book 38
",,
"Perseus:abo:phi,0914,00139",urn:cts:latinLit:phi0914.phi00139.perseus-lat2,Liv. 39,Latin,Perseus:text:1999.02.0209:book=39,Titus Livius (Livy),"Ab Urbe Condita, Book 39
",,
"Perseus:abo:phi,0914,00140",urn:cts:latinLit:phi0914.phi00140.perseus-lat3,Liv. 40,Latin,Perseus:text:1999.02.0210:book=40,Titus Livius (Livy),"Ab Urbe Condita, Book 40
",,
"Perseus:abo:phi,0914,00141",urn:cts:latinLit:phi0914.phi00141.perseus-lat2,Liv. 41,Latin,Perseus:text:1999.02.0210:book=41,Titus Livius (Livy),"Ab Urbe Condita, Book 41
",,
"Perseus:abo:phi,0914,00142",urn:cts:latinLit:phi0914.phi00142.perseus-lat2,Liv. 42,Latin,Perseus:text:1999.02.0210:book=42,Titus Livius (Livy),"Ab Urbe Condita, Book 42
",,
"Perseus:abo:phi,0914,00143",urn:cts:latinLit:phi0914.phi00143.perseus-lat3,Liv. 43,Latin,Perseus:text:1999.02.0211:book=43,Titus Livius (Livy),"Ab Urbe Condita, Book 43
",,
"Perseus:abo:phi,0914,00144",urn:cts:latinLit:phi0914.phi00144.perseus-lat3,Liv. 44,Latin,Perseus:text:1999.02.0211:book=44,Titus Livius (Livy),"Ab Urbe Condita, Book 44
",,
"Perseus:abo:phi,0914,00145",urn:cts:latinLit:phi0914.phi00145.perseus-lat3,Liv. 45,Latin,Perseus:text:1999.02.0211:book=45,Titus Livius (Livy),"Ab Urbe Condita, Book 45
",,
"Perseus:abo:phi,0914,001fr",urn:cts:latinLit:phi0914.phi001fr.perseus-lat1,Liv. Frag.,Latin,Perseus:text:1999.02.0143,Titus Livius (Livy),"Ab urbe condita, fragments",,
"Perseus:abo:phi,0917,001",urn:cts:latinLit:phi0917.phi001.perseus-eng1,Luc.,English,Perseus:text:1999.02.0134,M. Annaeus Lucanus (Lucan),Pharsalia,,
"Perseus:abo:phi,0917,001",urn:cts:latinLit:phi0917.phi001.perseus-lat1,Luc.,Latin,Perseus:text:1999.02.0133,M. Annaeus Lucanus (Lucan),Pharsalia,,
"Perseus:abo:phi,0959,001",urn:cts:latinLit:phi0959.phi001.perseus-eng2,Ov. Am.,English,Perseus:text:1999.02.0069:text=Am.,P. Ovidius Naso (Ovid),Amores,,
"Perseus:abo:phi,0959,001",urn:cts:latinLit:phi0959.phi001.perseus-lat1,Ov. Am.,Latin,Perseus:text:1999.02.0068:text=Am.,P. Ovidius Naso (Ovid),Amores,,
"Perseus:abo:phi,0959,002",urn:cts:latinLit:phi0959.phi002.perseus-eng1,Ov. Ep.  ,English,Perseus:text:1999.02.0085,P. Ovidius Naso (Ovid),Epistles,Ov. H.; Ov. Her.; Ov. Epist.,
"Perseus:abo:phi,0959,002",urn:cts:latinLit:phi0959.phi002.perseus-lat1,Ov. Ep.  ,Latin,Perseus:text:1999.02.0068:text=Ep.,P. Ovidius Naso (Ovid),Epistulae ,Ov. H.; Ov. Her.; Ov. Epist.,Also known as Heroides
"Perseus:abo:phi,0959,003",urn:cts:latinLit:phi0959.phi003.perseus-eng1,Ov. Med.,English,Perseus:text:1999.02.0069:text=Med.,P. Ovidius Naso (Ovid),The Art of Beauty,Ov. Medic.; Ov. Med. Fac.,
"Perseus:abo:phi,0959,003",urn:cts:latinLit:phi0959.phi003.perseus-lat1,Ov. Med.,Latin,Perseus:text:1999.02.0068:text=Med.,P. Ovidius Naso (Ovid),Medicamina Faciei Femineae ,Ov. Medic.; Ov. Med. Fac.,
"Perseus:abo:phi,0959,004",urn:cts:latinLit:phi0959.phi004.perseus-eng1,Ov. Ars.,English,Perseus:text:1999.02.0069:text=Ars,P. Ovidius Naso (Ovid),The Art of Love,Ov. A. A. ; Ov. Ars am.,
"Perseus:abo:phi,0959,004",urn:cts:latinLit:phi0959.phi004.perseus-lat1,Ov. Ars.,Latin,Perseus:text:1999.02.0068:text=Ars,P. Ovidius Naso (Ovid),Ars Amatoria,Ov. A. A. ; Ov. Ars am.,
"Perseus:abo:phi,0959,005",urn:cts:latinLit:phi0959.phi005.perseus-eng1,Ov. Rem.,English,Perseus:text:1999.02.0069:text=Rem.,P. Ovidius Naso (Ovid),Remedia Amoris,Ov. Rem. am.; Ov. R. Am. ; R. am.,
"Perseus:abo:phi,0959,005",urn:cts:latinLit:phi0959.phi005.perseus-lat1,Ov. Rem.,Latin,Perseus:text:1999.02.0068:text=Rem.,P. Ovidius Naso (Ovid),Remedy of Love,Ov. Rem. am.; Ov. R. Am. ; R. am.,
"Perseus:abo:phi,0959,006",urn:cts:latinLit:phi0959.phi006.perseus-eng1,Ov. Met.,English,Perseus:text:1999.02.0028,P. Ovidius Naso,Metamorphoses,Ov. M.,
"Perseus:abo:phi,0959,006",urn:cts:latinLit:phi0959.phi006.perseus-eng2,Ov. Met.,English,Perseus:text:1999.02.0074,P. Ovidius Naso,Metamorphoses,Ov. M.,
"Perseus:abo:phi,0959,006",urn:cts:latinLit:phi0959.phi006.perseus-lat1,Ov. Met.,Latin,Perseus:text:1999.02.0029,P. Ovidius Naso,Metamorphoses,Ov. M.,
"Perseus:abo:phi,0959,007",urn:cts:latinLit:phi0959.phi007.perseus-lat1,Ov. Fast.,Latin,Perseus:text:2008.01.0547,P. Ovidius Naso,Fasti,Ov. F.,
"Perseus:abo:phi,0959,008",urn:cts:latinLit:phi0959.phi008.perseus-lat1,Ov. Tr.,Latin,Perseus:text:2008.01.0492,P. Ovidius Naso,Tristia,Ov. Trist.,
"Perseus:abo:phi,0959,009",urn:cts:latinLit:phi0959.phi009.perseus-lat1,Ov. Pont.,Latin,Perseus:text:2008.01.0493,P. Ovidius Naso,Ex Ponto,Ov. P.,
"Perseus:abo:phi,0959,010",urn:cts:latinLit:phi0959.phi010.perseus-lat1,Ov. Ib.,Latin,Perseus:text:2008.01.0548,P. Ovidius Naso,Ibis,,
none,urn:cts:latinLit:phi0969.phi001.perseus-lat1,Pers.,Latin,Perseus:text:2008.01.0497,Persius,Satires,Petr. S.; Petr. Sat.,
"Perseus:abo:phi,0972,001",urn:cts:latinLit:phi0972.phi001.perseus-eng1,Petr.  ,English,Perseus:text:2007.01.0027:text=Satyricon,Petronius,Satires,Petr. S.; Petr. Sat.,
"Perseus:abo:phi,0972,001",urn:cts:latinLit:phi0972.phi001.perseus-lat1,Petr.  ,Latin,Perseus:text:2007.01.0001:text=Satyricon,Petronius,Satires,Petr. S.; Petr. Sat.,
"Perseus:abo:phi,0972,001f",urn:cts:latinLit:phi0972.phi001f.perseus-eng1,Petr. Fr.,English,Perseus:text:2007.01.0027:text=Fragments,Petronius,Fragments,,Not a real work-combined with Satyricon I believe for Scaife
"Perseus:abo:phi,0972,001f",urn:cts:latinLit:phi0972.phi001f.perseus-lat1,Petr. Fr.,Latin,Perseus:text:2007.01.0001:text=Fragments,Petronius,Fragments,,Not a real work-combined with Satyricon I believe for Scaife
"Perseus:abo:phi,0972,001p",urn:cts:latinLit:phi0972.phi001p.perseus-eng1,Petr. Poems,English,Perseus:text:2007.01.0027:text=Poems,Petronius,Poems,,Not a real work-combined with Satyricon I believe for Scaife
"Perseus:abo:phi,0972,001p",urn:cts:latinLit:phi0972.phi001p.perseus-lat1,Petr. Poems,Latin,Perseus:text:2007.01.0001:text=Poems,Petronius,Poems,,Not a real work-combined with Satyricon I believe for Scaife
"Perseus:abo:phi,0975,001",urn:cts:latinLit:phi0975.phi001.perseus-eng1,Phaed.,English,Perseus:text:1999.02.0119,Phaedrus,The Fables of Phaedrus,Phaedr.,
"Perseus:abo:phi,0975,001",urn:cts:latinLit:phi0975.phi001.perseus-lat1,Phaed.,Latin,Perseus:text:1999.02.0118,Phaedrus,Fabulae Aesopiae,Phaedr.,
"Perseus:abo:phi,0978,001",urn:cts:latinLit:phi0978.phi001.perseus-eng1,Plin. Nat.,English,Perseus:text:1999.02.0137,Pliny the Elder,The Natural History,Plin. H. Nat.; Plin. H.N.,
"Perseus:abo:phi,0978,001",urn:cts:latinLit:phi0978.phi001.perseus-lat1,Plin. Nat.,Latin,Perseus:text:1999.02.0138,Pliny the Elder,Naturalis Historia,Plin. H. Nat.; Plin. H.N.,
none,urn:cts:latinLit:phi1002.phi001.perseus-lat2,Quint. Inst. Pref.,Latin,none,Quintilian,Institutio Oratoriae,Quint. Inst.; Quint.,
none,urn:cts:latinLit:phi1002.phi001.perseus-eng2,Quint. Inst. Pref.,English,none,Quintilian,Institutio Oratoriae,Quint. Inst.; Quint.,
"Perseus:abo:phi,1002,0011",urn:cts:latinLit:phi1002.phi0011.perseus-lat1,Quint. Inst. 1,Latin,Perseus:text:2007.01.0059:book=1,Quintilian,"Institutio Oratoria, Book 1",,These following URNs are deprecated-work is no longer divided up on Scaife 
"Perseus:abo:phi,1002,0012",urn:cts:latinLit:phi1002.phi0012.perseus-lat1,Quint. Inst. 2,Latin,Perseus:text:2007.01.0059:book=2,Quintilian,"Institutio Oratoria, Book 2",,
"Perseus:abo:phi,1002,0013",urn:cts:latinLit:phi1002.phi0013.perseus-lat1,Quint. Inst. 3,Latin,Perseus:text:2007.01.0059:book=3,Quintilian,"Institutio Oratoria, Book 3",,
"Perseus:abo:phi,1002,001p",urn:cts:latinLit:phi1002.phi001p.perseus-lat1,Quint. Inst. Pref.,Latin,Perseus:text:2007.01.0059:book=epTryph,Quintilian,"Institutio Oratoria, Preface",,
"Perseus:abo:phi,1002,0011",urn:cts:latinLit:phi1002.phi0011.perseus-eng1,Quint. Inst. 1,English,Perseus:text:2007.01.0060:book=1,Quintilian,"Institutio Oratoria, Book 1",,
"Perseus:abo:phi,1002,0012",urn:cts:latinLit:phi1002.phi0012.perseus-eng1,Quint. Inst. 2,English,Perseus:text:2007.01.0060:book=2,Quintilian,"Institutio Oratoria, Book 2",,
"Perseus:abo:phi,1002,0013",urn:cts:latinLit:phi1002.phi0013.perseus-eng1,Quint. Inst. 3,English,Perseus:text:2007.01.0060:book=3,Quintilian,"Institutio Oratoria, Book 3",,
"Perseus:abo:phi,1002,001p",urn:cts:latinLit:phi1002.phi001p.perseus-eng1,Quint. Inst. Pref.,English,Perseus:text:2007.01.0060:book=epTryph,Quintilian,"Institutio Oratoria, Preface",,
"Perseus:abo:phi,1002,0014",urn:cts:latinLit:phi1002.phi0014.perseus-lat1,Quint. Inst. 4,Latin,Perseus:text:2007.01.0062:book=4,Quintilian,"Institutio Oratoria, Book 4",,
"Perseus:abo:phi,1002,0015",urn:cts:latinLit:phi1002.phi0015.perseus-lat1,Quint. Inst. 5,Latin,Perseus:text:2007.01.0062:book=5,Quintilian,"Institutio Oratoria, Book 5",,
"Perseus:abo:phi,1002,0016",urn:cts:latinLit:phi1002.phi0016.perseus-lat1,Quint. Inst. 6,Latin,Perseus:text:2007.01.0062:book=6,Quintilian,"Institutio Oratoria, Book 6",,
"Perseus:abo:phi,1002,0014",urn:cts:latinLit:phi1002.phi0014.perseus-eng1,Quint. Inst. 4,English,Perseus:text:2007.01.0063:book=4,Quintilian,"Institutio Oratoria, Book 4",,
"Perseus:abo:phi,1002,0015",urn:cts:latinLit:phi1002.phi0015.perseus-eng1,Quint. Inst. 5,English,Perseus:text:2007.01.0063:book=5,Quintilian,"Institutio Oratoria, Book 5",,
"Perseus:abo:phi,1002,0016",urn:cts:latinLit:phi1002.phi0016.perseus-eng1,Quint. Inst. 6,English,Perseus:text:2007.01.0063:book=6,Quintilian,"Institutio Oratoria, Book 6",,
"Perseus:abo:phi,1002,0017",urn:cts:latinLit:phi1002.phi0017.perseus-lat1,Quint. Inst. 7,Latin,Perseus:text:2007.01.0065:book=7,Quintilian,"Institutio Oratoria, Book 7",,
"Perseus:abo:phi,1002,0018",urn:cts:latinLit:phi1002.phi0018.perseus-lat1,Quint. Inst. 8,Latin,Perseus:text:2007.01.0065:book=8,Quintilian,"Institutio Oratoria, Book 8",,
"Perseus:abo:phi,1002,0019",urn:cts:latinLit:phi1002.phi0019.perseus-lat1,Quint. Inst. 9,Latin,Perseus:text:2007.01.0065:book=9,Quintilian,"Institutio Oratoria, Book 9",,
"Perseus:abo:phi,1002,0017",urn:cts:latinLit:phi1002.phi0017.perseus-eng1,Quint. Inst. 7,English,Perseus:text:2007.01.0066:book=7,Quintilian,"Institutio Oratoria, Book 7",,
"Perseus:abo:phi,1002,0018",urn:cts:latinLit:phi1002.phi0018.perseus-eng1,Quint. Inst. 8,English,Perseus:text:2007.01.0066:book=8,Quintilian,"Institutio Oratoria, Book 8",,
"Perseus:abo:phi,1002,0019",urn:cts:latinLit:phi1002.phi0019.perseus-eng1,Quint. Inst. 9,English,Perseus:text:2007.01.0066:book=9,Quintilian,"Institutio Oratoria, Book 9",,
"Perseus:abo:phi,1002,00110",urn:cts:latinLit:phi1002.phi00110.perseus-lat1,Quint. Inst. 10,Latin,Perseus:text:2007.01.0068:book=10,Quintilian,"Institutio Oratoria, Book 10",,
"Perseus:abo:phi,1002,00111",urn:cts:latinLit:phi1002.phi00111.perseus-lat1,Quint. Inst. 11,Latin,Perseus:text:2007.01.0068:book=11,Quintilian,"Institutio Oratoria, Book 11",,
"Perseus:abo:phi,1002,00112",urn:cts:latinLit:phi1002.phi00112.perseus-lat1,Quint. Inst. 12,Latin,Perseus:text:2007.01.0068:book=12,Quintilian,"Institutio Oratoria, Book 12",,
"Perseus:abo:phi,1002,00110",urn:cts:latinLit:phi1002.phi00110.perseus-eng1,Quint. Inst. 10,English,Perseus:text:2007.01.0069:book=10,Quintilian,"Institutio Oratoria, Book 10",,
"Perseus:abo:phi,1002,00111",urn:cts:latinLit:phi1002.phi00111.perseus-eng1,Quint. Inst. 11,English,Perseus:text:2007.01.0069:book=11,Quintilian,"Institutio Oratoria, Book 11",,
"Perseus:abo:phi,1002,00112",urn:cts:latinLit:phi1002.phi00112.perseus-eng1,Quint. Inst. 12,English,Perseus:text:2007.01.0069:book=12,Quintilian,"Institutio Oratoria, Book 12",,
"Perseus:abo:phi,1014,001",urn:cts:latinLit:phi1014.phi001.perseus-lat1,Sen. Con.,Latin,Perseus:text:2008.01.0563,Seneca the Elder,Controversiae,Sen. Contr.; Sen. rhet. Contr.; Sen. Controv.,
"Perseus:abo:phi,1014,002",urn:cts:latinLit:phi1014.phi002.perseus-lat1,Sen. Exc. Con.,Latin,Perseus:text:2008.01.0564,Seneca the Elder,Excerpta Controversiae,,
"Perseus:abo:phi,1014,003",urn:cts:latinLit:phi1014.phi003.perseus-lat1,Sen. Suas.,Latin,Perseus:text:2008.01.0562,Seneca the Elder,Suasoriae,,
"Perseus:abo:phi,1014,004",urn:cts:latinLit:phi1014.phi004.perseus-lat1,Sen. Eld. Fr.,Latin,Perseus:text:2008.01.0565,Seneca the Elder,Fragmenta,,
"Perseus:abo:phi,1017,001",urn:cts:latinLit:phi1017.phi001.perseus-lat1,Sen. Her. F.,Latin,Perseus:text:2007.01.0003,"Seneca, Lucius Annaeus",Hercules Furens,Sen. Herc. Fur. ; Sen. Herc. F. ; Sen. HF,
"Perseus:abo:phi,1017,002",urn:cts:latinLit:phi1017.phi002.perseus-lat1,Sen. Tro.,Latin,Perseus:text:2007.01.0011,"Seneca, Lucius Annaeus",Troades,Sen. Troad.,
"Perseus:abo:phi,1017,003",urn:cts:latinLit:phi1017.phi003.perseus-lat1,Sen. Phoen.,Latin,Perseus:text:2007.01.0009,"Seneca, Lucius Annaeus",Phoenissae,,
"Perseus:abo:phi,1017,004",urn:cts:latinLit:phi1017.phi004.perseus-lat1,Sen. Med.,Latin,Perseus:text:2007.01.0005,"Seneca, Lucius Annaeus",Medea,,
"Perseus:abo:phi,1017,005",urn:cts:latinLit:phi1017.phi005.perseus-lat1,Sen. Phaed.,Latin,Perseus:text:2007.01.0008,"Seneca, Lucius Annaeus",Phaedra,Sen. Phaedr. ; Sen. Hippol. ; Sen. Hipp.,Also known as Hippolytus
"Perseus:abo:phi,1017,006",urn:cts:latinLit:phi1017.phi006.perseus-lat1,Sen. Oed.,Latin,Perseus:text:2007.01.0007,"Seneca, Lucius Annaeus",Oedipus,Sen. Oedip.,
"Perseus:abo:phi,1017,007",urn:cts:latinLit:phi1017.phi007.perseus-lat1,Sen. Ag.,Latin,Perseus:text:2007.01.0002,"Seneca, Lucius Annaeus",Agamemnon,Sen. Agam.,
"Perseus:abo:phi,1017,008",urn:cts:latinLit:phi1017.phi008.perseus-lat1,Sen. Thy.,Latin,Perseus:text:2007.01.0010,"Seneca, Lucius Annaeus",Thyestes,Sen. Thyest.,
"Perseus:abo:phi,1017,009",urn:cts:latinLit:phi1017.phi009.perseus-lat1,Sen. Her. O.,Latin,Perseus:text:2007.01.0004,"Seneca, Lucius Annaeus",Hercules Oetaeus,Sen. Herc. Oet.,
"Perseus:abo:phi,1017,010",urn:cts:latinLit:phi1017.phi010.perseus-lat1,Sen. Oct.,Latin,Perseus:text:2007.01.0006,"Seneca, Lucius Annaeus",Octavia,Sen. Octav.,
"Perseus:abo:phi,1017,011",urn:cts:latinLit:phi1017.phi011.perseus-eng1,Sen. Apoc.,English,Perseus:text:2007.01.0029,"Seneca, Lucius Annaeus",Apocolocyntosis,Sen.Apocol.,
"Perseus:abo:phi,1017,011",urn:cts:latinLit:phi1017.phi011.perseus-lat1,Sen. Apoc.,Latin,Perseus:text:2007.01.0028,"Seneca, Lucius Annaeus",Apocolocyntosis,Sen.Apocol.,
"Perseus:abo:phi,1017,013",urn:cts:latinLit:phi1017.phi013.perseus-lat1,Sen. Ben.,Latin,Perseus:text:2007.01.0023,"Seneca, Lucius Annaeus",De Beneficiis,Sen. Benef.  ; Sen. de Ben.,
"Perseus:abo:phi,1017,014",urn:cts:latinLit:phi1017.phi014.perseus-lat1,Sen. Cl.,Latin,Perseus:text:2007.01.0015,"Seneca, Lucius Annaeus",De Clementia,Sen.Clem.,
"Perseus:abo:phi,1017,015",urn:cts:latinLit:phi1017.phi015.perseus-lat1,Sen. Ep.,Latin,Perseus:text:2007.01.0080,"Seneca, Lucius Annaeus",Ad Lucilium Epistulae Morales,,
"Perseus:abo:phi,1020,001",urn:cts:latinLit:phi1020.phi001.perseus-lat1,Stat. Theb.,Latin,Perseus:text:2008.01.0498,Statius,Thebais,Stat. Theb.,
none,urn:cts:latinLit:phi1020.phi002.perseus-lat1,Stat. Silv.,Latin,Perseus:text:2008.01.0499,Statius,Silvae,Stat. S.,
none,urn:cts:latinLit:phi1020.phi003.perseus-lat1,Stat. Ach.,Latin,Perseus:text:2008.01.0500,Statius,Achilleis,Stat. Achil.,
none,urn:cts:latinLit:phi1035.phi001.perseus-lat1,V. Fl.,Latin,Perseus:text:2007.01.0058,C. Valerius Flaccus,Argonautica,Val. Fl.,
none,urn:cts:latinLit:phi1038.phi001.perseus-lat1,V. Max.,Latin,Perseus:text:2008.01.0675,Valerius Maximus,Facta et Dicta Memorabilia,Val. Max.,
"Perseus:abo:phi,1056,001",urn:cts:latinLit:phi1056.phi001.perseus-eng1,Vitr.,English,Perseus:text:1999.02.0073,Vitruvius Pollio,The Ten Books on Architecture,,
"Perseus:abo:phi,1056,001",urn:cts:latinLit:phi1056.phi001.perseus-lat1,Vitr.,Latin,Perseus:text:1999.02.0072,Vitruvius Pollio,De Architectura,,
"Perseus:abo:phi,1212,001",urn:cts:latinLit:phi1212.phi001.perseus-lat1,Apul. Apol.,Latin,Perseus:text:2008.01.0501,Apuleius,Apologia,App. Apol; App. Mag.,
"Perseus:abo:phi,1212,002",urn:cts:latinLit:phi1212.phi002.perseus-eng1,Apul. Met.,English,none,Apuleius,Metamorphoses,"App. Met., App. M.",
"Perseus:abo:phi,1212,002",urn:cts:latinLit:phi1212.phi002.perseus-lat1,Apul. Met.,Latin,Perseus:text:2008.01.0502,Apuleius,Metamorphoses,"App. Met., App. M.",
"Perseus:abo:phi,1212,003",urn:cts:latinLit:phi1212.phi003.perseus-lat1,Apul. Fl.,Latin,Perseus:text:2008.01.0503,Apuleius,Florida,App. Flor.,
"Perseus:abo:phi,1221,007",urn:cts:latinLit:phi1221.phi007.perseus-lat1,Aug. Anc.,Latin,Perseus:text:1999.02.0127,Augustus,Res Gestae Divi Augusti,Monum.Ancyr.,
"Perseus:abo:phi,1242,001",urn:cts:latinLit:phi1242.phi001.perseus-lat1,Flor. Epit.,Latin,Perseus:text:2008.01.0496,Florus,Epitome Rerum Romanorum,Flor.,
"Perseus:abo:phi,1254,001",urn:cts:latinLit:phi1254.phi001.perseus-eng1,Gel.,English,Perseus:text:2007.01.0072,Aulus Gellius,Attic Nights,Gell.,
"Perseus:abo:phi,1254,001",urn:cts:latinLit:phi1254.phi001.perseus-lat1,Gel.,Latin,Perseus:text:2007.01.0071,Aulus Gellius,Attic Nights,Gell.,
"Perseus:abo:phi,1276,001",urn:cts:latinLit:phi1276.phi001.perseus-lat1,Juv.,Latin,Perseus:text:2007.01.0093,Juvenal,Satires,Iuv.,
"Perseus:abo:phi,1294,002",urn:cts:latinLit:phi1294.phi002.perseus-lat1,Mart.,Latin,Perseus:text:2008.01.0506,Martial,Epigrammata,Mar. Ep.,
"Perseus:abo:phi,1318,001",urn:cts:latinLit:phi1318.phi001.perseus-lat1,Plin. Ep.,Latin,Perseus:text:1999.02.0139,Pliny,Letters,Plin. Min. Ep.,
"Perseus:abo:phi,1345,001",urn:cts:latinLit:phi1345.phi001.perseus-lat1,none,Latin,Perseus:text:2008.01.0674,Silius Italicus,Punica,Sil.; Sil. Pun.,
"Perseus:abo:phi,1348,011",urn:cts:latinLit:phi1348.abo011.perseus-eng1,Suet. Jul.,English,Perseus:text:1999.02.0132:life=jul.,Suetonius,Divus Julius ,Suet. Iul.; Suet. Caes.,
"Perseus:abo:phi,1348,011",urn:cts:latinLit:phi1348.abo011.perseus-lat1,Suet. Jul.,Latin,Perseus:text:1999.02.0061:life=jul.,Suetonius,Divus Julius ,Suet. Iul.; Suet. Caes.,
"Perseus:abo:phi,1348,012",urn:cts:latinLit:phi1348.abo012.perseus-eng1,Suet. Aug.,English,Perseus:text:1999.02.0132:life=aug.,Suetonius,Divus Augustus,,
"Perseus:abo:phi,1348,012",urn:cts:latinLit:phi1348.abo012.perseus-lat1,Suet. Aug.,Latin,Perseus:text:1999.02.0061:life=aug.,Suetonius,Divus Augustus,,
"Perseus:abo:phi,1348,013",urn:cts:latinLit:phi1348.abo013.perseus-eng1,Suet. Tib.,English,Perseus:text:1999.02.0132:life=tib.,Suetonius,Tiberius,,
"Perseus:abo:phi,1348,013",urn:cts:latinLit:phi1348.abo013.perseus-lat1,Suet. Tib.,Latin,Perseus:text:1999.02.0061:life=tib.,Suetonius,Tiberius,,
"Perseus:abo:phi,1348,014",urn:cts:latinLit:phi1348.abo014.perseus-eng1,Suet. Cal.,English,Perseus:text:1999.02.0132:life=cal.,Suetonius,Caligula,Suet. Calig,
"Perseus:abo:phi,1348,014",urn:cts:latinLit:phi1348.abo014.perseus-lat1,Suet. Cal.,Latin,Perseus:text:1999.02.0061:life=cal.,Suetonius,Caligula,Suet. Calig,
"Perseus:abo:phi,1348,015",urn:cts:latinLit:phi1348.abo015.perseus-eng1,Suet. Cl.,English,Perseus:text:1999.02.0132:life=cl.,Suetonius,Divus Claudius,Suet. Claud.,
"Perseus:abo:phi,1348,015",urn:cts:latinLit:phi1348.abo015.perseus-lat1,Suet. Cl.,Latin,Perseus:text:1999.02.0061:life=cl.,Suetonius,Divus Claudius,Suet. Claud.,
"Perseus:abo:phi,1348,016",urn:cts:latinLit:phi1348.abo016.perseus-eng1,Suet. Nero,English,Perseus:text:1999.02.0132:life=nero,Suetonius,Nero,Suet. Ner.,
"Perseus:abo:phi,1348,016",urn:cts:latinLit:phi1348.abo016.perseus-lat1,Suet. Nero,Latin,Perseus:text:1999.02.0061:life=nero,Suetonius,Nero,Suet. Ner.,
"Perseus:abo:phi,1348,017",urn:cts:latinLit:phi1348.abo017.perseus-eng1,Suet. Gal.,English,Perseus:text:1999.02.0132:life=gal.,Suetonius,Galba,Suet. Galb.,
"Perseus:abo:phi,1348,017",urn:cts:latinLit:phi1348.abo017.perseus-lat1,Suet. Gal.,Latin,Perseus:text:1999.02.0061:life=gal.,Suetonius,Galba,Suet. Galb.,
"Perseus:abo:phi,1348,018",urn:cts:latinLit:phi1348.abo018.perseus-eng1,Suet. Otho,English,Perseus:text:1999.02.0132:life=otho,Suetonius,Otho,Suet. Oth.,
"Perseus:abo:phi,1348,018",urn:cts:latinLit:phi1348.abo018.perseus-lat1,Suet. Otho,Latin,Perseus:text:1999.02.0061:life=otho,Suetonius,Otho,Suet. Oth.,
"Perseus:abo:phi,1348,019",urn:cts:latinLit:phi1348.abo019.perseus-eng1,Suet. Vit.,English,Perseus:text:1999.02.0132:life=vit.,Suetonius,Vitellius,,
"Perseus:abo:phi,1348,019",urn:cts:latinLit:phi1348.abo019.perseus-lat1,Suet. Vit.,Latin,Perseus:text:1999.02.0061:life=vit.,Suetonius,Vitellius,,
"Perseus:abo:phi,1348,020",urn:cts:latinLit:phi1348.abo020.perseus-eng1,Suet. Ves.,English,Perseus:text:1999.02.0132:life=ves.,Suetonius,Divus Vespasianus,Suet. Vesp.,
"Perseus:abo:phi,1348,020",urn:cts:latinLit:phi1348.abo020.perseus-lat1,Suet. Ves.,Latin,Perseus:text:1999.02.0061:life=ves.,Suetonius,Divus Vespasianus,Suet. Vesp.,
"Perseus:abo:phi,1348,021",urn:cts:latinLit:phi1348.abo021.perseus-eng1,Suet. Tit.,English,Perseus:text:1999.02.0132:life=tit.,Suetonius,Divus Titus,,
"Perseus:abo:phi,1348,021",urn:cts:latinLit:phi1348.abo021.perseus-lat1,Suet. Tit.,Latin,Perseus:text:1999.02.0061:life=tit.,Suetonius,Divus Titus,,
"Perseus:abo:phi,1348,022",urn:cts:latinLit:phi1348.abo022.perseus-eng1,Suet. Dom.,English,Perseus:text:1999.02.0132:life=dom.,Suetonius,Domitianus,,
"Perseus:abo:phi,1348,022",urn:cts:latinLit:phi1348.abo022.perseus-lat1,Suet. Dom.,Latin,Perseus:text:1999.02.0061:life=dom.,Suetonius,Domitianus,,
"Perseus:abo:phi,1351,001",urn:cts:latinLit:phi1351.phi001.perseus-eng1,Tac. Ag.,English,Perseus:text:1999.02.0132:life=agricola,Cornelius Tacitus,Agircola ,Tac. Agr.,
"Perseus:abo:phi,1351,001",urn:cts:latinLit:phi1351.phi001.perseus-eng2,Tac. Ag.,English,Perseus:text:1999.02.0081,Cornelius Tacitus,The Life of Gnaeus Julius Agricola,Tac. Agr.,
"Perseus:abo:phi,1351,001",urn:cts:latinLit:phi1351.phi001.perseus-lat1,Tac. Ag.,Latin,Perseus:text:1999.02.0084,Cornelius Tacitus,De Vita Iulii Agricolae,Tac. Agr.,
"Perseus:abo:phi,1351,002",urn:cts:latinLit:phi1351.phi002.perseus-eng1,Tac. Ger.,English,Perseus:text:1999.02.0083,Cornelius Tacitus,Germany and its Tribes,Tac. Germ.,
"Perseus:abo:phi,1351,002",urn:cts:latinLit:phi1351.phi002.perseus-lat1,Tac. Ger.,Latin,Perseus:text:2007.01.0090,Cornelius Tacitus,de Origine et Situ Germanorum Liber,Tac. Germ.,
"Perseus:abo:phi,1351,003",urn:cts:latinLit:phi1351.phi003.perseus-eng1,Tac. Dial.,English,Perseus:text:1999.02.0082,Cornelius Tacitus,A Dialogue on Oratory,Tac. Or.,
"Perseus:abo:phi,1351,003",urn:cts:latinLit:phi1351.phi003.perseus-lat1,Tac. Dial.,Latin,Perseus:text:2007.01.0089,Cornelius Tacitus,Dialogus de Oratoribus,Tac. Or.,
"Perseus:abo:phi,1351,004",urn:cts:latinLit:phi1351.phi004.perseus-eng1,Tac. Hist.,English,Perseus:text:1999.02.0080,Cornelius Tacitus,The History,Tac. H.,
"Perseus:abo:phi,1351,004",urn:cts:latinLit:phi1351.phi004.perseus-lat1,Tac. Hist.,Latin,Perseus:text:1999.02.0079,Cornelius Tacitus,Historiae,Tac. H.,
"Perseus:abo:phi,1351,005",urn:cts:latinLit:phi1351.phi005.perseus-eng1,Tac. Ann.,English,Perseus:text:1999.02.0078,Cornelius Tacitus,The Annals,Tac. A.,
"Perseus:abo:phi,1351,005",urn:cts:latinLit:phi1351.phi005.perseus-lat1,Tac. Ann.,Latin,Perseus:text:1999.02.0077,Cornelius Tacitus,Annales,Tac. A.,
none,urn:cts:latinLit:phi2331.phi001.perseus-lat1,Ael. Sp. Had,Latin,Perseus:text:2008.01.0508:work=1,Scriptores historiae Augustae,De Vita Hadriani,SHA Hadr.; Spart. Hadr. ;  Spart. Had.; HA Hadr. ; Hist. Aug. Hadr.,
none,urn:cts:latinLit:phi2331.phi002.perseus-lat1,Ael. Sp. Hel,Latin,Perseus:text:2008.01.0508:work=2,Scriptores historiae Augustae,Helius,SHA Ael.; HA Ael.. Hist. Aug. Ael.;  Spart. Ael. Ver. ; Spart. Ver. ;  Spart. Hel.,
none,urn:cts:latinLit:phi2331.phi003.perseus-lat1,none,Latin,Perseus:text:2008.01.0508:work=3,Scriptores historiae Augustae,Antoninus Pius,SHA Ant. Pius; Hist. Aug. Pius; HA Pius; Capitol.Anton. ; Capitol. Ant. P. ; Capitol. Anton. Pius ; Capitol. Anton. P.,
none,urn:cts:latinLit:phi2331.phi004.perseus-lat1,none,Latin,Perseus:text:2008.01.0508:work=4,Scriptores historiae Augustae,Marcus Antoninus Philosophus,SHA M. Ant.; HA Marc.; Hist. Aug. Marc.; Capitol.M.Anton.Phil. ; Capitol. M. Anton. Phil.  ; Capitol Anton. Philos.  ;  Capitol. Ant. Phil. ;  Capitol. Anton. Phil. ; Capitol M. Aur. ; Capitol. M. Aurel. ; Capitol. Marc. Aur. ;  Capitol. M. Antonin.,
none,urn:cts:latinLit:phi2331.phi005.perseus-lat1,none,Latin,Perseus:text:2008.01.0508:work=5,Scriptores historiae Augustae,Verus,SHA Verus; Hist. Aug. Ver.;  HA Ver. ; Capitol. Ver. ; Capitol. Verr.,
none,urn:cts:latinLit:phi2331.phi006.perseus-lat1,none,Latin,Perseus:text:2008.01.0508:work=6,Scriptores historiae Augustae,Avidius Casius,SHA Avid. Cass.; HA Av. Cass. ; Hist. Aug. Av. Cass.; Vulc.Gall.Av.Cass.; Vulc. Gall. Av. Cass. ; Vulc. Av. ; Vulc. Gallic. Av. ; Vulc. Gall. Avid. Cass.,
none,urn:cts:latinLit:phi2331.phi007.perseus-lat1,none,Latin,Perseus:text:2008.01.0508:work=7,Scriptores historiae Augustae,Commodus Antoninus,SHA Comm.; HA Comm. ; Hist. Aug. Comm. ; Lampr.Commod.; Lampr. Comm.,
none,urn:cts:latinLit:phi2331.phi008.perseus-lat1,none,Latin,Perseus:text:2008.01.0508:work=8,Scriptores historiae Augustae,Pertinax,SHA Pert.; HA Pert. ; Hist. Aug. Pert.; Capitol.Pertin. ; Capitol. Pert. ; Capitol. Pertin,
none,urn:cts:latinLit:phi2331.phi009.perseus-lat1,none,Latin,Perseus:text:2008.01.0508:work=9,Scriptores historiae Augustae,Didius Julianus,SHA Did. Iul.; Spart. Did. Jul. ; Spart. Julian.; HA Did. Iul.; Hist. Aug. Did. Iul. ,
none,urn:cts:latinLit:phi2331.phi010.perseus-lat1,none,Latin,Perseus:text:2008.01.0508:work=10,Scriptores historiae Augustae,Severus,SHA Sev.; Spart. Sever. ; Spart. Sev. ; Spart. Vit. Sev.; HA Sev. Alex. ; Hist. Aug. Sev. ,
none,urn:cts:latinLit:phi2331.phi011.perseus-lat1,none,Latin,Perseus:text:2008.01.0508:work=11,Scriptores historiae Augustae,Pescennius Niger,SHA Pesc. Nig.; Spart. Pesc. Nig. ; Spart. Pescen. Nig. ; Spart. Pescenn. Nig. ; Spart. Nig. ; Spart. Nigrid. ; Spart. Pesc; HA Pesc. Nig. ; Hist. Aug. Pesc. Nig. ,
none,urn:cts:latinLit:phi2331.phi012.perseus-lat1,none,Latin,Perseus:text:2008.01.0508:work=12,Scriptores historiae Augustae,Clodinus Albinus,SHA Clod. ; HA Cl. Alb. ; Hist. Aug. Cl. Alb. ; Capitol.Alb. ; Capitol. Clod. Alb. ; Capitol. Albin.,
none,urn:cts:latinLit:phi2331.phi013.perseus-lat1,Ael. Sp. Car,Latin,Perseus:text:2008.01.0509:work=13,Scriptores historiae Augustae,Antoninus Caracalla,Spart. Car. ;Spart. Carac. ; Spart. ap. Carac. ; Spart. Caracall.; HA Carac. ; SHA Carac.; Hist. Aug. Carac.,
none,urn:cts:latinLit:phi2331.phi014.perseus-lat1,none,Latin,Perseus:text:2008.01.0509:work=14,Scriptores historiae Augustae,Antoninus Geta,Spart. Get. ; Spart. Ant. Get. ; Spart. Anton. Get.; HA Get.; Hist. Aug. Get. ; SHA Get.,
none,urn:cts:latinLit:phi2331.phi015.perseus-lat1,none,Latin,Perseus:text:2008.01.0509:work=15,Scriptores historiae Augustae,Opilius Macrinus,HA Macr. ; Hist. Aug. Macr. ; SHA Macr.; Capitol. Macrin. ; Capitol. Opil. Macr. ; Capitol. Macr. ; ,
none,urn:cts:latinLit:phi2331.phi016.perseus-lat1,none,Latin,Perseus:text:2008.01.0509:work=16,Scriptores historiae Augustae,Diadumenus Antoninus,HA Diad.; SHA Diad.; Hist. Aug. Diad.; Lampr.Diad. ; Lampr. Diad. ; Lampr. Diadum. ; Lampr. Anton. Diadum.,
none,urn:cts:latinLit:phi2331.phi017.perseus-lat1,none,Latin,Perseus:text:2008.01.0509:work=17,Scriptores historiae Augustae,Antoninus Heliogobalus,SHA Heliogab.; HA Heliog.; Hist. Aug. Elag. ; Lampr. Elag.  ; Lampr. Hel. ; Lampr. Heliog.,
none,urn:cts:latinLit:phi2331.phi018.perseus-lat1,none,Latin,Perseus:text:2008.01.0509:work=18,Scriptores historiae Augustae,Alexander Severus,SHA Alex. Sev.;  HA Alex. Sev; Hist. Aug. Alex. Sev.; Lampr.Alex.Sev,
none,urn:cts:latinLit:phi2331.phi019.perseus-lat1,none,Latin,Perseus:text:2008.01.0509:work=19,Scriptores historiae Augustae,Maximini Duo,SHA Max.; HA Max. Duo ; Hist. Aug. Maximin. ; Capitol. Maxim. ;  Capitol. Max. Jun.,
none,urn:cts:latinLit:phi2331.phi020.perseus-lat1,none,Latin,Perseus:text:2008.01.0509:work=20,Scriptores historiae Augustae,Goridani Tres,HA Gord. Tres ; Hist. Aug. Gord. ; SHA Gord.; Capitol. Gord.,
none,urn:cts:latinLit:phi2331.phi021.perseus-lat1,none,Latin,Perseus:text:2008.01.0509:work=21,Scriptores historiae Augustae,Maximus et Balbinus,HA Max. et Balb. ; Hist. Aug. Max. Balb. ; SHA Max. Balb.; Capitol.Balb.; Capitol. Balb.;  Capitol. Max. et Balb. ; Capitol. Max and Balbin.,
none,urn:cts:latinLit:phi2331.phi022.perseus-lat1,none,Latin,Perseus:text:2008.01.0510:work=22,Scriptores historiae Augustae,Valeriani Duo,HA Valer. ; Hist. Aug. Valer. ; SHA Valer. ; Treb. Pol. Val. ; Treb. Poll. Val. ; Treb. Val.,
none,urn:cts:latinLit:phi2331.phi023.perseus-lat1,none,Latin,Perseus:text:2008.01.0510:work=23,Scriptores historiae Augustae,Gallieni Duo,HA Gall. ; SHA Gall. ; Hist. Aug. Gall. ; Treb. Gall.  ; Treb. Pol. Gall. ; Treb. Poll. Gall.  ;  Treb. Pol. Gallien. ; Trebell. Gallien.,
none,urn:cts:latinLit:phi2331.phi024.perseus-lat1,none,Latin,Perseus:text:2008.01.0510:work=24,Scriptores historiae Augustae,Tyranni Triginta,SHA Tyr. Trig.; HA Tyr. Trig.; Hist. Aug. Tyr. Trig. ; Treb.Pol.Trig.Tyr.;  Treb. Pol. Trig. Tyr. ; Treb. Poll. Trig. Tyr ; Treb. Poll. Tyr. ;  Treb. Trig. Tyr. ,
none,urn:cts:latinLit:phi2331.phi025.perseus-lat1,none,Latin,Perseus:text:2008.01.0510:work=25,Scriptores historiae Augustae,Divus Claudius,HA Claud. ; Hist. Aug. Claud. ; SHA Claud.; Treb. Claud. ; Treb. Claud. ; Treb. Pol. Claud. ; Treb. Poll. Claud. ; Trebell. Claud.,
none,urn:cts:latinLit:phi2331.phi026.perseus-lat1,none,Latin,Perseus:text:2008.01.0510:work=26,Scriptores historiae Augustae,Divus Aurelianus,SHA Aurel.; HA Aur.; Hist. Aug. Aur.; Vopisc. Aurel. ; Vop. Aur. ; Vop. Aurel.,
none,urn:cts:latinLit:phi2331.phi027.perseus-lat1,none,Latin,Perseus:text:2008.01.0510:work=27,Scriptores historiae Augustae,Tacitus,HA Tac. ; SHA Tac. ; Hist. Aug. Tac. ; Vop.Tacit. ; Vopisc.Tac.,
none,urn:cts:latinLit:phi2331.phi028.perseus-lat1,none,Latin,Perseus:text:2008.01.0510:work=28,Scriptores historiae Augustae,Probus,SHA Prob.; HA. Prob.; Hist. Aug. Prob.; Vop.Prob.; Vopisc.Prob.,
none,urn:cts:latinLit:phi2331.phi029.perseus-lat1,none,Latin,Perseus:text:2008.01.0510:work=29,Scriptores historiae Augustae,"Firmus Saturninus, Proculus et Bonosus",SHA Quadr. Tyr.; HA Quadr. Tyr.; Hist. Aug. Quadr. Tyr. ; Vopisc.Firm.; Hist. Aug. Firm. Saturn. Procul. Bon. ; Vopisc. Firm. ;  Vop. Sat. ; Vop. Saturn. ; Vopisc. Saturn. ; Vop. Proc. ; Vop. Procul. ; Vop. Bonos.,
none,urn:cts:latinLit:phi2331.phi030.perseus-lat1,none,Latin,Perseus:text:2008.01.0510:work=30,Scriptores historiae Augustae,Carus et Carinus et Numerianus,HA Car. Carin. Num.; SHA Car.; Vop.Carus; Hist. Aug. Car. Carin. Num.; Vop. Car.; Vop. Carin.,
"Perseus:abo:phi,2349,005",urn:cts:latinLit:phi2349.phi005.perseus-lat1,Serv. A.,Latin,Perseus:text:1999.02.0053,Maurus Servius Honoratus,Commentary on the Aeneid of Vergil,Serv. ad Verg. A. ; Serv. ad Verg. Aen. ; Serv. Verg. A. ; Serv. Verg. Aen.,
"Perseus:abo:phi,2349,006",urn:cts:latinLit:phi2349.phi006.perseus-lat1,Serv. Ecl.,Latin,Perseus:text:2007.01.0091,Maurus Servius Honoratus,Commentary on the Eclogues of Vergil,Serv. ad Verg. E. ; Serv. Verg. E.,
"Perseus:abo:phi,2349,007",urn:cts:latinLit:phi2349.phi007.perseus-lat1 ,Serv. G.,Latin,Perseus:text:2007.01.0092,Maurus Servius Honoratus,Commentary on the Georgics of Vergil,Serv. ad Verg. G. ; Serv. Verg. G.,
"Perseus:abo:stoa,0023,001",urn:cts:latinLit:stoa0023.stoa001.perseus-eng1,Amm.,English,Perseus:text:2007.01.0082,Ammianus Marcellinus,Rerum Gestarum,,
"Perseus:abo:stoa,0023,001",urn:cts:latinLit:stoa0023.stoa001.perseus-lat1,Amm.,Latin,Perseus:text:2007.01.0081,Ammianus Marcellinus,Rerum Gestarum,,
none,urn:cts:latinLit:stoa0040.stoa011.perseus-lat1,August. Ep.,Latin,Perseus:text:2008.01.0552,Augustine,Epistulae. Selections.,Aug. Ep.,
none,urn:cts:latinLit:stoa0045.stoa001.perseus-lat1,Aus. Biss.,Latin,Perseus:text:2008.01.0603,Ausonius,De Bissula,Auson. Biss. ; Aus. Biss.  ;  Aus. Edyll. 7 ;  Aus. Idyll. 7,
none,urn:cts:latinLit:stoa0045.stoa002.perseus-lat1,Aus. Caes.,Latin,Perseus:text:2008.01.0604,Ausonius,Ausonii de XII Caesaribus per Suetonium Tranquillum scriptis,Auson. Caes. ; Aus. de XII. Caes,
none,urn:cts:latinLit:stoa0045.stoa003.perseus-lat1,Aus. Cent. Nupt.,Latin,Perseus:text:2008.01.0605,Ausonius,Cento Nuptialis,Auson. Cent. Nupt. ;  Aus. Edyll. 13 ; Aus. Idyll. 13,
none,urn:cts:latinLit:stoa0045.stoa004.perseus-lat1,Aus. Prof.,Latin,Perseus:text:2008.01.0606,Ausonius,Commemoratio professorum Burdigalensium,Auson. Prof. ; Auson. Prof. Burd.,
none,urn:cts:latinLit:stoa0045.stoa005.perseus-lat1,Aus. Cup. Cruc.,Latin,Perseus:text:2008.01.0607,Ausonius,Cupido cruciatur,Auson. Cup. Cruc. ;  Aus. Edyll. 6 ; Aus. Idyll. 6,
none,urn:cts:latinLit:stoa0045.stoa006.perseus-lat1,Aus. Idyll. 3,Latin,Perseus:text:2008.01.0608,Ausonius,De Herediolo,Auson. Idyll. 3 ; Aus. Edyll. 3 ; Aus. Idyl. 3,
none,urn:cts:latinLit:stoa0045.stoa007.perseus-lat1,Aus. Ecl. 13,Latin,Perseus:text:2008.01.0609,Ausonius,Eclogarum Liber,"Auson. Ecl. 13 ; Auson. Ecl;  Aus. Eclog   ; Aus. Idyll. 15 ; Aus. Idyll. 16 ; Aus. Idyll. 17 ; Aus. Idyll. 18 ; Aus. Idyll. 19 ;Aus. Idyll. 19a
",
none,urn:cts:latinLit:stoa0045.stoa008.perseus-lat1,Aus. Ephem.,Latin,Perseus:text:2008.01.0610,Ausonius,Ephemeris id est totius diei negotium,Auson. Ephem. ; Aus. Eph.,
none,urn:cts:latinLit:stoa0045.stoa009.perseus-lat1,Aus. Idyll. 2,Latin,Perseus:text:2008.01.0611,Ausonius,Epicedion in Patrem,Auson. Idyll. 2 ; Aus. Idyll. 2  ; Aus. Edyll. 2,
none,urn:cts:latinLit:stoa0045.stoa010.perseus-lat1,Aus. Epigr.,Latin,Perseus:text:2008.01.0612,Ausonius,Epigrammata Ausonii de diversis rebus,Auson. Epigr.,
none,urn:cts:latinLit:stoa0045.stoa014.perseus-lat1,Aus. Grat.,Latin,Perseus:text:2008.01.0615,Ausonius,Ausonii Burdigalensis Vasatis Gratiarum Actio Ad Grati Angratianum Imperatorem Pro Consulatu,Auson. Grat. Act.;  Aus. Grat. Act. ; Aus. Pan. Grat. Act. ; Auson. Grat. Act.,
none,urn:cts:latinLit:stoa0045.stoa015.perseus-lat1,Aus. Griph.,Latin,Perseus:text:2008.01.0616,Ausonius,Griphus Ternarii numeri,Auson. Griph. ; Aus. Edyll. 11 ; Aus. Idyll. 11 ; Auson. Idyl. 11,
none,urn:cts:latinLit:stoa0045.stoa016.perseus-lat1,Aus. Idyll. 4,Latin,Perseus:text:2008.01.0627,Ausonius,"Epistularum, Liber Protrepticus ad Nepotem",Auson. Idyll. 4 ; Aus. Edyll. 4  ; Aus. Idyll. 4,
none,urn:cts:latinLit:stoa0045.stoa017.perseus-lat1,Aus. Fast.,Latin,Perseus:text:2008.01.0617,Ausonius,Libri de Fastis conclusio,Auson. Fast.,
none,urn:cts:latinLit:stoa0045.stoa018.perseus-lat1,Aus. Sap.,Latin,Perseus:text:2008.01.0618,Ausonius,Ludus Septem Sapientum,Auson. Sap.,
none,urn:cts:latinLit:stoa0045.stoa019.perseus-lat1,Aus. Mos.,Latin,Perseus:text:2008.01.0619,Ausonius,Mosella,Auson. Mos.,
none,urn:cts:latinLit:stoa0045.stoa020.perseus-lat1,Aus. Orat.,Latin,Perseus:text:2008.01.0620,Ausonius,Oratio Consulis Ausonii Versibus Rhopalicis,Auson. Orat.,
none,urn:cts:latinLit:stoa0045.stoa021.perseus-lat1,Aus. Urb.,Latin,Perseus:text:2008.01.0621,Ausonius,Ordo Urbium Nobilium,Auson. Urb. ; Auson. Ordo nob. urb.,
none,urn:cts:latinLit:stoa0045.stoa022.perseus-lat1,Aus. Par.,Latin,Perseus:text:2008.01.0622,Ausonius,Parentalia,Auson. Par.,
none,urn:cts:latinLit:stoa0045.stoa025.perseus-lat1,Aus. Praef.,Latin,Perseus:text:2008.01.0628,Ausonius,Praefatiunculae,Auson. Praef.,
none,urn:cts:latinLit:stoa0045.stoa026.perseus-lat1,Aus. Idyll. 8 [or 9],Latin,Perseus:text:2008.01.0623,Ausonius,Precationes,Auson. Idyll. 8 [or 9],
none,urn:cts:latinLit:stoa0045.stoa027.perseus-lat1,Aus. Idyll. 1,Latin,Perseus:text:2008.01.0624,Ausonius,Versus Paschales Pro Augusto Dicti,Auson. Idyll. 1,
none,urn:cts:latinLit:stoa0045.stoa028.perseus-lat1,Aus. Tech. 8,Latin,Perseus:text:2008.01.0625,Ausonius,Technopaegnion,Auson. Tech. 8 ; Auson. Technop.,
none,urn:cts:latinLit:stoa0058.stoa001.perseus-eng1,Boe. Cons.,English,Perseus:text:1999.02.0122,Boethius,Consolatio Philosophiae,Boëth. Consol. Phil.  ; Boëth. Cons. Phil.,
none,urn:cts:latinLit:stoa0058.stoa001.perseus-lat1,Boe. Cons.,Latin,Perseus:text:1999.02.0121,Boethius,Consolatio Philosophiae,Boëth. Consol. Phil.  ; Boëth. Cons. Phil.,
none,urn:cts:latinLit:stoa0058.stoa001.perseus-lat2,Boe. Cons.,Latin,Perseus:text:2008.01.0678,Boethius,De consolatione philosophiae,Boëth. Consol. Phil.  ; Boëth. Cons. Phil.,
none,urn:cts:latinLit:stoa0058.stoa003.perseus-lat1,Boeth. Duab. Nat.,Latin,Perseus:text:2008.01.0681,Boethius,Quomodo Substantiae in Eo Quod Sint Bonae Sint Cum Non Sint Substanialia Bona,,
none,urn:cts:latinLit:stoa0058.stoa006.perseus-lat1,none,Latin,Perseus:text:2008.01.0682,Boethius,De Fide Catholica,,
none,urn:cts:latinLit:stoa0058.stoa023.perseus-lat1,none,Latin,Perseus:text:2008.01.0677,Boethius,Liber De Persona et Duabus Naturis Contra Eutychen Et Nestorium,,
none,urn:cts:latinLit:stoa0058.stoa025.perseus-lat1,none,Latin,Perseus:text:2008.01.0680,Boethius,Quomodo Trinitas Unus Deus Ac Non Tres Dii (De Trinitate),,
none,urn:cts:latinLit:stoa0089.stoa001.perseus-lat1,Claud. ,Latin,Perseus:text:2008.01.0693,Claudianus,Carminum minorum corpusculum,Claud. Laud. Ser. ; Claud. Laud. Stil. ; Claud. L. Stil.,
none,urn:cts:latinLit:stoa0089.stoa002.perseus-lat1,none,Latin,Perseus:text:2008.01.0698,Claudianus,de bello Gildonico,Claud. B Gild. ; Claud. Bell. Gild.,
none,urn:cts:latinLit:stoa0089.stoa003.perseus-lat1,none,Latin,Perseus:text:2008.01.0690,Claudianus,de Bello Gothico,Claud. B. Get. ; Claud. Bell. Get.,
none,urn:cts:latinLit:stoa0089.stoa004.perseus-lat1,none,Latin,Perseus:text:2008.01.0684,Claudianus,De consulatu Stilichonis,Claud. Cons. Stil. ; Claud. II. Cons. Stil. ; Claud. I. Cons. Stil.,
none,urn:cts:latinLit:stoa0089.stoa005.perseus-lat1,none,Latin,Perseus:text:2008.01.0685,Claudianus,de raptu Proserpinae,Claud. Rapt. Pros.,
none,urn:cts:latinLit:stoa0089.stoa006.perseus-lat1,none,Latin,Perseus:text:2008.01.0691,Claudianus,Epithalamium de nuptiis Honorii Augusti,Claud. Epith.,
none,urn:cts:latinLit:stoa0089.stoa007,none,Latin,Perseus:text:2008.01.0686,Claudianus,Fescinnina de nuptiis Honorii Augusti,Claud. Nupt. Hon. et. Mar. ; Claud. Fesc.,
none,urn:cts:latinLit:stoa0089.stoa008.perseus-lat1,none,Latin,Perseus:text:2008.01.0689,Claudianus,In Eutropium,Claud. in. Eutr. ; Claud. Eutr.,
none,urn:cts:latinLit:stoa0089.stoa009.perseus-lat1,none,Latin,Perseus:text:2008.01.0697,Claudianus,In Rufinum,Claud. in Rufin. ; Claud. Ruf.,
none,urn:cts:latinLit:stoa0089.stoa010.perseus-lat1,none,Latin,Perseus:text:2008.01.0696,Claudianus,Panegyricus de tertio consulatu Honorii Augusti,Claud. III. Cons. Hon. ; Claud. Cons. Hon.,
none,urn:cts:latinLit:stoa0089.stoa011.perseus-lat1,none,Latin,Perseus:text:2008.01.0695,Claudianus,Panegyricus de quarto consulatu Honorii Augusti,Claud. IV. Cons. Hon. ; Claud. Cons. Honor.  5,
none,urn:cts:latinLit:stoa0089.stoa012.perseus-lat1,none,Latin,Perseus:text:2008.01.0687,Claudianus,Panegyricus de sexto consulatu Honorii Augusti,Claud. VI. Cons. Hon.,
none,urn:cts:latinLit:stoa0089.stoa013.perseus-lat1,none,Latin,Perseus:text:2008.01.0692,Claudianus,Panegyricus dictus Manlio Theodoro consuli,Claud. Cons. Mall. Theod. ; Claud. de Cons. Mall. ; Claud. Mall. Theod. ; Claud. M. Theod,
none,urn:cts:latinLit:stoa0089.stoa014.perseus-lat1,none,Latin,Perseus:text:2008.01.0694,Claudianus,Panegyricus dictus Probino et Olybrio consulibus,Claud. Cons. Olyb. Et. Prob. ; Claud. Prob. et Olybr. ,
none,urn:cts:latinLit:stoa0162.stoa004.perseus-lat1,Jer. Ep.,Latin,Perseus:text:2008.01.0566,Jerome,Epistulae. Selections.,Hier. Ep.,
none,urn:cts:latinLit:stoa0203.stoa001.perseus-lat1,Minuc. Oct.,Latin,Perseus:text:2008.01.0569,Minucius Felix,Octavius,Min. Fel. Oct.,
none,urn:cts:latinLit:stoa0238.stoa001.perseus-lat1,Prud. Peri.,Latin,Perseus:text:2008.01.0559,Prudentius,Peristephanon Liber,Prudent. Perist.,
none,urn:cts:latinLit:stoa0238.stoa002.perseus-lat1,Prud. Psych.,Latin,Perseus:text:2008.01.0557,Prudentius,Psychomachia,Prudent. Psych.,
none,urn:cts:latinLit:stoa0238.stoa003.perseus-lat1,Prud. Praef.,Latin,Perseus:text:2008.01.0553,Prudentius,Praefatio,Prudent. Praef. ; Prud.  Praef. ; Prud. Psych. Praef.,
none,urn:cts:latinLit:stoa0238.stoa004.perseus-lat1,Prud. Cath.,Latin,Perseus:text:2008.01.0554,Prudentius,Cathemerina,Prudent. Cath. ; Prud. Hymn.,
none,urn:cts:latinLit:stoa0238.stoa005.perseus-lat1,Prud. Apoth.,Latin,Perseus:text:2008.01.0555,Prudentius,Apotheosis,Prudent. Apoth.,
none,urn:cts:latinLit:stoa0238.stoa006.perseus-lat1,Prud. Harm.,Latin,Perseus:text:2008.01.0556,Prudentius,Hamartigenia,Prudent. Harm. ; Prud. Ham. ; Prud. Hamart.,
none,urn:cts:latinLit:stoa0238.stoa007.perseus-lat1,Prud. Contr. Sym.,Latin,Perseus:text:2008.01.0558,Prudentius,Contra Symmachum,Prudent. Contr. Sym. ; Prud. c. Symm. ; Prud. adv. Symm. ;  Prud. Symm. ; Prud. contr. Symm.,
none,urn:cts:latinLit:stoa0238.stoa008.perseus-lat1,Prud. Ditto.,Latin,Perseus:text:2008.01.0560,Prudentius,Dittochaeon,Prudent. Ditto. ; Prud. Dipt. ; Prud. Ditt.,
none,urn:cts:latinLit:stoa0238.stoa009.perseus-lat1,Prud. Epil.,Latin,Perseus:text:2008.01.0561,Prudentius,Epilogus,Prudent. Epil.,
none,urn:cts:latinLit:stoa0255.stoa004.perseus-lat1,Sen. Brev. Vit.,Latin,Perseus:text:2007.01.0016,"Seneca, Lucius Annaeus",De Brevitate Vitae,,
none,urn:cts:latinLit:stoa0255.stoa006.perseus-lat1,Sen. Cons. Helv.,Latin,Perseus:text:2007.01.0017,"Seneca, Lucius Annaeus",De Consolatione ad Helvium,Sen. Helv. ;  Sen. ad Helv. ;  Sen. Cons. ad Helv,
none,urn:cts:latinLit:stoa0255.stoa007.perseus-lat1,Sen. Cons. Marc.,Latin,Perseus:text:2007.01.0018,"Seneca, Lucius Annaeus",De Consolatione ad Marciam,Sen. Consol. ad Marc. ; Sen. Cons. ad Marc.,
none,urn:cts:latinLit:stoa0255.stoa008.perseus-lat1,Sen. Cons. Polyb.,Latin,Perseus:text:2007.01.0019,"Seneca, Lucius Annaeus",De Consolatione ad Polybium,Sen. Cons. ad Polyb.,
none,urn:cts:latinLit:stoa0255.stoa009.perseus-lat1,Sen. Const.,Latin,Perseus:text:2007.01.0013,"Seneca, Lucius Annaeus",De Constantia,Sen. Constant.,
none,urn:cts:latinLit:stoa0255.stoa010.perseus-lat1,Sen. Ira,Latin,Perseus:text:2007.01.0014,"Seneca, Lucius Annaeus",De Ira,Sen. de Ira,
none,urn:cts:latinLit:stoa0255.stoa011.perseus-lat1,Sen. Ot. Sap.,Latin,Perseus:text:2007.01.0020,"Seneca, Lucius Annaeus",De Otio,Ot. Sap.,
none,urn:cts:latinLit:stoa0255.stoa012.perseus-lat1,Sen. Prov.,Latin,Perseus:text:2007.01.0012,"Seneca, Lucius Annaeus",De Providentia,Sen. de Prov,
none,urn:cts:latinLit:stoa0255.stoa013.perseus-lat1,Sen. Tranq.,Latin,Perseus:text:2007.01.0021,"Seneca, Lucius Annaeus",De Tranquillitate Animi,,
none,urn:cts:latinLit:stoa0255.stoa014.perseus-lat1,Sen. Vit. Beat.,Latin,Perseus:text:2007.01.0022,"Seneca, Lucius Annaeus",De Vita Beata,Sen. de Vit. Beat.,
none,urn:cts:latinLit:stoa0261.stoa0001.perseus-lat1,Sid. Carm.,Latin,Perseus:text:2008.01.0551,Sidonius Apollinaris,Carmina,,
none,urn:cts:latinLit:stoa0261.stoa0002.perseus-lat1,Sid. Ep.,Latin,Perseus:text:2008.01.0549,Sidonius Apollinaris,"Epistulae, Books I-IX",,
none,urn:cts:latinLit:stoa0261.stoa0002.perseus-lat2,Sid. Ep.,Latin,Perseus:text:2008.01.0550,Sidonius Apollinaris,"Epistulae, Books VIII-IX",,
none,urn:cts:latinLit:stoa0275.stoa009.perseus-lat1,Tert. Apol.,Latin,Perseus:text:2008.01.0570,Tertullian,Apologeticum,,
none,urn:cts:latinLit:stoa0275.stoa027.perseus-lat1,Tert. Spect.,Latin,Perseus:text:2008.01.0571,Theocritus,De Spectaculis,,
,,,,,,,,
,,,,,,,,
,,,,,,,,
,,,,,,,,
,,,,,,,,
,,,,,,,,
,,,,,,,,
,,,,,,,,
,,,,,,,,
,,,,,,,,
,,,,,,,,
,,,,,,,,
,,,,,,,,
,,,,,,,,
,,,,,,,,
,,,,,,,,
,,,,,,,,
,,,,,,,,
,,,,,,,,
,,,,,,,,
,,,,,,,,
,,,,,,,,
,,,,,,,,"Abbreviation has been Hist. Aug., Scr. Hist. Aug., HA,  SHA (modern usage). 19th century the presume author name plus work title seems most prominent in the P4 corpus."
,,,,,,,,
,,,,,,,,
,,,,,,,,
,,,,,,,,
,,,,,,,,
,,,,,,,,
,,,,,,,,
,,,,,,,,
,,,,,,,,
,,,,,,,,
,,,,,,,,
,,,,,,,,
,,,,,,,,
,,,,,,,,
,,,,,,,,
,,,,,,,,
,,,,,,,,
,,,,,,,,
,,,,,,,,
,,,,,,,,
,,,,,,,,
,,,,,,,,
,,,,,,,,
,,,,,,,,
,,,,,,,,
,,,,,,,,
,,,,,,,,
,,,,,,,,
,,,,,,,,
,,,,,,,,
,,,,,,,,
,,,,,,,,
,,,,,,,,
,,,,,,,,
,,,,,,,,
,,,,,,,,
,,,,,,,,
,,,,,,,,
,,,,,,,,
,,,,,,,,
,,,,,,,,
,,,,,,,,
,,,,,,,,
,,,,,,,,
,,,,,,,,
,,,,,,,,
,,,,,,,,
,,,,,,,,
,,,,,,,,
,,,,,,,,
,,,,,,,,
,,,,,,,,
,,,,,,,,
,,,,,,,,
,,,,,,,,
,,,,,,,,
,,,,,,,,
,,,,,,,,
,,,,,,,,
,,,,,,,,
,,,,,,,,
,,,,,,,,NEVER PUBLISHED
,,,,,,,,
,,,,,,,,
,,,,,,,,NEVER PUBLISHED